# Diversion and return flows, cfs. One row per day of a generic (non-leap) year.
# Read by scripts/externalRules/DiversionFromCSV.py
#
# Column headers are ResSim element names. A positive number takes water out of the
# network, a negative number puts it back, so the Return columns are negative.
#
# GENERATED from data/daily_diversions_returns_ALT.csv by
# scripts/externalRules/_offline_tests/build_DiversionConfig.py
# Do not edit by hand -- rerun that script instead.
#
# The source holds one value per MONTH, repeated across every day of that month.
# It is written out day by day only to match the layout the other config files use.
Month,Day,Diversion 1 down,Diversion 1 up,Diversion 2,Diversion 3,Diversion 4,Diversion 5,Diversion 6,Diversion 7,Diversion 8,Diversion 9,Diversion 10,Diversion 11,Diversion 12,Diversion 13,Diversion 14,Diversion 15,Return 1 down,Return 1 up,Return 2,Return 3,Return 4,Return 5,Return 6,Return 7,Return 8,Return 9,Return 10,Return 11,Return 12,Return 13,Return 14,Return 15
1,1,0,0,0,0,0,0,0,0,0,0,0,0,0,0,0,0,-14,-4,-1,-1,-2,-2,-2,-1,-1,0,0,-1,0,0,0,0
1,2,0,0,0,0,0,0,0,0,0,0,0,0,0,0,0,0,-14,-4,-1,-1,-2,-2,-2,-1,-1,0,0,-1,0,0,0,0
1,3,0,0,0,0,0,0,0,0,0,0,0,0,0,0,0,0,-14,-4,-1,-1,-2,-2,-2,-1,-1,0,0,-1,0,0,0,0
1,4,0,0,0,0,0,0,0,0,0,0,0,0,0,0,0,0,-14,-4,-1,-1,-2,-2,-2,-1,-1,0,0,-1,0,0,0,0
1,5,0,0,0,0,0,0,0,0,0,0,0,0,0,0,0,0,-14,-4,-1,-1,-2,-2,-2,-1,-1,0,0,-1,0,0,0,0
1,6,0,0,0,0,0,0,0,0,0,0,0,0,0,0,0,0,-14,-4,-1,-1,-2,-2,-2,-1,-1,0,0,-1,0,0,0,0
1,7,0,0,0,0,0,0,0,0,0,0,0,0,0,0,0,0,-14,-4,-1,-1,-2,-2,-2,-1,-1,0,0,-1,0,0,0,0
1,8,0,0,0,0,0,0,0,0,0,0,0,0,0,0,0,0,-14,-4,-1,-1,-2,-2,-2,-1,-1,0,0,-1,0,0,0,0
1,9,0,0,0,0,0,0,0,0,0,0,0,0,0,0,0,0,-14,-4,-1,-1,-2,-2,-2,-1,-1,0,0,-1,0,0,0,0
1,10,0,0,0,0,0,0,0,0,0,0,0,0,0,0,0,0,-14,-4,-1,-1,-2,-2,-2,-1,-1,0,0,-1,0,0,0,0
1,11,0,0,0,0,0,0,0,0,0,0,0,0,0,0,0,0,-14,-4,-1,-1,-2,-2,-2,-1,-1,0,0,-1,0,0,0,0
1,12,0,0,0,0,0,0,0,0,0,0,0,0,0,0,0,0,-14,-4,-1,-1,-2,-2,-2,-1,-1,0,0,-1,0,0,0,0
1,13,0,0,0,0,0,0,0,0,0,0,0,0,0,0,0,0,-14,-4,-1,-1,-2,-2,-2,-1,-1,0,0,-1,0,0,0,0
1,14,0,0,0,0,0,0,0,0,0,0,0,0,0,0,0,0,-14,-4,-1,-1,-2,-2,-2,-1,-1,0,0,-1,0,0,0,0
1,15,0,0,0,0,0,0,0,0,0,0,0,0,0,0,0,0,-14,-4,-1,-1,-2,-2,-2,-1,-1,0,0,-1,0,0,0,0
1,16,0,0,0,0,0,0,0,0,0,0,0,0,0,0,0,0,-14,-4,-1,-1,-2,-2,-2,-1,-1,0,0,-1,0,0,0,0
1,17,0,0,0,0,0,0,0,0,0,0,0,0,0,0,0,0,-14,-4,-1,-1,-2,-2,-2,-1,-1,0,0,-1,0,0,0,0
1,18,0,0,0,0,0,0,0,0,0,0,0,0,0,0,0,0,-14,-4,-1,-1,-2,-2,-2,-1,-1,0,0,-1,0,0,0,0
1,19,0,0,0,0,0,0,0,0,0,0,0,0,0,0,0,0,-14,-4,-1,-1,-2,-2,-2,-1,-1,0,0,-1,0,0,0,0
1,20,0,0,0,0,0,0,0,0,0,0,0,0,0,0,0,0,-14,-4,-1,-1,-2,-2,-2,-1,-1,0,0,-1,0,0,0,0
1,21,0,0,0,0,0,0,0,0,0,0,0,0,0,0,0,0,-14,-4,-1,-1,-2,-2,-2,-1,-1,0,0,-1,0,0,0,0
1,22,0,0,0,0,0,0,0,0,0,0,0,0,0,0,0,0,-14,-4,-1,-1,-2,-2,-2,-1,-1,0,0,-1,0,0,0,0
1,23,0,0,0,0,0,0,0,0,0,0,0,0,0,0,0,0,-14,-4,-1,-1,-2,-2,-2,-1,-1,0,0,-1,0,0,0,0
1,24,0,0,0,0,0,0,0,0,0,0,0,0,0,0,0,0,-14,-4,-1,-1,-2,-2,-2,-1,-1,0,0,-1,0,0,0,0
1,25,0,0,0,0,0,0,0,0,0,0,0,0,0,0,0,0,-14,-4,-1,-1,-2,-2,-2,-1,-1,0,0,-1,0,0,0,0
1,26,0,0,0,0,0,0,0,0,0,0,0,0,0,0,0,0,-14,-4,-1,-1,-2,-2,-2,-1,-1,0,0,-1,0,0,0,0
1,27,0,0,0,0,0,0,0,0,0,0,0,0,0,0,0,0,-14,-4,-1,-1,-2,-2,-2,-1,-1,0,0,-1,0,0,0,0
1,28,0,0,0,0,0,0,0,0,0,0,0,0,0,0,0,0,-14,-4,-1,-1,-2,-2,-2,-1,-1,0,0,-1,0,0,0,0
1,29,0,0,0,0,0,0,0,0,0,0,0,0,0,0,0,0,-14,-4,-1,-1,-2,-2,-2,-1,-1,0,0,-1,0,0,0,0
1,30,0,0,0,0,0,0,0,0,0,0,0,0,0,0,0,0,-14,-4,-1,-1,-2,-2,-2,-1,-1,0,0,-1,0,0,0,0
1,31,0,0,0,0,0,0,0,0,0,0,0,0,0,0,0,0,-14,-4,-1,-1,-2,-2,-2,-1,-1,0,0,-1,0,0,0,0
2,1,0,0,0,0,0,0,0,0,0,0,0,0,0,0,0,0,-14,-4,-1,-1,-2,-2,-2,-1,-1,0,0,-1,0,0,0,0
2,2,0,0,0,0,0,0,0,0,0,0,0,0,0,0,0,0,-14,-4,-1,-1,-2,-2,-2,-1,-1,0,0,-1,0,0,0,0
2,3,0,0,0,0,0,0,0,0,0,0,0,0,0,0,0,0,-14,-4,-1,-1,-2,-2,-2,-1,-1,0,0,-1,0,0,0,0
2,4,0,0,0,0,0,0,0,0,0,0,0,0,0,0,0,0,-14,-4,-1,-1,-2,-2,-2,-1,-1,0,0,-1,0,0,0,0
2,5,0,0,0,0,0,0,0,0,0,0,0,0,0,0,0,0,-14,-4,-1,-1,-2,-2,-2,-1,-1,0,0,-1,0,0,0,0
2,6,0,0,0,0,0,0,0,0,0,0,0,0,0,0,0,0,-14,-4,-1,-1,-2,-2,-2,-1,-1,0,0,-1,0,0,0,0
2,7,0,0,0,0,0,0,0,0,0,0,0,0,0,0,0,0,-14,-4,-1,-1,-2,-2,-2,-1,-1,0,0,-1,0,0,0,0
2,8,0,0,0,0,0,0,0,0,0,0,0,0,0,0,0,0,-14,-4,-1,-1,-2,-2,-2,-1,-1,0,0,-1,0,0,0,0
2,9,0,0,0,0,0,0,0,0,0,0,0,0,0,0,0,0,-14,-4,-1,-1,-2,-2,-2,-1,-1,0,0,-1,0,0,0,0
2,10,0,0,0,0,0,0,0,0,0,0,0,0,0,0,0,0,-14,-4,-1,-1,-2,-2,-2,-1,-1,0,0,-1,0,0,0,0
2,11,0,0,0,0,0,0,0,0,0,0,0,0,0,0,0,0,-14,-4,-1,-1,-2,-2,-2,-1,-1,0,0,-1,0,0,0,0
2,12,0,0,0,0,0,0,0,0,0,0,0,0,0,0,0,0,-14,-4,-1,-1,-2,-2,-2,-1,-1,0,0,-1,0,0,0,0
2,13,0,0,0,0,0,0,0,0,0,0,0,0,0,0,0,0,-14,-4,-1,-1,-2,-2,-2,-1,-1,0,0,-1,0,0,0,0
2,14,0,0,0,0,0,0,0,0,0,0,0,0,0,0,0,0,-14,-4,-1,-1,-2,-2,-2,-1,-1,0,0,-1,0,0,0,0
2,15,0,0,0,0,0,0,0,0,0,0,0,0,0,0,0,0,-14,-4,-1,-1,-2,-2,-2,-1,-1,0,0,-1,0,0,0,0
2,16,0,0,0,0,0,0,0,0,0,0,0,0,0,0,0,0,-14,-4,-1,-1,-2,-2,-2,-1,-1,0,0,-1,0,0,0,0
2,17,0,0,0,0,0,0,0,0,0,0,0,0,0,0,0,0,-14,-4,-1,-1,-2,-2,-2,-1,-1,0,0,-1,0,0,0,0
2,18,0,0,0,0,0,0,0,0,0,0,0,0,0,0,0,0,-14,-4,-1,-1,-2,-2,-2,-1,-1,0,0,-1,0,0,0,0
2,19,0,0,0,0,0,0,0,0,0,0,0,0,0,0,0,0,-14,-4,-1,-1,-2,-2,-2,-1,-1,0,0,-1,0,0,0,0
2,20,0,0,0,0,0,0,0,0,0,0,0,0,0,0,0,0,-14,-4,-1,-1,-2,-2,-2,-1,-1,0,0,-1,0,0,0,0
2,21,0,0,0,0,0,0,0,0,0,0,0,0,0,0,0,0,-14,-4,-1,-1,-2,-2,-2,-1,-1,0,0,-1,0,0,0,0
2,22,0,0,0,0,0,0,0,0,0,0,0,0,0,0,0,0,-14,-4,-1,-1,-2,-2,-2,-1,-1,0,0,-1,0,0,0,0
2,23,0,0,0,0,0,0,0,0,0,0,0,0,0,0,0,0,-14,-4,-1,-1,-2,-2,-2,-1,-1,0,0,-1,0,0,0,0
2,24,0,0,0,0,0,0,0,0,0,0,0,0,0,0,0,0,-14,-4,-1,-1,-2,-2,-2,-1,-1,0,0,-1,0,0,0,0
2,25,0,0,0,0,0,0,0,0,0,0,0,0,0,0,0,0,-14,-4,-1,-1,-2,-2,-2,-1,-1,0,0,-1,0,0,0,0
2,26,0,0,0,0,0,0,0,0,0,0,0,0,0,0,0,0,-14,-4,-1,-1,-2,-2,-2,-1,-1,0,0,-1,0,0,0,0
2,27,0,0,0,0,0,0,0,0,0,0,0,0,0,0,0,0,-14,-4,-1,-1,-2,-2,-2,-1,-1,0,0,-1,0,0,0,0
2,28,0,0,0,0,0,0,0,0,0,0,0,0,0,0,0,0,-14,-4,-1,-1,-2,-2,-2,-1,-1,0,0,-1,0,0,0,0
3,1,0,0,0,0,0,0,0,0,0,0,0,0,0,0,0,0,-14,-4,-1,-1,-2,-2,-2,-1,-1,0,0,-1,0,0,0,0
3,2,0,0,0,0,0,0,0,0,0,0,0,0,0,0,0,0,-14,-4,-1,-1,-2,-2,-2,-1,-1,0,0,-1,0,0,0,0
3,3,0,0,0,0,0,0,0,0,0,0,0,0,0,0,0,0,-14,-4,-1,-1,-2,-2,-2,-1,-1,0,0,-1,0,0,0,0
3,4,0,0,0,0,0,0,0,0,0,0,0,0,0,0,0,0,-14,-4,-1,-1,-2,-2,-2,-1,-1,0,0,-1,0,0,0,0
3,5,0,0,0,0,0,0,0,0,0,0,0,0,0,0,0,0,-14,-4,-1,-1,-2,-2,-2,-1,-1,0,0,-1,0,0,0,0
3,6,0,0,0,0,0,0,0,0,0,0,0,0,0,0,0,0,-14,-4,-1,-1,-2,-2,-2,-1,-1,0,0,-1,0,0,0,0
3,7,0,0,0,0,0,0,0,0,0,0,0,0,0,0,0,0,-14,-4,-1,-1,-2,-2,-2,-1,-1,0,0,-1,0,0,0,0
3,8,0,0,0,0,0,0,0,0,0,0,0,0,0,0,0,0,-14,-4,-1,-1,-2,-2,-2,-1,-1,0,0,-1,0,0,0,0
3,9,0,0,0,0,0,0,0,0,0,0,0,0,0,0,0,0,-14,-4,-1,-1,-2,-2,-2,-1,-1,0,0,-1,0,0,0,0
3,10,0,0,0,0,0,0,0,0,0,0,0,0,0,0,0,0,-14,-4,-1,-1,-2,-2,-2,-1,-1,0,0,-1,0,0,0,0
3,11,0,0,0,0,0,0,0,0,0,0,0,0,0,0,0,0,-14,-4,-1,-1,-2,-2,-2,-1,-1,0,0,-1,0,0,0,0
3,12,0,0,0,0,0,0,0,0,0,0,0,0,0,0,0,0,-14,-4,-1,-1,-2,-2,-2,-1,-1,0,0,-1,0,0,0,0
3,13,0,0,0,0,0,0,0,0,0,0,0,0,0,0,0,0,-14,-4,-1,-1,-2,-2,-2,-1,-1,0,0,-1,0,0,0,0
3,14,0,0,0,0,0,0,0,0,0,0,0,0,0,0,0,0,-14,-4,-1,-1,-2,-2,-2,-1,-1,0,0,-1,0,0,0,0
3,15,0,0,0,0,0,0,0,0,0,0,0,0,0,0,0,0,-14,-4,-1,-1,-2,-2,-2,-1,-1,0,0,-1,0,0,0,0
3,16,0,0,0,0,0,0,0,0,0,0,0,0,0,0,0,0,-14,-4,-1,-1,-2,-2,-2,-1,-1,0,0,-1,0,0,0,0
3,17,0,0,0,0,0,0,0,0,0,0,0,0,0,0,0,0,-14,-4,-1,-1,-2,-2,-2,-1,-1,0,0,-1,0,0,0,0
3,18,0,0,0,0,0,0,0,0,0,0,0,0,0,0,0,0,-14,-4,-1,-1,-2,-2,-2,-1,-1,0,0,-1,0,0,0,0
3,19,0,0,0,0,0,0,0,0,0,0,0,0,0,0,0,0,-14,-4,-1,-1,-2,-2,-2,-1,-1,0,0,-1,0,0,0,0
3,20,0,0,0,0,0,0,0,0,0,0,0,0,0,0,0,0,-14,-4,-1,-1,-2,-2,-2,-1,-1,0,0,-1,0,0,0,0
3,21,0,0,0,0,0,0,0,0,0,0,0,0,0,0,0,0,-14,-4,-1,-1,-2,-2,-2,-1,-1,0,0,-1,0,0,0,0
3,22,0,0,0,0,0,0,0,0,0,0,0,0,0,0,0,0,-14,-4,-1,-1,-2,-2,-2,-1,-1,0,0,-1,0,0,0,0
3,23,0,0,0,0,0,0,0,0,0,0,0,0,0,0,0,0,-14,-4,-1,-1,-2,-2,-2,-1,-1,0,0,-1,0,0,0,0
3,24,0,0,0,0,0,0,0,0,0,0,0,0,0,0,0,0,-14,-4,-1,-1,-2,-2,-2,-1,-1,0,0,-1,0,0,0,0
3,25,0,0,0,0,0,0,0,0,0,0,0,0,0,0,0,0,-14,-4,-1,-1,-2,-2,-2,-1,-1,0,0,-1,0,0,0,0
3,26,0,0,0,0,0,0,0,0,0,0,0,0,0,0,0,0,-14,-4,-1,-1,-2,-2,-2,-1,-1,0,0,-1,0,0,0,0
3,27,0,0,0,0,0,0,0,0,0,0,0,0,0,0,0,0,-14,-4,-1,-1,-2,-2,-2,-1,-1,0,0,-1,0,0,0,0
3,28,0,0,0,0,0,0,0,0,0,0,0,0,0,0,0,0,-14,-4,-1,-1,-2,-2,-2,-1,-1,0,0,-1,0,0,0,0
3,29,0,0,0,0,0,0,0,0,0,0,0,0,0,0,0,0,-14,-4,-1,-1,-2,-2,-2,-1,-1,0,0,-1,0,0,0,0
3,30,0,0,0,0,0,0,0,0,0,0,0,0,0,0,0,0,-14,-4,-1,-1,-2,-2,-2,-1,-1,0,0,-1,0,0,0,0
3,31,0,0,0,0,0,0,0,0,0,0,0,0,0,0,0,0,-14,-4,-1,-1,-2,-2,-2,-1,-1,0,0,-1,0,0,0,0
4,1,0,0,0,0,0,0,0,0,0,0,0,0,0,0,0,0,-14,-4,-1,-1,-2,-2,-2,-1,-1,0,0,-1,0,0,0,0
4,2,0,0,0,0,0,0,0,0,0,0,0,0,0,0,0,0,-14,-4,-1,-1,-2,-2,-2,-1,-1,0,0,-1,0,0,0,0
4,3,0,0,0,0,0,0,0,0,0,0,0,0,0,0,0,0,-14,-4,-1,-1,-2,-2,-2,-1,-1,0,0,-1,0,0,0,0
4,4,0,0,0,0,0,0,0,0,0,0,0,0,0,0,0,0,-14,-4,-1,-1,-2,-2,-2,-1,-1,0,0,-1,0,0,0,0
4,5,0,0,0,0,0,0,0,0,0,0,0,0,0,0,0,0,-14,-4,-1,-1,-2,-2,-2,-1,-1,0,0,-1,0,0,0,0
4,6,0,0,0,0,0,0,0,0,0,0,0,0,0,0,0,0,-14,-4,-1,-1,-2,-2,-2,-1,-1,0,0,-1,0,0,0,0
4,7,0,0,0,0,0,0,0,0,0,0,0,0,0,0,0,0,-14,-4,-1,-1,-2,-2,-2,-1,-1,0,0,-1,0,0,0,0
4,8,0,0,0,0,0,0,0,0,0,0,0,0,0,0,0,0,-14,-4,-1,-1,-2,-2,-2,-1,-1,0,0,-1,0,0,0,0
4,9,0,0,0,0,0,0,0,0,0,0,0,0,0,0,0,0,-14,-4,-1,-1,-2,-2,-2,-1,-1,0,0,-1,0,0,0,0
4,10,0,0,0,0,0,0,0,0,0,0,0,0,0,0,0,0,-14,-4,-1,-1,-2,-2,-2,-1,-1,0,0,-1,0,0,0,0
4,11,0,0,0,0,0,0,0,0,0,0,0,0,0,0,0,0,-14,-4,-1,-1,-2,-2,-2,-1,-1,0,0,-1,0,0,0,0
4,12,0,0,0,0,0,0,0,0,0,0,0,0,0,0,0,0,-14,-4,-1,-1,-2,-2,-2,-1,-1,0,0,-1,0,0,0,0
4,13,0,0,0,0,0,0,0,0,0,0,0,0,0,0,0,0,-14,-4,-1,-1,-2,-2,-2,-1,-1,0,0,-1,0,0,0,0
4,14,0,0,0,0,0,0,0,0,0,0,0,0,0,0,0,0,-14,-4,-1,-1,-2,-2,-2,-1,-1,0,0,-1,0,0,0,0
4,15,0,0,0,0,0,0,0,0,0,0,0,0,0,0,0,0,-14,-4,-1,-1,-2,-2,-2,-1,-1,0,0,-1,0,0,0,0
4,16,0,0,0,0,0,0,0,0,0,0,0,0,0,0,0,0,-14,-4,-1,-1,-2,-2,-2,-1,-1,0,0,-1,0,0,0,0
4,17,0,0,0,0,0,0,0,0,0,0,0,0,0,0,0,0,-14,-4,-1,-1,-2,-2,-2,-1,-1,0,0,-1,0,0,0,0
4,18,0,0,0,0,0,0,0,0,0,0,0,0,0,0,0,0,-14,-4,-1,-1,-2,-2,-2,-1,-1,0,0,-1,0,0,0,0
4,19,0,0,0,0,0,0,0,0,0,0,0,0,0,0,0,0,-14,-4,-1,-1,-2,-2,-2,-1,-1,0,0,-1,0,0,0,0
4,20,0,0,0,0,0,0,0,0,0,0,0,0,0,0,0,0,-14,-4,-1,-1,-2,-2,-2,-1,-1,0,0,-1,0,0,0,0
4,21,0,0,0,0,0,0,0,0,0,0,0,0,0,0,0,0,-14,-4,-1,-1,-2,-2,-2,-1,-1,0,0,-1,0,0,0,0
4,22,0,0,0,0,0,0,0,0,0,0,0,0,0,0,0,0,-14,-4,-1,-1,-2,-2,-2,-1,-1,0,0,-1,0,0,0,0
4,23,0,0,0,0,0,0,0,0,0,0,0,0,0,0,0,0,-14,-4,-1,-1,-2,-2,-2,-1,-1,0,0,-1,0,0,0,0
4,24,0,0,0,0,0,0,0,0,0,0,0,0,0,0,0,0,-14,-4,-1,-1,-2,-2,-2,-1,-1,0,0,-1,0,0,0,0
4,25,0,0,0,0,0,0,0,0,0,0,0,0,0,0,0,0,-14,-4,-1,-1,-2,-2,-2,-1,-1,0,0,-1,0,0,0,0
4,26,0,0,0,0,0,0,0,0,0,0,0,0,0,0,0,0,-14,-4,-1,-1,-2,-2,-2,-1,-1,0,0,-1,0,0,0,0
4,27,0,0,0,0,0,0,0,0,0,0,0,0,0,0,0,0,-14,-4,-1,-1,-2,-2,-2,-1,-1,0,0,-1,0,0,0,0
4,28,0,0,0,0,0,0,0,0,0,0,0,0,0,0,0,0,-14,-4,-1,-1,-2,-2,-2,-1,-1,0,0,-1,0,0,0,0
4,29,0,0,0,0,0,0,0,0,0,0,0,0,0,0,0,0,-14,-4,-1,-1,-2,-2,-2,-1,-1,0,0,-1,0,0,0,0
4,30,0,0,0,0,0,0,0,0,0,0,0,0,0,0,0,0,-14,-4,-1,-1,-2,-2,-2,-1,-1,0,0,-1,0,0,0,0
5,1,372,54,13,73,28,58,21,21,18,37,4,16,1,3,1,0,-127,-10,-2,-33,-6,-23,-2,-6,-6,-20,0,-2,0,-1,-1,0
5,2,372,54,13,73,28,58,21,21,18,37,4,16,1,3,1,0,-127,-10,-2,-33,-6,-23,-2,-6,-6,-20,0,-2,0,-1,-1,0
5,3,372,54,13,73,28,58,21,21,18,37,4,16,1,3,1,0,-127,-10,-2,-33,-6,-23,-2,-6,-6,-20,0,-2,0,-1,-1,0
5,4,372,54,13,73,28,58,21,21,18,37,4,16,1,3,1,0,-127,-10,-2,-33,-6,-23,-2,-6,-6,-20,0,-2,0,-1,-1,0
5,5,372,54,13,73,28,58,21,21,18,37,4,16,1,3,1,0,-127,-10,-2,-33,-6,-23,-2,-6,-6,-20,0,-2,0,-1,-1,0
5,6,372,54,13,73,28,58,21,21,18,37,4,16,1,3,1,0,-127,-10,-2,-33,-6,-23,-2,-6,-6,-20,0,-2,0,-1,-1,0
5,7,372,54,13,73,28,58,21,21,18,37,4,16,1,3,1,0,-127,-10,-2,-33,-6,-23,-2,-6,-6,-20,0,-2,0,-1,-1,0
5,8,372,54,13,73,28,58,21,21,18,37,4,16,1,3,1,0,-127,-10,-2,-33,-6,-23,-2,-6,-6,-20,0,-2,0,-1,-1,0
5,9,372,54,13,73,28,58,21,21,18,37,4,16,1,3,1,0,-127,-10,-2,-33,-6,-23,-2,-6,-6,-20,0,-2,0,-1,-1,0
5,10,372,54,13,73,28,58,21,21,18,37,4,16,1,3,1,0,-127,-10,-2,-33,-6,-23,-2,-6,-6,-20,0,-2,0,-1,-1,0
5,11,372,54,13,73,28,58,21,21,18,37,4,16,1,3,1,0,-127,-10,-2,-33,-6,-23,-2,-6,-6,-20,0,-2,0,-1,-1,0
5,12,372,54,13,73,28,58,21,21,18,37,4,16,1,3,1,0,-127,-10,-2,-33,-6,-23,-2,-6,-6,-20,0,-2,0,-1,-1,0
5,13,372,54,13,73,28,58,21,21,18,37,4,16,1,3,1,0,-127,-10,-2,-33,-6,-23,-2,-6,-6,-20,0,-2,0,-1,-1,0
5,14,372,54,13,73,28,58,21,21,18,37,4,16,1,3,1,0,-127,-10,-2,-33,-6,-23,-2,-6,-6,-20,0,-2,0,-1,-1,0
5,15,372,54,13,73,28,58,21,21,18,37,4,16,1,3,1,0,-127,-10,-2,-33,-6,-23,-2,-6,-6,-20,0,-2,0,-1,-1,0
5,16,372,54,13,73,28,58,21,21,18,37,4,16,1,3,1,0,-127,-10,-2,-33,-6,-23,-2,-6,-6,-20,0,-2,0,-1,-1,0
5,17,372,54,13,73,28,58,21,21,18,37,4,16,1,3,1,0,-127,-10,-2,-33,-6,-23,-2,-6,-6,-20,0,-2,0,-1,-1,0
5,18,372,54,13,73,28,58,21,21,18,37,4,16,1,3,1,0,-127,-10,-2,-33,-6,-23,-2,-6,-6,-20,0,-2,0,-1,-1,0
5,19,372,54,13,73,28,58,21,21,18,37,4,16,1,3,1,0,-127,-10,-2,-33,-6,-23,-2,-6,-6,-20,0,-2,0,-1,-1,0
5,20,372,54,13,73,28,58,21,21,18,37,4,16,1,3,1,0,-127,-10,-2,-33,-6,-23,-2,-6,-6,-20,0,-2,0,-1,-1,0
5,21,372,54,13,73,28,58,21,21,18,37,4,16,1,3,1,0,-127,-10,-2,-33,-6,-23,-2,-6,-6,-20,0,-2,0,-1,-1,0
5,22,372,54,13,73,28,58,21,21,18,37,4,16,1,3,1,0,-127,-10,-2,-33,-6,-23,-2,-6,-6,-20,0,-2,0,-1,-1,0
5,23,372,54,13,73,28,58,21,21,18,37,4,16,1,3,1,0,-127,-10,-2,-33,-6,-23,-2,-6,-6,-20,0,-2,0,-1,-1,0
5,24,372,54,13,73,28,58,21,21,18,37,4,16,1,3,1,0,-127,-10,-2,-33,-6,-23,-2,-6,-6,-20,0,-2,0,-1,-1,0
5,25,372,54,13,73,28,58,21,21,18,37,4,16,1,3,1,0,-127,-10,-2,-33,-6,-23,-2,-6,-6,-20,0,-2,0,-1,-1,0
5,26,372,54,13,73,28,58,21,21,18,37,4,16,1,3,1,0,-127,-10,-2,-33,-6,-23,-2,-6,-6,-20,0,-2,0,-1,-1,0
5,27,372,54,13,73,28,58,21,21,18,37,4,16,1,3,1,0,-127,-10,-2,-33,-6,-23,-2,-6,-6,-20,0,-2,0,-1,-1,0
5,28,372,54,13,73,28,58,21,21,18,37,4,16,1,3,1,0,-127,-10,-2,-33,-6,-23,-2,-6,-6,-20,0,-2,0,-1,-1,0
5,29,372,54,13,73,28,58,21,21,18,37,4,16,1,3,1,0,-127,-10,-2,-33,-6,-23,-2,-6,-6,-20,0,-2,0,-1,-1,0
5,30,372,54,13,73,28,58,21,21,18,37,4,16,1,3,1,0,-127,-10,-2,-33,-6,-23,-2,-6,-6,-20,0,-2,0,-1,-1,0
5,31,372,54,13,73,28,58,21,21,18,37,4,16,1,3,1,0,-127,-10,-2,-33,-6,-23,-2,-6,-6,-20,0,-2,0,-1,-1,0
6,1,589,101,26,101,50,86,43,36,29,43,8,33,1,6,2,0,-164,-17,-4,-39,-10,-28,-5,-8,-8,-23,-1,-4,0,-1,-1,0
6,2,589,101,26,101,50,86,43,36,29,43,8,33,1,6,2,0,-164,-17,-4,-39,-10,-28,-5,-8,-8,-23,-1,-4,0,-1,-1,0
6,3,589,101,26,101,50,86,43,36,29,43,8,33,1,6,2,0,-164,-17,-4,-39,-10,-28,-5,-8,-8,-23,-1,-4,0,-1,-1,0
6,4,589,101,26,101,50,86,43,36,29,43,8,33,1,6,2,0,-164,-17,-4,-39,-10,-28,-5,-8,-8,-23,-1,-4,0,-1,-1,0
6,5,589,101,26,101,50,86,43,36,29,43,8,33,1,6,2,0,-164,-17,-4,-39,-10,-28,-5,-8,-8,-23,-1,-4,0,-1,-1,0
6,6,589,101,26,101,50,86,43,36,29,43,8,33,1,6,2,0,-164,-17,-4,-39,-10,-28,-5,-8,-8,-23,-1,-4,0,-1,-1,0
6,7,589,101,26,101,50,86,43,36,29,43,8,33,1,6,2,0,-164,-17,-4,-39,-10,-28,-5,-8,-8,-23,-1,-4,0,-1,-1,0
6,8,589,101,26,101,50,86,43,36,29,43,8,33,1,6,2,0,-164,-17,-4,-39,-10,-28,-5,-8,-8,-23,-1,-4,0,-1,-1,0
6,9,589,101,26,101,50,86,43,36,29,43,8,33,1,6,2,0,-164,-17,-4,-39,-10,-28,-5,-8,-8,-23,-1,-4,0,-1,-1,0
6,10,589,101,26,101,50,86,43,36,29,43,8,33,1,6,2,0,-164,-17,-4,-39,-10,-28,-5,-8,-8,-23,-1,-4,0,-1,-1,0
6,11,589,101,26,101,50,86,43,36,29,43,8,33,1,6,2,0,-164,-17,-4,-39,-10,-28,-5,-8,-8,-23,-1,-4,0,-1,-1,0
6,12,589,101,26,101,50,86,43,36,29,43,8,33,1,6,2,0,-164,-17,-4,-39,-10,-28,-5,-8,-8,-23,-1,-4,0,-1,-1,0
6,13,589,101,26,101,50,86,43,36,29,43,8,33,1,6,2,0,-164,-17,-4,-39,-10,-28,-5,-8,-8,-23,-1,-4,0,-1,-1,0
6,14,589,101,26,101,50,86,43,36,29,43,8,33,1,6,2,0,-164,-17,-4,-39,-10,-28,-5,-8,-8,-23,-1,-4,0,-1,-1,0
6,15,589,101,26,101,50,86,43,36,29,43,8,33,1,6,2,0,-164,-17,-4,-39,-10,-28,-5,-8,-8,-23,-1,-4,0,-1,-1,0
6,16,589,101,26,101,50,86,43,36,29,43,8,33,1,6,2,0,-164,-17,-4,-39,-10,-28,-5,-8,-8,-23,-1,-4,0,-1,-1,0
6,17,589,101,26,101,50,86,43,36,29,43,8,33,1,6,2,0,-164,-17,-4,-39,-10,-28,-5,-8,-8,-23,-1,-4,0,-1,-1,0
6,18,589,101,26,101,50,86,43,36,29,43,8,33,1,6,2,0,-164,-17,-4,-39,-10,-28,-5,-8,-8,-23,-1,-4,0,-1,-1,0
6,19,589,101,26,101,50,86,43,36,29,43,8,33,1,6,2,0,-164,-17,-4,-39,-10,-28,-5,-8,-8,-23,-1,-4,0,-1,-1,0
6,20,589,101,26,101,50,86,43,36,29,43,8,33,1,6,2,0,-164,-17,-4,-39,-10,-28,-5,-8,-8,-23,-1,-4,0,-1,-1,0
6,21,589,101,26,101,50,86,43,36,29,43,8,33,1,6,2,0,-164,-17,-4,-39,-10,-28,-5,-8,-8,-23,-1,-4,0,-1,-1,0
6,22,589,101,26,101,50,86,43,36,29,43,8,33,1,6,2,0,-164,-17,-4,-39,-10,-28,-5,-8,-8,-23,-1,-4,0,-1,-1,0
6,23,589,101,26,101,50,86,43,36,29,43,8,33,1,6,2,0,-164,-17,-4,-39,-10,-28,-5,-8,-8,-23,-1,-4,0,-1,-1,0
6,24,589,101,26,101,50,86,43,36,29,43,8,33,1,6,2,0,-164,-17,-4,-39,-10,-28,-5,-8,-8,-23,-1,-4,0,-1,-1,0
6,25,589,101,26,101,50,86,43,36,29,43,8,33,1,6,2,0,-164,-17,-4,-39,-10,-28,-5,-8,-8,-23,-1,-4,0,-1,-1,0
6,26,589,101,26,101,50,86,43,36,29,43,8,33,1,6,2,0,-164,-17,-4,-39,-10,-28,-5,-8,-8,-23,-1,-4,0,-1,-1,0
6,27,589,101,26,101,50,86,43,36,29,43,8,33,1,6,2,0,-164,-17,-4,-39,-10,-28,-5,-8,-8,-23,-1,-4,0,-1,-1,0
6,28,589,101,26,101,50,86,43,36,29,43,8,33,1,6,2,0,-164,-17,-4,-39,-10,-28,-5,-8,-8,-23,-1,-4,0,-1,-1,0
6,29,589,101,26,101,50,86,43,36,29,43,8,33,1,6,2,0,-164,-17,-4,-39,-10,-28,-5,-8,-8,-23,-1,-4,0,-1,-1,0
6,30,589,101,26,101,50,86,43,36,29,43,8,33,1,6,2,0,-164,-17,-4,-39,-10,-28,-5,-8,-8,-23,-1,-4,0,-1,-1,0
7,1,882,158,42,146,77,127,69,54,44,57,12,52,2,9,2,0,-228,-24,-5,-55,-14,-39,-7,-11,-11,-32,-1,-6,-1,-1,-1,0
7,2,882,158,42,146,77,127,69,54,44,57,12,52,2,9,2,0,-228,-24,-5,-55,-14,-39,-7,-11,-11,-32,-1,-6,-1,-1,-1,0
7,3,882,158,42,146,77,127,69,54,44,57,12,52,2,9,2,0,-228,-24,-5,-55,-14,-39,-7,-11,-11,-32,-1,-6,-1,-1,-1,0
7,4,882,158,42,146,77,127,69,54,44,57,12,52,2,9,2,0,-228,-24,-5,-55,-14,-39,-7,-11,-11,-32,-1,-6,-1,-1,-1,0
7,5,882,158,42,146,77,127,69,54,44,57,12,52,2,9,2,0,-228,-24,-5,-55,-14,-39,-7,-11,-11,-32,-1,-6,-1,-1,-1,0
7,6,882,158,42,146,77,127,69,54,44,57,12,52,2,9,2,0,-228,-24,-5,-55,-14,-39,-7,-11,-11,-32,-1,-6,-1,-1,-1,0
7,7,882,158,42,146,77,127,69,54,44,57,12,52,2,9,2,0,-228,-24,-5,-55,-14,-39,-7,-11,-11,-32,-1,-6,-1,-1,-1,0
7,8,882,158,42,146,77,127,69,54,44,57,12,52,2,9,2,0,-228,-24,-5,-55,-14,-39,-7,-11,-11,-32,-1,-6,-1,-1,-1,0
7,9,882,158,42,146,77,127,69,54,44,57,12,52,2,9,2,0,-228,-24,-5,-55,-14,-39,-7,-11,-11,-32,-1,-6,-1,-1,-1,0
7,10,882,158,42,146,77,127,69,54,44,57,12,52,2,9,2,0,-228,-24,-5,-55,-14,-39,-7,-11,-11,-32,-1,-6,-1,-1,-1,0
7,11,882,158,42,146,77,127,69,54,44,57,12,52,2,9,2,0,-228,-24,-5,-55,-14,-39,-7,-11,-11,-32,-1,-6,-1,-1,-1,0
7,12,882,158,42,146,77,127,69,54,44,57,12,52,2,9,2,0,-228,-24,-5,-55,-14,-39,-7,-11,-11,-32,-1,-6,-1,-1,-1,0
7,13,882,158,42,146,77,127,69,54,44,57,12,52,2,9,2,0,-228,-24,-5,-55,-14,-39,-7,-11,-11,-32,-1,-6,-1,-1,-1,0
7,14,882,158,42,146,77,127,69,54,44,57,12,52,2,9,2,0,-228,-24,-5,-55,-14,-39,-7,-11,-11,-32,-1,-6,-1,-1,-1,0
7,15,882,158,42,146,77,127,69,54,44,57,12,52,2,9,2,0,-228,-24,-5,-55,-14,-39,-7,-11,-11,-32,-1,-6,-1,-1,-1,0
7,16,882,158,42,146,77,127,69,54,44,57,12,52,2,9,2,0,-228,-24,-5,-55,-14,-39,-7,-11,-11,-32,-1,-6,-1,-1,-1,0
7,17,882,158,42,146,77,127,69,54,44,57,12,52,2,9,2,0,-228,-24,-5,-55,-14,-39,-7,-11,-11,-32,-1,-6,-1,-1,-1,0
7,18,882,158,42,146,77,127,69,54,44,57,12,52,2,9,2,0,-228,-24,-5,-55,-14,-39,-7,-11,-11,-32,-1,-6,-1,-1,-1,0
7,19,882,158,42,146,77,127,69,54,44,57,12,52,2,9,2,0,-228,-24,-5,-55,-14,-39,-7,-11,-11,-32,-1,-6,-1,-1,-1,0
7,20,882,158,42,146,77,127,69,54,44,57,12,52,2,9,2,0,-228,-24,-5,-55,-14,-39,-7,-11,-11,-32,-1,-6,-1,-1,-1,0
7,21,882,158,42,146,77,127,69,54,44,57,12,52,2,9,2,0,-228,-24,-5,-55,-14,-39,-7,-11,-11,-32,-1,-6,-1,-1,-1,0
7,22,882,158,42,146,77,127,69,54,44,57,12,52,2,9,2,0,-228,-24,-5,-55,-14,-39,-7,-11,-11,-32,-1,-6,-1,-1,-1,0
7,23,882,158,42,146,77,127,69,54,44,57,12,52,2,9,2,0,-228,-24,-5,-55,-14,-39,-7,-11,-11,-32,-1,-6,-1,-1,-1,0
7,24,882,158,42,146,77,127,69,54,44,57,12,52,2,9,2,0,-228,-24,-5,-55,-14,-39,-7,-11,-11,-32,-1,-6,-1,-1,-1,0
7,25,882,158,42,146,77,127,69,54,44,57,12,52,2,9,2,0,-228,-24,-5,-55,-14,-39,-7,-11,-11,-32,-1,-6,-1,-1,-1,0
7,26,882,158,42,146,77,127,69,54,44,57,12,52,2,9,2,0,-228,-24,-5,-55,-14,-39,-7,-11,-11,-32,-1,-6,-1,-1,-1,0
7,27,882,158,42,146,77,127,69,54,44,57,12,52,2,9,2,0,-228,-24,-5,-55,-14,-39,-7,-11,-11,-32,-1,-6,-1,-1,-1,0
7,28,882,158,42,146,77,127,69,54,44,57,12,52,2,9,2,0,-228,-24,-5,-55,-14,-39,-7,-11,-11,-32,-1,-6,-1,-1,-1,0
7,29,882,158,42,146,77,127,69,54,44,57,12,52,2,9,2,0,-228,-24,-5,-55,-14,-39,-7,-11,-11,-32,-1,-6,-1,-1,-1,0
7,30,882,158,42,146,77,127,69,54,44,57,12,52,2,9,2,0,-228,-24,-5,-55,-14,-39,-7,-11,-11,-32,-1,-6,-1,-1,-1,0
7,31,882,158,42,146,77,127,69,54,44,57,12,52,2,9,2,0,-228,-24,-5,-55,-14,-39,-7,-11,-11,-32,-1,-6,-1,-1,-1,0
8,1,772,130,34,136,64,115,55,45,38,59,10,42,2,7,2,0,-235,-25,-5,-57,-14,-40,-8,-12,-11,-33,-1,-6,-1,-1,-1,0
8,2,772,130,34,136,64,115,55,45,38,59,10,42,2,7,2,0,-235,-25,-5,-57,-14,-40,-8,-12,-11,-33,-1,-6,-1,-1,-1,0
8,3,772,130,34,136,64,115,55,45,38,59,10,42,2,7,2,0,-235,-25,-5,-57,-14,-40,-8,-12,-11,-33,-1,-6,-1,-1,-1,0
8,4,772,130,34,136,64,115,55,45,38,59,10,42,2,7,2,0,-235,-25,-5,-57,-14,-40,-8,-12,-11,-33,-1,-6,-1,-1,-1,0
8,5,772,130,34,136,64,115,55,45,38,59,10,42,2,7,2,0,-235,-25,-5,-57,-14,-40,-8,-12,-11,-33,-1,-6,-1,-1,-1,0
8,6,772,130,34,136,64,115,55,45,38,59,10,42,2,7,2,0,-235,-25,-5,-57,-14,-40,-8,-12,-11,-33,-1,-6,-1,-1,-1,0
8,7,772,130,34,136,64,115,55,45,38,59,10,42,2,7,2,0,-235,-25,-5,-57,-14,-40,-8,-12,-11,-33,-1,-6,-1,-1,-1,0
8,8,772,130,34,136,64,115,55,45,38,59,10,42,2,7,2,0,-235,-25,-5,-57,-14,-40,-8,-12,-11,-33,-1,-6,-1,-1,-1,0
8,9,772,130,34,136,64,115,55,45,38,59,10,42,2,7,2,0,-235,-25,-5,-57,-14,-40,-8,-12,-11,-33,-1,-6,-1,-1,-1,0
8,10,772,130,34,136,64,115,55,45,38,59,10,42,2,7,2,0,-235,-25,-5,-57,-14,-40,-8,-12,-11,-33,-1,-6,-1,-1,-1,0
8,11,772,130,34,136,64,115,55,45,38,59,10,42,2,7,2,0,-235,-25,-5,-57,-14,-40,-8,-12,-11,-33,-1,-6,-1,-1,-1,0
8,12,772,130,34,136,64,115,55,45,38,59,10,42,2,7,2,0,-235,-25,-5,-57,-14,-40,-8,-12,-11,-33,-1,-6,-1,-1,-1,0
8,13,772,130,34,136,64,115,55,45,38,59,10,42,2,7,2,0,-235,-25,-5,-57,-14,-40,-8,-12,-11,-33,-1,-6,-1,-1,-1,0
8,14,772,130,34,136,64,115,55,45,38,59,10,42,2,7,2,0,-235,-25,-5,-57,-14,-40,-8,-12,-11,-33,-1,-6,-1,-1,-1,0
8,15,772,130,34,136,64,115,55,45,38,59,10,42,2,7,2,0,-235,-25,-5,-57,-14,-40,-8,-12,-11,-33,-1,-6,-1,-1,-1,0
8,16,772,130,34,136,64,115,55,45,38,59,10,42,2,7,2,0,-235,-25,-5,-57,-14,-40,-8,-12,-11,-33,-1,-6,-1,-1,-1,0
8,17,772,130,34,136,64,115,55,45,38,59,10,42,2,7,2,0,-235,-25,-5,-57,-14,-40,-8,-12,-11,-33,-1,-6,-1,-1,-1,0
8,18,772,130,34,136,64,115,55,45,38,59,10,42,2,7,2,0,-235,-25,-5,-57,-14,-40,-8,-12,-11,-33,-1,-6,-1,-1,-1,0
8,19,772,130,34,136,64,115,55,45,38,59,10,42,2,7,2,0,-235,-25,-5,-57,-14,-40,-8,-12,-11,-33,-1,-6,-1,-1,-1,0
8,20,772,130,34,136,64,115,55,45,38,59,10,42,2,7,2,0,-235,-25,-5,-57,-14,-40,-8,-12,-11,-33,-1,-6,-1,-1,-1,0
8,21,772,130,34,136,64,115,55,45,38,59,10,42,2,7,2,0,-235,-25,-5,-57,-14,-40,-8,-12,-11,-33,-1,-6,-1,-1,-1,0
8,22,772,130,34,136,64,115,55,45,38,59,10,42,2,7,2,0,-235,-25,-5,-57,-14,-40,-8,-12,-11,-33,-1,-6,-1,-1,-1,0
8,23,772,130,34,136,64,115,55,45,38,59,10,42,2,7,2,0,-235,-25,-5,-57,-14,-40,-8,-12,-11,-33,-1,-6,-1,-1,-1,0
8,24,772,130,34,136,64,115,55,45,38,59,10,42,2,7,2,0,-235,-25,-5,-57,-14,-40,-8,-12,-11,-33,-1,-6,-1,-1,-1,0
8,25,772,130,34,136,64,115,55,45,38,59,10,42,2,7,2,0,-235,-25,-5,-57,-14,-40,-8,-12,-11,-33,-1,-6,-1,-1,-1,0
8,26,772,130,34,136,64,115,55,45,38,59,10,42,2,7,2,0,-235,-25,-5,-57,-14,-40,-8,-12,-11,-33,-1,-6,-1,-1,-1,0
8,27,772,130,34,136,64,115,55,45,38,59,10,42,2,7,2,0,-235,-25,-5,-57,-14,-40,-8,-12,-11,-33,-1,-6,-1,-1,-1,0
8,28,772,130,34,136,64,115,55,45,38,59,10,42,2,7,2,0,-235,-25,-5,-57,-14,-40,-8,-12,-11,-33,-1,-6,-1,-1,-1,0
8,29,772,130,34,136,64,115,55,45,38,59,10,42,2,7,2,0,-235,-25,-5,-57,-14,-40,-8,-12,-11,-33,-1,-6,-1,-1,-1,0
8,30,772,130,34,136,64,115,55,45,38,59,10,42,2,7,2,0,-235,-25,-5,-57,-14,-40,-8,-12,-11,-33,-1,-6,-1,-1,-1,0
8,31,772,130,34,136,64,115,55,45,38,59,10,42,2,7,2,0,-235,-25,-5,-57,-14,-40,-8,-12,-11,-33,-1,-6,-1,-1,-1,0
9,1,487,72,18,96,37,76,29,27,24,47,5,22,1,4,2,0,-180,-19,-4,-43,-11,-31,-6,-9,-9,-25,-1,-4,0,-1,-1,0
9,2,487,72,18,96,37,76,29,27,24,47,5,22,1,4,2,0,-180,-19,-4,-43,-11,-31,-6,-9,-9,-25,-1,-4,0,-1,-1,0
9,3,487,72,18,96,37,76,29,27,24,47,5,22,1,4,2,0,-180,-19,-4,-43,-11,-31,-6,-9,-9,-25,-1,-4,0,-1,-1,0
9,4,487,72,18,96,37,76,29,27,24,47,5,22,1,4,2,0,-180,-19,-4,-43,-11,-31,-6,-9,-9,-25,-1,-4,0,-1,-1,0
9,5,487,72,18,96,37,76,29,27,24,47,5,22,1,4,2,0,-180,-19,-4,-43,-11,-31,-6,-9,-9,-25,-1,-4,0,-1,-1,0
9,6,487,72,18,96,37,76,29,27,24,47,5,22,1,4,2,0,-180,-19,-4,-43,-11,-31,-6,-9,-9,-25,-1,-4,0,-1,-1,0
9,7,487,72,18,96,37,76,29,27,24,47,5,22,1,4,2,0,-180,-19,-4,-43,-11,-31,-6,-9,-9,-25,-1,-4,0,-1,-1,0
9,8,487,72,18,96,37,76,29,27,24,47,5,22,1,4,2,0,-180,-19,-4,-43,-11,-31,-6,-9,-9,-25,-1,-4,0,-1,-1,0
9,9,487,72,18,96,37,76,29,27,24,47,5,22,1,4,2,0,-180,-19,-4,-43,-11,-31,-6,-9,-9,-25,-1,-4,0,-1,-1,0
9,10,487,72,18,96,37,76,29,27,24,47,5,22,1,4,2,0,-180,-19,-4,-43,-11,-31,-6,-9,-9,-25,-1,-4,0,-1,-1,0
9,11,487,72,18,96,37,76,29,27,24,47,5,22,1,4,2,0,-180,-19,-4,-43,-11,-31,-6,-9,-9,-25,-1,-4,0,-1,-1,0
9,12,487,72,18,96,37,76,29,27,24,47,5,22,1,4,2,0,-180,-19,-4,-43,-11,-31,-6,-9,-9,-25,-1,-4,0,-1,-1,0
9,13,487,72,18,96,37,76,29,27,24,47,5,22,1,4,2,0,-180,-19,-4,-43,-11,-31,-6,-9,-9,-25,-1,-4,0,-1,-1,0
9,14,487,72,18,96,37,76,29,27,24,47,5,22,1,4,2,0,-180,-19,-4,-43,-11,-31,-6,-9,-9,-25,-1,-4,0,-1,-1,0
9,15,487,72,18,96,37,76,29,27,24,47,5,22,1,4,2,0,-180,-19,-4,-43,-11,-31,-6,-9,-9,-25,-1,-4,0,-1,-1,0
9,16,487,72,18,96,37,76,29,27,24,47,5,22,1,4,2,0,-180,-19,-4,-43,-11,-31,-6,-9,-9,-25,-1,-4,0,-1,-1,0
9,17,487,72,18,96,37,76,29,27,24,47,5,22,1,4,2,0,-180,-19,-4,-43,-11,-31,-6,-9,-9,-25,-1,-4,0,-1,-1,0
9,18,487,72,18,96,37,76,29,27,24,47,5,22,1,4,2,0,-180,-19,-4,-43,-11,-31,-6,-9,-9,-25,-1,-4,0,-1,-1,0
9,19,487,72,18,96,37,76,29,27,24,47,5,22,1,4,2,0,-180,-19,-4,-43,-11,-31,-6,-9,-9,-25,-1,-4,0,-1,-1,0
9,20,487,72,18,96,37,76,29,27,24,47,5,22,1,4,2,0,-180,-19,-4,-43,-11,-31,-6,-9,-9,-25,-1,-4,0,-1,-1,0
9,21,487,72,18,96,37,76,29,27,24,47,5,22,1,4,2,0,-180,-19,-4,-43,-11,-31,-6,-9,-9,-25,-1,-4,0,-1,-1,0
9,22,487,72,18,96,37,76,29,27,24,47,5,22,1,4,2,0,-180,-19,-4,-43,-11,-31,-6,-9,-9,-25,-1,-4,0,-1,-1,0
9,23,487,72,18,96,37,76,29,27,24,47,5,22,1,4,2,0,-180,-19,-4,-43,-11,-31,-6,-9,-9,-25,-1,-4,0,-1,-1,0
9,24,487,72,18,96,37,76,29,27,24,47,5,22,1,4,2,0,-180,-19,-4,-43,-11,-31,-6,-9,-9,-25,-1,-4,0,-1,-1,0
9,25,487,72,18,96,37,76,29,27,24,47,5,22,1,4,2,0,-180,-19,-4,-43,-11,-31,-6,-9,-9,-25,-1,-4,0,-1,-1,0
9,26,487,72,18,96,37,76,29,27,24,47,5,22,1,4,2,0,-180,-19,-4,-43,-11,-31,-6,-9,-9,-25,-1,-4,0,-1,-1,0
9,27,487,72,18,96,37,76,29,27,24,47,5,22,1,4,2,0,-180,-19,-4,-43,-11,-31,-6,-9,-9,-25,-1,-4,0,-1,-1,0
9,28,487,72,18,96,37,76,29,27,24,47,5,22,1,4,2,0,-180,-19,-4,-43,-11,-31,-6,-9,-9,-25,-1,-4,0,-1,-1,0
9,29,487,72,18,96,37,76,29,27,24,47,5,22,1,4,2,0,-180,-19,-4,-43,-11,-31,-6,-9,-9,-25,-1,-4,0,-1,-1,0
9,30,487,72,18,96,37,76,29,27,24,47,5,22,1,4,2,0,-180,-19,-4,-43,-11,-31,-6,-9,-9,-25,-1,-4,0,-1,-1,0
10,1,0,0,0,0,0,0,0,0,0,0,0,0,0,0,0,0,-32,-8,-2,-3,-4,-4,-4,-2,-2,0,-1,-3,0,0,0,0
10,2,0,0,0,0,0,0,0,0,0,0,0,0,0,0,0,0,-32,-8,-2,-3,-4,-4,-4,-2,-2,0,-1,-3,0,0,0,0
10,3,0,0,0,0,0,0,0,0,0,0,0,0,0,0,0,0,-32,-8,-2,-3,-4,-4,-4,-2,-2,0,-1,-3,0,0,0,0
10,4,0,0,0,0,0,0,0,0,0,0,0,0,0,0,0,0,-32,-8,-2,-3,-4,-4,-4,-2,-2,0,-1,-3,0,0,0,0
10,5,0,0,0,0,0,0,0,0,0,0,0,0,0,0,0,0,-32,-8,-2,-3,-4,-4,-4,-2,-2,0,-1,-3,0,0,0,0
10,6,0,0,0,0,0,0,0,0,0,0,0,0,0,0,0,0,-32,-8,-2,-3,-4,-4,-4,-2,-2,0,-1,-3,0,0,0,0
10,7,0,0,0,0,0,0,0,0,0,0,0,0,0,0,0,0,-32,-8,-2,-3,-4,-4,-4,-2,-2,0,-1,-3,0,0,0,0
10,8,0,0,0,0,0,0,0,0,0,0,0,0,0,0,0,0,-32,-8,-2,-3,-4,-4,-4,-2,-2,0,-1,-3,0,0,0,0
10,9,0,0,0,0,0,0,0,0,0,0,0,0,0,0,0,0,-32,-8,-2,-3,-4,-4,-4,-2,-2,0,-1,-3,0,0,0,0
10,10,0,0,0,0,0,0,0,0,0,0,0,0,0,0,0,0,-32,-8,-2,-3,-4,-4,-4,-2,-2,0,-1,-3,0,0,0,0
10,11,0,0,0,0,0,0,0,0,0,0,0,0,0,0,0,0,-32,-8,-2,-3,-4,-4,-4,-2,-2,0,-1,-3,0,0,0,0
10,12,0,0,0,0,0,0,0,0,0,0,0,0,0,0,0,0,-32,-8,-2,-3,-4,-4,-4,-2,-2,0,-1,-3,0,0,0,0
10,13,0,0,0,0,0,0,0,0,0,0,0,0,0,0,0,0,-32,-8,-2,-3,-4,-4,-4,-2,-2,0,-1,-3,0,0,0,0
10,14,0,0,0,0,0,0,0,0,0,0,0,0,0,0,0,0,-32,-8,-2,-3,-4,-4,-4,-2,-2,0,-1,-3,0,0,0,0
10,15,0,0,0,0,0,0,0,0,0,0,0,0,0,0,0,0,-32,-8,-2,-3,-4,-4,-4,-2,-2,0,-1,-3,0,0,0,0
10,16,0,0,0,0,0,0,0,0,0,0,0,0,0,0,0,0,-32,-8,-2,-3,-4,-4,-4,-2,-2,0,-1,-3,0,0,0,0
10,17,0,0,0,0,0,0,0,0,0,0,0,0,0,0,0,0,-32,-8,-2,-3,-4,-4,-4,-2,-2,0,-1,-3,0,0,0,0
10,18,0,0,0,0,0,0,0,0,0,0,0,0,0,0,0,0,-32,-8,-2,-3,-4,-4,-4,-2,-2,0,-1,-3,0,0,0,0
10,19,0,0,0,0,0,0,0,0,0,0,0,0,0,0,0,0,-32,-8,-2,-3,-4,-4,-4,-2,-2,0,-1,-3,0,0,0,0
10,20,0,0,0,0,0,0,0,0,0,0,0,0,0,0,0,0,-32,-8,-2,-3,-4,-4,-4,-2,-2,0,-1,-3,0,0,0,0
10,21,0,0,0,0,0,0,0,0,0,0,0,0,0,0,0,0,-32,-8,-2,-3,-4,-4,-4,-2,-2,0,-1,-3,0,0,0,0
10,22,0,0,0,0,0,0,0,0,0,0,0,0,0,0,0,0,-32,-8,-2,-3,-4,-4,-4,-2,-2,0,-1,-3,0,0,0,0
10,23,0,0,0,0,0,0,0,0,0,0,0,0,0,0,0,0,-32,-8,-2,-3,-4,-4,-4,-2,-2,0,-1,-3,0,0,0,0
10,24,0,0,0,0,0,0,0,0,0,0,0,0,0,0,0,0,-32,-8,-2,-3,-4,-4,-4,-2,-2,0,-1,-3,0,0,0,0
10,25,0,0,0,0,0,0,0,0,0,0,0,0,0,0,0,0,-32,-8,-2,-3,-4,-4,-4,-2,-2,0,-1,-3,0,0,0,0
10,26,0,0,0,0,0,0,0,0,0,0,0,0,0,0,0,0,-32,-8,-2,-3,-4,-4,-4,-2,-2,0,-1,-3,0,0,0,0
10,27,0,0,0,0,0,0,0,0,0,0,0,0,0,0,0,0,-32,-8,-2,-3,-4,-4,-4,-2,-2,0,-1,-3,0,0,0,0
10,28,0,0,0,0,0,0,0,0,0,0,0,0,0,0,0,0,-32,-8,-2,-3,-4,-4,-4,-2,-2,0,-1,-3,0,0,0,0
10,29,0,0,0,0,0,0,0,0,0,0,0,0,0,0,0,0,-32,-8,-2,-3,-4,-4,-4,-2,-2,0,-1,-3,0,0,0,0
10,30,0,0,0,0,0,0,0,0,0,0,0,0,0,0,0,0,-32,-8,-2,-3,-4,-4,-4,-2,-2,0,-1,-3,0,0,0,0
10,31,0,0,0,0,0,0,0,0,0,0,0,0,0,0,0,0,-32,-8,-2,-3,-4,-4,-4,-2,-2,0,-1,-3,0,0,0,0
11,1,0,0,0,0,0,0,0,0,0,0,0,0,0,0,0,0,-22,-5,-1,-2,-2,-3,-3,-2,-1,0,0,-2,0,0,0,0
11,2,0,0,0,0,0,0,0,0,0,0,0,0,0,0,0,0,-22,-5,-1,-2,-2,-3,-3,-2,-1,0,0,-2,0,0,0,0
11,3,0,0,0,0,0,0,0,0,0,0,0,0,0,0,0,0,-22,-5,-1,-2,-2,-3,-3,-2,-1,0,0,-2,0,0,0,0
11,4,0,0,0,0,0,0,0,0,0,0,0,0,0,0,0,0,-22,-5,-1,-2,-2,-3,-3,-2,-1,0,0,-2,0,0,0,0
11,5,0,0,0,0,0,0,0,0,0,0,0,0,0,0,0,0,-22,-5,-1,-2,-2,-3,-3,-2,-1,0,0,-2,0,0,0,0
11,6,0,0,0,0,0,0,0,0,0,0,0,0,0,0,0,0,-22,-5,-1,-2,-2,-3,-3,-2,-1,0,0,-2,0,0,0,0
11,7,0,0,0,0,0,0,0,0,0,0,0,0,0,0,0,0,-22,-5,-1,-2,-2,-3,-3,-2,-1,0,0,-2,0,0,0,0
11,8,0,0,0,0,0,0,0,0,0,0,0,0,0,0,0,0,-22,-5,-1,-2,-2,-3,-3,-2,-1,0,0,-2,0,0,0,0
11,9,0,0,0,0,0,0,0,0,0,0,0,0,0,0,0,0,-22,-5,-1,-2,-2,-3,-3,-2,-1,0,0,-2,0,0,0,0
11,10,0,0,0,0,0,0,0,0,0,0,0,0,0,0,0,0,-22,-5,-1,-2,-2,-3,-3,-2,-1,0,0,-2,0,0,0,0
11,11,0,0,0,0,0,0,0,0,0,0,0,0,0,0,0,0,-22,-5,-1,-2,-2,-3,-3,-2,-1,0,0,-2,0,0,0,0
11,12,0,0,0,0,0,0,0,0,0,0,0,0,0,0,0,0,-22,-5,-1,-2,-2,-3,-3,-2,-1,0,0,-2,0,0,0,0
11,13,0,0,0,0,0,0,0,0,0,0,0,0,0,0,0,0,-22,-5,-1,-2,-2,-3,-3,-2,-1,0,0,-2,0,0,0,0
11,14,0,0,0,0,0,0,0,0,0,0,0,0,0,0,0,0,-22,-5,-1,-2,-2,-3,-3,-2,-1,0,0,-2,0,0,0,0
11,15,0,0,0,0,0,0,0,0,0,0,0,0,0,0,0,0,-22,-5,-1,-2,-2,-3,-3,-2,-1,0,0,-2,0,0,0,0
11,16,0,0,0,0,0,0,0,0,0,0,0,0,0,0,0,0,-22,-5,-1,-2,-2,-3,-3,-2,-1,0,0,-2,0,0,0,0
11,17,0,0,0,0,0,0,0,0,0,0,0,0,0,0,0,0,-22,-5,-1,-2,-2,-3,-3,-2,-1,0,0,-2,0,0,0,0
11,18,0,0,0,0,0,0,0,0,0,0,0,0,0,0,0,0,-22,-5,-1,-2,-2,-3,-3,-2,-1,0,0,-2,0,0,0,0
11,19,0,0,0,0,0,0,0,0,0,0,0,0,0,0,0,0,-22,-5,-1,-2,-2,-3,-3,-2,-1,0,0,-2,0,0,0,0
11,20,0,0,0,0,0,0,0,0,0,0,0,0,0,0,0,0,-22,-5,-1,-2,-2,-3,-3,-2,-1,0,0,-2,0,0,0,0
11,21,0,0,0,0,0,0,0,0,0,0,0,0,0,0,0,0,-22,-5,-1,-2,-2,-3,-3,-2,-1,0,0,-2,0,0,0,0
11,22,0,0,0,0,0,0,0,0,0,0,0,0,0,0,0,0,-22,-5,-1,-2,-2,-3,-3,-2,-1,0,0,-2,0,0,0,0
11,23,0,0,0,0,0,0,0,0,0,0,0,0,0,0,0,0,-22,-5,-1,-2,-2,-3,-3,-2,-1,0,0,-2,0,0,0,0
11,24,0,0,0,0,0,0,0,0,0,0,0,0,0,0,0,0,-22,-5,-1,-2,-2,-3,-3,-2,-1,0,0,-2,0,0,0,0
11,25,0,0,0,0,0,0,0,0,0,0,0,0,0,0,0,0,-22,-5,-1,-2,-2,-3,-3,-2,-1,0,0,-2,0,0,0,0
11,26,0,0,0,0,0,0,0,0,0,0,0,0,0,0,0,0,-22,-5,-1,-2,-2,-3,-3,-2,-1,0,0,-2,0,0,0,0
11,27,0,0,0,0,0,0,0,0,0,0,0,0,0,0,0,0,-22,-5,-1,-2,-2,-3,-3,-2,-1,0,0,-2,0,0,0,0
11,28,0,0,0,0,0,0,0,0,0,0,0,0,0,0,0,0,-22,-5,-1,-2,-2,-3,-3,-2,-1,0,0,-2,0,0,0,0
11,29,0,0,0,0,0,0,0,0,0,0,0,0,0,0,0,0,-22,-5,-1,-2,-2,-3,-3,-2,-1,0,0,-2,0,0,0,0
11,30,0,0,0,0,0,0,0,0,0,0,0,0,0,0,0,0,-22,-5,-1,-2,-2,-3,-3,-2,-1,0,0,-2,0,0,0,0
12,1,0,0,0,0,0,0,0,0,0,0,0,0,0,0,0,0,-14,-4,-1,-1,-2,-2,-2,-1,-1,0,0,-1,0,0,0,0
12,2,0,0,0,0,0,0,0,0,0,0,0,0,0,0,0,0,-14,-4,-1,-1,-2,-2,-2,-1,-1,0,0,-1,0,0,0,0
12,3,0,0,0,0,0,0,0,0,0,0,0,0,0,0,0,0,-14,-4,-1,-1,-2,-2,-2,-1,-1,0,0,-1,0,0,0,0
12,4,0,0,0,0,0,0,0,0,0,0,0,0,0,0,0,0,-14,-4,-1,-1,-2,-2,-2,-1,-1,0,0,-1,0,0,0,0
12,5,0,0,0,0,0,0,0,0,0,0,0,0,0,0,0,0,-14,-4,-1,-1,-2,-2,-2,-1,-1,0,0,-1,0,0,0,0
12,6,0,0,0,0,0,0,0,0,0,0,0,0,0,0,0,0,-14,-4,-1,-1,-2,-2,-2,-1,-1,0,0,-1,0,0,0,0
12,7,0,0,0,0,0,0,0,0,0,0,0,0,0,0,0,0,-14,-4,-1,-1,-2,-2,-2,-1,-1,0,0,-1,0,0,0,0
12,8,0,0,0,0,0,0,0,0,0,0,0,0,0,0,0,0,-14,-4,-1,-1,-2,-2,-2,-1,-1,0,0,-1,0,0,0,0
12,9,0,0,0,0,0,0,0,0,0,0,0,0,0,0,0,0,-14,-4,-1,-1,-2,-2,-2,-1,-1,0,0,-1,0,0,0,0
12,10,0,0,0,0,0,0,0,0,0,0,0,0,0,0,0,0,-14,-4,-1,-1,-2,-2,-2,-1,-1,0,0,-1,0,0,0,0
12,11,0,0,0,0,0,0,0,0,0,0,0,0,0,0,0,0,-14,-4,-1,-1,-2,-2,-2,-1,-1,0,0,-1,0,0,0,0
12,12,0,0,0,0,0,0,0,0,0,0,0,0,0,0,0,0,-14,-4,-1,-1,-2,-2,-2,-1,-1,0,0,-1,0,0,0,0
12,13,0,0,0,0,0,0,0,0,0,0,0,0,0,0,0,0,-14,-4,-1,-1,-2,-2,-2,-1,-1,0,0,-1,0,0,0,0
12,14,0,0,0,0,0,0,0,0,0,0,0,0,0,0,0,0,-14,-4,-1,-1,-2,-2,-2,-1,-1,0,0,-1,0,0,0,0
12,15,0,0,0,0,0,0,0,0,0,0,0,0,0,0,0,0,-14,-4,-1,-1,-2,-2,-2,-1,-1,0,0,-1,0,0,0,0
12,16,0,0,0,0,0,0,0,0,0,0,0,0,0,0,0,0,-14,-4,-1,-1,-2,-2,-2,-1,-1,0,0,-1,0,0,0,0
12,17,0,0,0,0,0,0,0,0,0,0,0,0,0,0,0,0,-14,-4,-1,-1,-2,-2,-2,-1,-1,0,0,-1,0,0,0,0
12,18,0,0,0,0,0,0,0,0,0,0,0,0,0,0,0,0,-14,-4,-1,-1,-2,-2,-2,-1,-1,0,0,-1,0,0,0,0
12,19,0,0,0,0,0,0,0,0,0,0,0,0,0,0,0,0,-14,-4,-1,-1,-2,-2,-2,-1,-1,0,0,-1,0,0,0,0
12,20,0,0,0,0,0,0,0,0,0,0,0,0,0,0,0,0,-14,-4,-1,-1,-2,-2,-2,-1,-1,0,0,-1,0,0,0,0
12,21,0,0,0,0,0,0,0,0,0,0,0,0,0,0,0,0,-14,-4,-1,-1,-2,-2,-2,-1,-1,0,0,-1,0,0,0,0
12,22,0,0,0,0,0,0,0,0,0,0,0,0,0,0,0,0,-14,-4,-1,-1,-2,-2,-2,-1,-1,0,0,-1,0,0,0,0
12,23,0,0,0,0,0,0,0,0,0,0,0,0,0,0,0,0,-14,-4,-1,-1,-2,-2,-2,-1,-1,0,0,-1,0,0,0,0
12,24,0,0,0,0,0,0,0,0,0,0,0,0,0,0,0,0,-14,-4,-1,-1,-2,-2,-2,-1,-1,0,0,-1,0,0,0,0
12,25,0,0,0,0,0,0,0,0,0,0,0,0,0,0,0,0,-14,-4,-1,-1,-2,-2,-2,-1,-1,0,0,-1,0,0,0,0
12,26,0,0,0,0,0,0,0,0,0,0,0,0,0,0,0,0,-14,-4,-1,-1,-2,-2,-2,-1,-1,0,0,-1,0,0,0,0
12,27,0,0,0,0,0,0,0,0,0,0,0,0,0,0,0,0,-14,-4,-1,-1,-2,-2,-2,-1,-1,0,0,-1,0,0,0,0
12,28,0,0,0,0,0,0,0,0,0,0,0,0,0,0,0,0,-14,-4,-1,-1,-2,-2,-2,-1,-1,0,0,-1,0,0,0,0
12,29,0,0,0,0,0,0,0,0,0,0,0,0,0,0,0,0,-14,-4,-1,-1,-2,-2,-2,-1,-1,0,0,-1,0,0,0,0
12,30,0,0,0,0,0,0,0,0,0,0,0,0,0,0,0,0,-14,-4,-1,-1,-2,-2,-2,-1,-1,0,0,-1,0,0,0,0
12,31,0,0,0,0,0,0,0,0,0,0,0,0,0,0,0,0,-14,-4,-1,-1,-2,-2,-2,-1,-1,0,0,-1,0,0,0,0
