# FIRO_SPACE rule curve. One row per day of a generic (non-leap) year.,,,,,,,,,,,,
# Read by scripts/externalRules/FIRO_SPACE.py,,,,,,,,,,,,
#,,,,,,,,,,,,
# Check the elevations before drawing conclusions from a run. Several columns,,,,,,,,,,,,
# began as placeholders derived from SecondaryFloodDraftLimitConfig.csv and,,,,,,,,,,,,
# alt_config/_default.txt rather than from a FIRO analysis.,,,,,,,,,,,,
#,,,,,,,,,,,,
# A day has a target only where that day's cell holds a number.,,,,,,,,,,,,
# A BLANK cell means NO TARGET that day: the rule stands down and the rest of,,,,,,,,,,,,
# the rule stack operates the project. So you can leave whole stretches of the,,,,,,,,,,,,
# year uncontrolled by clearing those cells. Anything that is neither a number,,,,,,,,,,,,
# nor blank is an error, so a typo cannot quietly become an uncontrolled day.,,,,,,,,,,,
# NOTE: Foster, Dorena, Cottage Grove, Fern Ridge and Blue River are blank on,,,,,,,,,
# 31Dec, so those five are uncontrolled on that one day. Fill it in if that was,,,,,,,,,,,
# not deliberate.,,,,,,,,,,,,
#,,,,,,,,,,,,
# Add a project by adding a column; remove one by deleting its column. A project,,,,,,,,,,,,
# with no numbers at all, or with no column here, is simply never controlled --,,,,,,,,,,
# that is not an error, so this one file can cover the whole watershed.,,,,,,,,,,,
#,,,,,,,,,,,,
# Column headers are matched to ResSim reservoir names ignoring surrounding,,,,,,,,,,,,
# spaces and capitalization," so ""Detroit "" and ""detroit"" both work.",,,,,,,,,,,
#,,,,,,,,,,,,
# To specify a project with a few breakpoints and let the rule fill in the rest,,,,,,,,,,,,
# of the year, set INTERPOLATE_GAPS_UP_TO_DAYS in FIRO_SPACE.py to 365.,,,,,,,,,,,
Month,Day,Blue River,Cottage Grove,Cougar,Detroit,Dorena,Fall Creek,Fern Ridge,Foster,Green Peter,Hills Creek,Lookout Point
1,1,1180.1,750.1,1532.1,1450.1,770.6,728.1,353.1,613.1,922.1,1448.1,825.1
1,2,1180.1,750.1,1532.1,1450.1,770.6,728.1,353.1,613.1,922.1,1448.1,825.1
1,3,1180.1,750.1,1532.1,1450.1,770.6,728.1,353.1,613.1,922.1,1448.1,825.1
1,4,1180.1,750.1,1532.1,1450.1,770.6,728.1,353.1,613.1,922.1,1448.1,825.1
1,5,1180.1,750.1,1532.1,1450.1,770.6,728.1,353.1,613.1,922.1,1448.1,825.1
1,6,1180.1,750.1,1532.1,1450.1,770.6,728.1,353.1,613.1,922.1,1448.1,825.1
1,7,1180.1,750.1,1532.1,1450.1,770.6,728.1,353.1,613.1,922.1,1448.1,825.1
1,8,1180.1,750.1,1532.1,1450.1,770.6,728.1,353.1,613.1,922.1,1448.1,825.1
1,9,1180.1,750.1,1532.1,1450.1,770.6,728.1,353.1,613.1,922.1,1448.1,825.1
1,10,1180.1,750.1,1532.1,1450.1,770.6,728.1,353.1,613.1,922.1,1448.1,825.1
1,11,1180.1,750.1,1532.1,1450.1,770.6,728.1,353.1,613.1,922.1,1448.1,825.1
1,12,1180.1,750.1,1532.1,1450.1,770.6,728.1,353.1,613.1,922.1,1448.1,825.1
1,13,1180.1,750.1,1532.1,1450.1,770.6,728.1,353.1,613.1,922.1,1448.1,825.1
1,14,1180.1,750.1,1532.1,1450.1,770.6,728.1,353.1,613.1,922.1,1448.1,825.1
1,15,1180.1,750.1,1532.1,1450.1,770.6,728.1,353.1,613.1,922.1,1448.1,825.1
1,16,1180.1,750.1,1532.1,1450.1,770.6,728.1,353.1,613.1,922.1,1448.1,825.1
1,17,1180.1,750.1,1532.1,1450.1,770.6,728.1,353.1,613.1,922.1,1448.1,825.1
1,18,1180.1,750.1,1532.1,1450.1,770.6,728.1,353.1,613.1,922.1,1448.1,825.1
1,19,1180.1,750.1,1532.1,1450.1,770.6,728.1,353.1,613.1,922.1,1448.1,825.1
1,20,1180.1,750.1,1532.1,1450.1,770.6,728.1,353.1,613.1,922.1,1448.1,825.1
1,21,1180.1,750.1,1532.1,1450.1,770.6,728.1,353.1,613.1,922.1,1448.1,825.1
1,22,1180.1,750.1,1532.1,1450.1,770.6,728.1,353.1,613.1,922.1,1448.1,825.1
1,23,1180.1,750.1,1532.1,1450.1,770.6,728.1,353.1,613.1,922.1,1448.1,825.1
1,24,1180.1,750.1,1532.1,1450.1,770.6,728.1,353.1,613.1,922.1,1448.1,825.1
1,25,1180.1,750.1,1532.1,1450.1,770.6,728.1,353.1,613.1,922.1,1448.1,825.1
1,26,1180.1,750.1,1532.1,1450.1,770.6,728.1,353.1,613.1,922.1,1448.1,825.1
1,27,1180.1,750.1,1532.1,1450.1,770.6,728.1,353.1,613.1,922.1,1448.1,825.1
1,28,1180.1,750.1,1532.1,1450.1,770.6,728.1,353.1,613.1,922.1,1448.1,825.1
1,29,1180.1,750.1,1532.1,1450.1,770.6,728.1,353.1,613.1,922.1,1448.1,825.1
1,30,1180.1,750.1,1532.1,1450.1,770.6,728.1,353.1,613.1,922.1,1448.1,825.1
1,31,1180.1,750.1,1532.1,1450.1,770.6,728.1,353.1,613.1,922.1,1448.1,825.1
2,1,1188.11,750.901,1535.43,1452.62,770.6,731.169,354.135,613.352,923.99,1449.99,827.35
2,2,1194.41,751.657,1538.58,1455.05,771.59,734.031,354.963,613.604,925.79,1451.88,829.519
2,3,1200.62,752.377,1541.82,1457.48,772.679,736.722,355.665,613.856,927.59,1453.77,831.634
2,4,1206.47,753.07,1544.79,1459.82,773.606,739.269,356.286,614.099,929.3,1455.57,833.704
2,5,1211.69,753.727,1547.85,1462.16,774.659,741.726,356.844,614.351,931.1,1457.46,835.729
2,6,1216.46,754.357,1550.64,1464.41,775.568,744.093,357.366,614.603,932.81,1459.35,837.718
2,7,1220.96,754.96,1553.61,1466.57,776.468,746.379,357.843,614.855,934.43,1461.24,839.671
2,8,1225.1,755.554,1556.4,1468.82,777.368,748.584,358.284,615.107,936.14,1463.13,841.579
2,9,1229.24,756.121,1559.01,1470.89,778.268,750.708,358.698,615.359,937.76,1465.02,843.451
2,10,1233.11,756.661,1561.71,1473.05,779.168,752.778,359.094,615.602,939.38,1466.91,845.287
2,11,1236.71,757.192,1564.32,1475.12,779.942,754.776,359.472,615.854,941,1468.71,847.105
2,12,1240.22,757.705,1567.02,1477.19,780.833,756.711,359.832,616.106,942.53,1470.69,848.878
2,13,1243.55,758.209,1569.54,1479.17,781.625,758.592,360.174,616.358,944.06,1472.49,850.633
2,14,1246.79,758.686,1571.97,1481.15,782.399,760.419,360.507,616.61,945.59,1474.38,852.352
2,15,1249.76,759.163,1574.4,1483.13,783.173,762.192,360.831,616.844,947.12,1476.27,854.044
2,16,1252.73,759.631,1576.83,1485.02,783.947,763.92,361.137,617.069,948.47,1477.98,855.7
2,17,1255.43,760.081,1579.17,1486.91,784.721,765.603,361.443,617.294,949.91,1479.6,857.329
2,18,1258.13,760.531,1581.51,1488.8,785.486,767.259,361.731,617.519,951.35,1481.13,858.94
2,19,1260.56,760.972,1583.85,1490.69,786.26,768.87,362.01,617.762,952.7,1482.75,860.524
2,20,1262.99,761.404,1586.1,1492.49,786.953,770.436,362.28,618.014,954.14,1484.37,862.09
2,21,1265.33,761.836,1588.35,1494.29,787.628,771.975,362.541,618.257,955.49,1485.99,863.638
2,22,1267.49,762.25,1590.51,1496.09,788.303,773.469,362.802,618.509,956.93,1487.52,865.168
2,23,1269.74,762.673,1592.76,1497.8,788.987,774.936,363.045,618.734,958.37,1489.14,866.68
2,24,1271.72,763.078,1594.83,1499.6,789.662,776.367,363.288,618.959,959.72,1490.76,868.165
2,25,1273.88,763.483,1597.08,1501.31,790.337,777.762,363.522,619.184,961.16,1492.38,869.641
2,26,1275.77,763.879,1599.06,1503.02,790.994,779.13,363.747,619.409,962.6,1494,871.099
2,27,1277.66,764.275,1601.13,1504.64,791.597,780.471,363.963,619.661,963.95,1495.53,872.53
2,28,1279.55,764.662,1603.2,1506.35,792.2,781.776,364.188,619.913,965.39,1496.97,873.952
3,1,1280.63,765.04,1604.37,1507.16,792.803,782.469,364.395,620.165,965.93,1497.42,874.627
3,2,1281.53,765.427,1605.63,1507.97,793.406,783.153,364.602,620.408,966.47,1497.96,875.302
3,3,1282.52,765.796,1606.8,1508.78,794.009,783.828,364.809,620.633,967.01,1498.41,875.968
3,4,1283.51,766.165,1607.97,1509.59,794.603,784.503,365.007,620.858,967.55,1498.95,876.634
3,5,1284.32,766.525,1609.05,1510.4,795.206,785.169,365.205,621.083,968.09,1499.4,877.3
3,6,1285.22,766.885,1610.22,1511.21,795.764,785.826,365.394,621.308,968.72,1499.94,877.957
3,7,1286.21,767.245,1611.39,1512.02,796.304,786.483,365.583,621.533,969.26,1500.39,878.605
3,8,1287.2,767.596,1612.56,1512.83,796.844,787.131,365.772,621.758,969.8,1500.93,879.253
3,9,1288.01,767.947,1613.73,1513.55,797.393,787.77,365.952,621.983,970.34,1501.38,879.901
3,10,1289,768.289,1614.81,1514.36,797.933,788.409,366.132,622.208,970.88,1501.83,880.54
3,11,1289.81,768.631,1615.98,1515.17,798.473,789.039,366.312,622.433,971.42,1502.37,881.188
3,12,1290.62,768.973,1617.06,1515.89,799.013,789.669,366.483,622.658,971.96,1502.82,881.827
3,13,1291.52,769.297,1618.23,1516.7,799.499,790.29,366.654,622.883,972.5,1503.36,882.457
3,14,1292.42,769.63,1619.31,1517.42,800.012,790.902,366.825,623.108,973.04,1503.81,883.096
3,15,1293.23,769.954,1620.39,1518.23,800.552,791.514,366.996,623.333,973.58,1504.35,883.726
3,16,1294.31,770.278,1621.47,1518.95,801.065,792.117,367.158,623.558,974.12,1504.8,884.356
3,17,1294.94,770.593,1622.55,1519.76,801.551,792.72,367.311,623.783,974.66,1505.34,884.986
3,18,1295.66,770.908,1623.63,1520.48,802.046,793.314,367.473,623.999,975.2,1505.79,885.616
3,19,1296.56,771.214,1624.71,1521.2,802.541,793.908,367.635,624.206,975.74,1506.33,886.237
3,20,1297.37,771.529,1625.79,1522.01,803.027,794.493,367.788,624.413,976.19,1506.78,886.858
3,21,1298.18,771.826,1626.87,1522.73,803.513,795.069,367.95,624.62,976.73,1507.32,887.479
3,22,1298.99,772.132,1627.95,1523.45,803.972,795.654,368.103,624.827,977.27,1507.77,888.091
3,23,1299.8,772.429,1628.94,1524.17,804.422,796.221,368.256,625.052,977.81,1508.22,888.712
3,24,1300.52,772.726,1630.02,1524.89,804.917,796.797,368.409,625.277,978.35,1508.76,889.324
3,25,1301.33,773.014,1631.01,1525.61,805.394,797.355,368.562,625.502,978.8,1509.21,889.936
3,26,1302.23,773.311,1632.09,1526.33,805.853,797.922,368.715,625.718,979.34,1509.75,890.539
3,27,1302.95,773.599,1633.17,1527.05,806.303,798.48,368.859,625.925,979.88,1510.29,891.151
3,28,1303.67,773.878,1634.16,1527.77,806.753,799.029,369.012,626.132,980.42,1510.74,891.754
3,29,1304.48,774.166,1635.15,1528.49,807.203,799.578,369.156,626.339,980.87,1511.19,892.357
3,30,1305.2,774.445,1636.14,1529.21,807.653,800.118,369.309,626.546,981.41,1511.73,892.951
3,31,1306.01,774.724,1637.22,1529.93,808.094,800.667,369.453,626.744,981.95,1512.18,893.554
4,1,1306.82,775.003,1638.21,1530.56,808.508,801.198,369.597,626.951,982.4,1512.63,894.148
4,2,1307.54,775.282,1639.2,1531.28,808.931,801.729,369.741,627.158,982.94,1513.08,894.742
4,3,1308.26,775.552,1640.19,1532,809.381,802.26,369.885,627.365,983.48,1513.53,895.327
4,4,1308.98,775.822,1641.18,1532.63,809.831,802.782,370.029,627.563,983.93,1513.98,895.921
4,5,1309.79,776.092,1642.17,1533.35,810.245,803.304,370.173,627.77,984.47,1514.43,896.506
4,6,1310.51,776.353,1643.16,1534.07,810.659,803.826,370.317,627.977,984.92,1514.88,897.091
4,7,1311.23,776.623,1644.15,1534.7,811.082,804.339,370.452,628.184,985.46,1515.33,897.676
4,8,1311.95,776.884,1645.05,1535.42,811.496,804.843,370.596,628.391,986,1515.78,898.252
4,9,1312.67,777.145,1646.13,1536.05,811.883,805.356,370.731,628.589,986.45,1516.23,898.828
4,10,1313.39,777.406,1647.03,1536.68,812.27,805.86,370.875,628.796,986.99,1516.68,899.404
4,11,1314.02,777.667,1648.02,1537.4,812.657,806.364,371.01,629.003,987.44,1517.31,899.98
4,12,1314.74,777.919,1648.92,1538.03,813.044,806.859,371.145,629.21,987.98,1517.67,900.556
4,13,1315.46,778.18,1649.91,1538.66,813.431,807.354,371.28,629.408,988.43,1518.03,901.132
4,14,1316.18,778.432,1650.81,1539.38,813.818,807.849,371.415,629.615,988.97,1518.48,901.699
4,15,1316.9,778.684,1651.8,1540.01,814.205,808.335,371.55,629.822,989.42,1518.93,902.266
4,16,1317.53,778.936,1652.7,1540.64,814.592,808.83,371.55,630.029,989.87,1519.38,902.833
4,17,1318.25,779.179,1653.69,1541.27,814.979,809.316,371.55,630.227,990.41,1519.83,903.4
4,18,1318.88,779.431,1654.59,1541.9,815.366,809.793,371.55,630.434,990.86,1520.28,903.967
4,19,1319.6,779.674,1655.58,1542.53,815.753,810.279,371.55,630.641,991.4,1520.64,904.525
4,20,1320.32,779.926,1656.48,1543.16,816.14,810.756,371.55,630.848,991.85,1521.09,905.092
4,21,1320.95,780.169,1657.38,1543.79,816.5,811.233,371.55,631.055,992.39,1521.54,905.65
4,22,1321.58,780.412,1658.28,1544.42,816.86,811.71,371.55,631.244,992.84,1521.99,906.208
4,23,1322.21,780.655,1659.27,1545.05,817.22,812.178,371.55,631.433,993.29,1522.44,906.766
4,24,1322.93,780.889,1660.17,1545.68,817.58,812.646,371.55,631.622,993.83,1522.89,907.315
4,25,1323.56,781.132,1661.07,1546.31,817.94,813.114,371.55,631.811,994.28,1523.34,907.873
4,26,1324.19,781.366,1661.97,1546.85,818.273,813.582,371.55,631.991,994.73,1523.79,908.422
4,27,1324.91,781.6,1662.87,1547.48,818.615,814.041,371.55,632.198,995.27,1524.24,908.98
4,28,1325.54,781.834,1663.77,1548.11,818.948,814.509,371.55,632.405,995.72,1524.69,909.529
4,29,1326.17,782.068,1664.67,1548.74,819.29,814.968,371.55,632.612,996.17,1525.14,910.078
4,30,1326.8,782.302,1665.57,1549.28,819.632,815.427,371.55,632.81,996.62,1525.59,910.618
5,1,1327.52,782.536,1666.47,1549.91,819.965,815.877,371.55,633.008,997.16,1526.04,911.167
5,2,1328.15,782.77,1667.28,1550.45,820.307,816.336,371.55,633.197,997.61,1526.49,911.707
5,3,1328.78,782.995,1668.27,1551.08,820.649,816.786,371.55,633.386,998.06,1526.94,912.247
5,4,1329.41,783.229,1669.08,1551.62,820.982,817.236,371.55,633.575,998.51,1527.39,912.787
5,5,1330.04,783.454,1669.98,1552.25,821.324,817.686,371.55,633.764,998.96,1527.84,913.327
5,6,1330.67,783.679,1670.88,1552.25,821.648,818.127,371.55,633.944,999.41,1528.2,913.867
5,7,1331.21,783.904,1671.69,1552.25,821.963,818.577,371.55,634.133,999.95,1528.65,914.407
5,8,1331.84,784.129,1672.59,1552.25,822.287,819.018,371.55,634.322,1000.4,1529.1,914.938
5,9,1332.47,784.354,1673.4,1552.25,822.602,819.459,371.55,634.511,1000.85,1529.55,915.469
5,10,1333.19,784.57,1674.3,1552.25,822.926,819.9,371.55,634.7,1001.3,1530,916
5,11,1333.19,784.795,1674.3,1552.25,823.241,819.9,371.55,634.7,1001.3,1530.45,916
5,12,1333.19,785.011,1674.3,1552.25,823.547,819.9,371.55,634.7,1001.3,1530.9,916
5,13,1333.19,785.236,1674.3,1552.25,823.844,819.9,371.55,634.7,1001.3,1531.35,916
5,14,1333.19,785.452,1674.3,1552.25,824.141,819.9,371.55,634.7,1001.3,1531.8,916
5,15,1333.19,785.668,1674.3,1552.25,824.447,819.9,371.55,634.7,1001.3,1531.8,916
5,16,1333.19,785.884,1674.3,1552.25,824.744,819.9,371.55,634.7,1001.3,1531.8,916
5,17,1333.19,786.1,1674.3,1552.25,825.05,819.9,371.55,634.7,1001.3,1531.8,916
5,18,1333.19,786.1,1674.3,1552.25,825.347,819.9,371.55,634.7,1001.3,1531.8,916
5,19,1333.19,786.1,1674.3,1552.25,825.653,819.9,371.55,634.7,1001.3,1531.8,916
5,20,1333.19,786.1,1674.3,1552.25,825.95,819.9,371.55,634.7,1001.3,1531.8,916
5,21,1333.19,786.1,1674.3,1552.25,825.95,819.9,371.55,634.7,1001.3,1531.8,916
5,22,1333.1,786.1,1674.3,1552.25,825.95,819.9,371.55,634.7,1001.3,1531.8,916
5,23,1333.1,786.1,1674.3,1552.25,825.95,819.9,371.55,634.7,1001.3,1531.8,916
5,24,1333.1,786.1,1674.3,1552.25,825.95,819.9,371.55,634.7,1001.3,1531.8,916
5,25,1333.1,786.1,1674.3,1552.25,825.95,819.9,371.55,634.7,1001.3,1531.8,916
5,26,1333.1,786.1,1674.3,1552.25,825.95,819.9,371.55,634.7,1001.3,1531.8,916
5,27,1333.1,786.1,1674.3,1552.25,825.95,819.9,371.55,634.7,1001.3,1531.8,916
5,28,1333.1,786.1,1674.3,1552.25,825.95,819.9,371.55,634.7,1001.3,1531.8,916
5,29,1333.1,786.1,1674.3,1552.25,825.95,819.9,371.55,634.7,1001.3,1531.8,916
5,30,1333.1,786.1,1674.3,1552.25,825.95,819.9,371.55,634.7,1001.3,1531.8,916
5,31,1333.1,786.1,1674.3,1552.25,825.95,819.9,371.55,634.7,1001.3,1531.8,916
6,1,1333.1,786.1,1674.3,1552.25,825.95,819.9,371.55,634.7,1001.3,1531.8,916
6,2,1333.1,786.1,1674.3,1552.25,825.95,819.9,371.55,634.7,1001.3,1531.8,916
6,3,1333.1,786.1,1674.3,1552.25,825.95,819.9,371.55,634.7,1001.3,1531.8,916
6,4,1333.1,786.1,1674.3,1552.25,825.95,819.9,371.55,634.7,1001.3,1531.8,916
6,5,1333.1,786.1,1674.3,1552.25,825.95,819.9,371.55,634.7,1001.3,1531.8,916
6,6,1333.1,786.1,1674.3,1552.25,825.95,819.9,371.55,634.7,1001.3,1531.8,916
6,7,1333.1,786.1,1674.3,1552.25,825.95,819.9,371.55,634.7,1001.3,1531.8,916
6,8,1333.1,786.1,1674.3,1552.25,825.95,819.9,371.55,634.7,1001.3,1531.8,916
6,9,1333.1,786.1,1674.3,1552.25,825.95,819.9,371.55,634.7,1001.3,1531.8,916
6,10,1333.1,786.1,1674.3,1552.25,825.95,819.9,371.55,634.7,1001.3,1531.8,916
6,11,1333.1,786.1,1674.3,1552.25,825.95,819.9,371.55,634.7,1001.3,1531.8,916
6,12,1333.1,786.1,1674.3,1552.25,825.95,819.9,371.55,634.7,1001.3,1531.8,916
6,13,1333.1,786.1,1674.3,1552.25,825.95,819.9,371.55,634.7,1001.3,1531.8,916
6,14,1333.1,786.1,1674.3,1552.25,825.95,819.9,371.55,634.7,1001.3,1531.8,916
6,15,1333.1,786.1,1674.3,1552.25,825.95,819.9,371.55,634.7,1001.3,1531.8,916
6,16,1333.1,786.1,1674.3,1552.25,825.95,819.9,371.55,634.7,1001.3,1531.8,916
6,17,1333.1,786.1,1674.3,1552.25,825.95,819.9,371.55,634.7,1001.3,1531.8,916
6,18,1333.1,786.1,1674.3,1552.25,825.95,819.9,371.55,634.7,1001.3,1531.8,916
6,19,1333.1,786.1,1674.3,1552.25,825.95,819.9,371.55,634.7,1001.3,1531.8,916
6,20,1333.1,786.1,1674.3,1552.25,825.95,819.9,371.55,634.7,1001.3,1531.8,916
6,21,1333.1,786.1,1674.3,1552.25,825.95,819.9,371.55,634.7,1001.3,1531.8,916
6,22,1333.1,786.1,1674.3,1552.25,825.95,819.9,371.55,634.7,1001.3,1531.8,916
6,23,1333.1,786.1,1674.3,1552.25,825.95,819.9,371.55,634.7,1001.3,1531.8,916
6,24,1333.1,786.1,1674.3,1552.25,825.95,819.9,371.55,634.7,1001.3,1531.8,916
6,25,1333.1,786.1,1674.3,1552.25,825.95,819.9,371.55,634.7,1001.3,1531.8,916
6,26,1333.1,786.1,1674.3,1552.25,825.95,819.9,371.55,634.7,1001.3,1531.8,916
6,27,1333.1,786.1,1674.3,1552.25,825.95,819.9,371.55,634.7,1001.3,1531.8,916
6,28,1333.1,786.1,1674.3,1552.25,825.95,819.9,371.55,634.7,1001.3,1531.8,916
6,29,1333.1,786.1,1674.3,1552.25,825.95,819.9,371.55,634.7,1001.3,1531.8,916
6,30,1333.1,786.1,1674.3,1552.25,825.95,819.9,371.55,634.7,1001.3,1531.8,916
7,1,1333.1,786.1,1674.3,1552.25,825.95,819.9,371.55,634.7,1001.3,1531.8,916
7,2,1333.1,786.1,1674.3,1552.25,825.95,819.9,371.55,634.7,1001.3,1531.8,916
7,3,1333.1,786.1,1674.3,1552.25,825.95,819.9,371.55,634.7,1001.3,1531.8,916
7,4,1333.1,786.1,1674.3,1552.25,825.95,819.9,371.55,634.7,1001.3,1531.8,916
7,5,1333.1,786.1,1674.3,1552.25,825.95,819.9,371.55,634.7,1001.3,1531.8,916
7,6,1333.1,786.1,1674.3,1552.25,825.95,819.9,371.55,634.7,1001.3,1531.8,916
7,7,1333.1,786.1,1674.3,1552.25,825.95,819.9,371.55,634.7,1001.3,1531.8,916
7,8,1333.1,786.1,1674.3,1552.25,825.95,819.9,371.55,634.7,1001.3,1531.8,916
7,9,1333.1,786.1,1674.3,1552.25,825.95,819.9,371.55,634.7,1001.3,1531.8,916
7,10,1333.1,786.1,1674.3,1552.25,825.95,819.9,371.55,634.7,1001.3,1531.8,916
7,11,1333.1,786.1,1674.3,1552.25,825.95,819.9,371.55,634.7,1001.3,1531.8,916
7,12,1333.1,786.1,1674.3,1552.25,825.95,819.9,371.55,634.7,1001.3,1531.8,916
7,13,1333.1,786.1,1674.3,1552.25,825.95,819.9,371.55,634.7,1001.3,1531.8,916
7,14,1333.1,786.1,1674.3,1552.25,825.95,819.9,371.55,634.7,1001.3,1531.8,916
7,15,1333.1,786.1,1674.3,1552.25,825.95,819.9,371.55,634.7,1001.3,1531.8,916
7,16,1333.1,786.1,1674.3,1552.25,825.95,819.9,371.55,634.7,1001.3,1531.8,916
7,17,1333.1,786.1,1674.3,1552.25,825.95,819.9,371.55,634.7,1001.3,1531.8,916
7,18,1333.1,786.1,1674.3,1552.25,825.95,819.9,371.55,634.7,1001.3,1531.8,916
7,19,1333.1,786.1,1674.3,1552.25,825.95,819.9,371.55,634.7,1001.3,1531.8,916
7,20,1333.1,786.1,1674.3,1552.25,825.95,819.9,371.55,634.7,1001.3,1531.8,916
7,21,1333.1,786.1,1674.3,1552.25,825.95,819.9,371.55,634.7,1001.3,1531.8,916
7,22,1333.1,786.1,1674.3,1552.25,825.95,819.9,371.55,634.7,1001.3,1531.8,916
7,23,1333.1,786.1,1674.3,1552.25,825.95,819.9,371.55,634.7,1001.3,1531.8,916
7,24,1333.1,786.1,1674.3,1552.25,825.95,819.9,371.55,634.7,1001.3,1531.8,916
7,25,1333.1,786.1,1674.3,1552.25,825.95,819.9,371.55,634.7,1001.3,1531.8,916
7,26,1333.1,786.1,1674.3,1552.25,825.95,819.9,371.55,634.7,1001.3,1531.8,916
7,27,1333.1,786.1,1674.3,1552.25,825.95,819.9,371.55,634.7,1001.3,1531.8,916
7,28,1333.1,786.1,1674.3,1552.25,825.95,819.9,371.55,634.7,1001.3,1531.8,916
7,29,1333.1,786.1,1674.3,1552.25,825.95,819.9,371.55,634.7,1001.3,1531.8,916
7,30,1333.1,786.1,1674.3,1552.25,825.95,819.9,371.55,634.7,1001.3,1531.8,916
7,31,1333.1,786.1,1674.3,1552.25,825.95,819.9,371.55,634.7,1001.3,1531.8,916
8,1,1333.1,786.1,1674.3,1552.25,825.95,819.9,371.55,634.7,1001.3,1531.8,916
8,2,1333.1,786.1,1674.3,1552.25,825.95,819.9,371.55,634.7,1001.3,1531.8,916
8,3,1333.1,786.1,1674.3,1552.25,825.95,819.9,371.55,634.7,1001.3,1531.8,916
8,4,1333.1,786.1,1674.3,1552.25,825.95,819.9,371.55,634.7,1001.3,1531.8,916
8,5,1333.1,786.1,1674.3,1552.25,825.95,819.9,371.55,634.7,1001.3,1531.8,916
8,6,1333.1,786.1,1674.3,1552.25,825.95,819.9,371.55,634.7,1001.3,1531.8,916
8,7,1333.1,786.1,1674.3,1552.25,825.95,819.9,371.55,634.7,1001.3,1531.8,916
8,8,1333.1,786.1,1674.3,1552.25,825.95,819.9,371.55,634.7,1001.3,1531.8,916
8,9,1333.1,786.1,1674.3,1552.25,825.95,819.9,371.55,634.7,1001.3,1531.8,916
8,10,1333.1,786.1,1674.3,1552.25,825.95,819.9,371.55,634.7,1001.3,1531.8,916
8,11,1333.1,786.1,1674.3,1552.25,825.95,819.9,371.55,634.7,1001.3,1531.8,916
8,12,1333.1,786.1,1674.3,1552.25,825.95,819.9,371.55,634.7,1001.3,1531.8,916
8,13,1333.1,786.1,1674.3,1552.25,825.95,819.9,371.55,634.7,1001.3,1531.8,916
8,14,1333.1,786.1,1674.3,1552.25,825.95,819.9,371.55,634.7,1001.3,1531.8,916
8,15,1333.1,786.1,1674.3,1552.25,825.95,819.9,371.55,634.7,1001.3,1531.8,916
8,16,1333.1,786.1,1674.3,1552.25,825.95,819.9,371.55,634.7,1001.3,1531.8,916
8,17,1333.1,786.1,1674.3,1552.25,825.95,819.9,371.55,634.7,1001.3,1531.8,916
8,18,1333.1,786.1,1674.3,1552.25,825.95,819.9,371.55,634.7,1001.3,1531.8,916
8,19,1333.1,786.1,1674.3,1552.25,825.95,819.9,371.55,634.7,1001.3,1531.8,916
8,20,1333.1,786.1,1674.3,1552.25,825.95,819.9,371.55,634.7,1001.3,1531.8,916
8,21,1333.1,786.1,1674.3,1552.25,825.95,819.9,371.55,634.7,1001.3,1531.8,916
8,22,1333.1,786.1,1674.3,1552.25,825.95,819.9,371.55,634.7,1001.3,1531.8,916
8,23,1333.1,786.1,1674.3,1552.25,825.95,819.9,371.55,634.7,1001.3,1531.8,916
8,24,1333.1,786.1,1674.3,1552.25,825.95,819.9,371.55,634.7,1001.3,1531.8,916
8,25,1333.1,786.1,1674.3,1552.25,825.95,819.9,371.55,634.7,1001.3,1531.8,916
8,26,1333.1,786.1,1674.3,1552.25,825.95,819.9,371.55,634.7,1001.3,1531.8,916
8,27,1333.1,786.1,1674.3,1552.25,825.95,819.9,371.55,634.7,1001.3,1531.8,916
8,28,1333.1,786.1,1674.3,1552.25,825.95,819.9,371.55,634.7,1001.3,1531.8,916
8,29,1333.1,786.1,1674.3,1552.25,825.95,819.9,371.55,634.7,1001.3,1531.8,916
8,30,1333.1,786.1,1674.3,1552.25,825.95,819.9,371.55,634.7,1001.3,1531.8,916
8,31,1333.1,786.1,1674.3,1552.25,825.95,819.9,371.55,634.7,1001.3,1531.8,916
9,1,1332.02,785.722,1673.22,1551.53,825.419,819.189,371.55,634.7,1000.67,1531.17,915.307
9,2,1331.03,785.344,1672.05,1550.81,824.888,818.469,371.55,634.7,1000.13,1530.45,914.614
9,3,1330.13,784.966,1670.88,1550.09,824.348,817.749,371.55,634.7,999.5,1529.82,913.921
9,4,1329.05,784.579,1669.8,1549.28,823.817,817.02,371.55,634.7,998.87,1529.19,913.228
9,5,1327.97,784.201,1668.63,1548.56,823.286,816.291,371.55,634.7,998.33,1528.47,912.526
9,6,1326.98,783.805,1667.46,1547.84,822.728,815.562,371.55,634.7,997.7,1527.84,911.824
9,7,1325.99,783.418,1666.38,1547.12,822.161,814.815,371.55,634.7,997.07,1527.21,911.122
9,8,1324.91,783.022,1665.21,1546.31,821.594,814.077,371.55,634.7,996.53,1526.58,910.411
9,9,1323.83,782.617,1664.04,1545.59,821.009,813.321,371.55,634.7,995.9,1525.86,909.7
9,10,1322.75,782.221,1662.78,1544.78,820.406,812.565,371.55,634.7,995.27,1525.23,908.989
9,11,1321.67,781.807,1661.7,1543.97,819.803,811.809,371.55,634.7,994.64,1524.6,908.269
9,12,1320.68,781.402,1660.44,1543.25,819.209,811.035,371.55,634.7,994.01,1523.88,907.558
9,13,1319.51,780.988,1659.27,1542.44,818.606,810.27,371.55,634.7,993.38,1523.25,906.838
9,14,1318.43,780.574,1658.1,1541.72,818.012,809.487,371.55,634.7,992.75,1522.62,906.109
9,15,1317.35,780.151,1656.93,1540.91,817.382,808.704,371.55,634.7,992.12,1521.9,905.389
9,16,1316.27,779.728,1655.67,1540.1,816.743,807.912,371.55,634.7,991.49,1521.27,904.66
9,17,1315.1,779.296,1654.5,1539.29,816.104,807.111,371.55,634.7,990.86,1520.64,903.931
9,18,1313.93,778.864,1653.24,1538.48,815.42,806.31,371.55,634.7,990.23,1519.92,903.202
9,19,1312.85,778.423,1651.98,1537.67,814.736,805.491,371.55,634.7,989.6,1519.29,902.464
9,20,1311.68,777.982,1650.81,1536.86,814.052,804.672,371.379,634.7,988.97,1518.66,901.726
9,21,1310.51,777.541,1649.55,1536.05,813.368,803.844,371.199,634.7,988.34,1518.03,900.988
9,22,1309.34,777.091,1648.29,1535.15,812.684,803.007,371.019,634.7,987.71,1517.49,900.241
9,23,1308.08,776.632,1647.12,1534.34,811.991,802.161,370.848,634.7,987.08,1516.68,899.494
9,24,1306.91,776.173,1645.77,1533.53,811.289,801.297,370.668,634.7,986.45,1515.96,898.747
9,25,1305.65,775.705,1644.51,1532.63,810.551,800.433,370.488,634.7,985.82,1515.33,898
9,26,1304.48,775.228,1643.25,1531.82,809.813,799.551,370.299,634.7,985.1,1514.7,897.244
9,27,1303.22,774.751,1641.99,1530.92,809.021,798.66,370.119,634.7,984.47,1513.98,896.479
9,28,1301.96,774.265,1640.73,1530.11,808.274,797.76,369.93,634.7,983.84,1513.35,895.723
9,29,1300.61,773.77,1639.38,1529.21,807.5,796.851,369.75,634.7,983.21,1512.72,894.958
9,30,1299.44,773.266,1638.12,1528.31,806.699,795.933,369.561,634.7,982.58,1512,894.184
10,1,1298.09,772.762,1636.77,1527.5,805.898,794.997,369.372,634.295,981.86,1511.28,893.419
10,2,1296.74,772.249,1635.42,1526.6,805.088,794.052,369.174,633.89,981.23,1510.56,892.636
10,3,1295.39,771.727,1634.16,1525.7,804.224,793.098,368.985,633.485,980.51,1509.84,891.862
10,4,1294.31,771.187,1632.81,1524.8,803.423,792.126,368.796,633.08,979.88,1509.12,891.079
10,5,1292.78,770.647,1631.46,1523.9,802.55,791.145,368.598,632.657,979.25,1508.4,890.287
10,6,1291.34,770.098,1630.11,1523,801.686,790.155,368.4,632.216,978.53,1507.68,889.495
10,7,1289.99,769.531,1628.76,1522.1,800.813,789.147,368.202,631.793,977.9,1506.96,888.703
10,8,1288.55,768.955,1627.41,1521.11,799.859,788.13,367.995,631.388,977.18,1506.24,887.902
10,9,1287.11,768.37,1625.97,1520.21,798.986,787.086,367.797,630.974,976.55,1505.43,887.101
10,10,1285.58,767.767,1624.62,1519.31,798.032,786.033,367.59,630.533,975.83,1504.71,886.3
10,11,1284.14,767.164,1623.18,1518.32,797.069,784.971,367.383,630.092,975.2,1503.99,885.49
10,12,1282.61,766.534,1621.83,1517.42,796.115,783.882,367.176,629.651,974.48,1503.27,884.671
10,13,1281.08,765.895,1620.39,1516.43,795.134,782.784,366.969,629.21,973.76,1502.55,883.861
10,14,1279.46,765.247,1618.95,1515.53,794.063,781.668,366.744,628.769,973.13,1501.83,883.033
10,15,1277.84,764.581,1617.51,1514.54,793.001,780.525,366.528,628.328,972.41,1501.11,882.214
10,16,1276.13,763.906,1616.07,1513.55,791.93,779.364,366.303,627.887,971.69,1500.39,881.386
10,17,1274.42,763.213,1614.54,1512.56,790.868,778.176,366.069,627.446,970.97,1499.67,880.549
10,18,1272.71,762.502,1613.1,1511.57,789.671,776.97,365.835,627.005,970.25,1498.86,879.721
10,19,1270.82,761.773,1611.57,1510.58,788.474,775.737,365.592,626.564,969.62,1498.23,878.875
10,20,1269.11,761.026,1610.04,1509.59,787.277,774.477,365.349,626.123,968.9,1497.42,878.029
10,21,1267.04,760.252,1608.6,1508.6,786.035,773.19,365.097,625.682,968.18,1496.7,877.183
10,22,1265.24,759.46,1607.07,1507.61,784.667,771.885,364.836,625.196,967.46,1495.98,876.319
10,23,1263.17,758.641,1605.54,1506.53,783.299,770.544,364.575,624.719,966.74,1495.26,875.455
10,24,1261.1,757.786,1603.92,1505.54,781.922,769.176,364.305,624.278,966.02,1494.45,874.582
10,25,1258.94,756.895,1602.48,1504.46,780.491,767.781,364.026,623.828,965.3,1493.64,873.7
10,26,1256.69,755.941,1600.86,1503.47,779.042,766.35,363.738,623.342,964.49,1492.83,872.809
10,27,1254.35,754.933,1599.24,1502.39,777.44,764.892,363.441,622.856,963.68,1492.02,871.918
10,28,1251.83,753.862,1597.62,1501.4,775.847,763.407,363.135,622.37,962.96,1491.21,871.018
10,29,1249.22,752.71,1596.09,1500.32,774.164,761.895,362.82,621.893,962.15,1490.4,870.1
10,30,1246.7,751.459,1594.38,1499.24,772.427,760.338,362.487,621.407,961.43,1489.59,869.191
10,31,1243.82,750.1,1592.76,1498.16,770.6,758.754,362.145,620.921,960.62,1488.78,868.264
11,1,1241.03,750.1,1591.14,1497.08,770.6,757.116,361.785,620.435,959.81,1487.97,867.328
11,2,1237.97,750.1,1589.43,1496,770.6,755.442,361.398,619.913,959.09,1487.16,866.392
11,3,1234.82,750.1,1587.72,1494.83,770.6,753.723,361.011,619.373,958.28,1486.35,865.447
11,4,1231.67,750.1,1586.01,1493.75,770.6,751.95,360.597,618.887,957.47,1485.54,864.493
11,5,1228.34,750.1,1584.21,1492.67,770.6,750.132,360.174,618.392,956.75,1484.73,863.539
11,6,1224.56,750.1,1582.5,1491.5,770.6,748.26,359.724,617.852,955.94,1483.92,862.567
11,7,1220.87,750.1,1580.7,1490.33,770.6,746.334,359.247,617.339,955.22,1483.11,861.595
11,8,1216.91,750.1,1578.9,1489.25,770.6,744.345,358.734,616.853,954.41,1482.3,860.614
11,9,1212.59,750.1,1577.1,1488.08,770.6,742.284,358.194,616.331,953.6,1481.49,859.624
11,10,1208.36,750.1,1575.3,1486.91,770.6,740.169,357.6,615.8,952.88,1480.68,858.625
11,11,1203.68,750.1,1573.41,1485.74,770.6,737.991,356.943,615.26,952.07,1479.87,857.617
11,12,1198.64,750.1,1571.61,1484.57,770.6,735.714,356.223,614.72,951.26,1479.06,856.6
11,13,1193.06,750.1,1569.63,1483.31,770.6,733.32,355.395,614.18,950.54,1478.25,855.574
11,14,1187.03,750.1,1567.74,1482.14,770.6,730.791,354.396,613.64,949.73,1477.44,854.539
11,15,1180.1,750.1,1565.67,1480.88,770.6,728.1,353.1,613.1,948.92,1476.63,853.486
11,16,1180.1,750.1,1563.69,1479.08,770.6,728.1,353.1,613.1,947.39,1474.74,851.821
11,17,1180.1,750.1,1561.62,1477.19,770.6,728.1,353.1,613.1,945.86,1472.76,850.129
11,18,1180.1,750.1,1559.64,1475.3,770.6,728.1,353.1,613.1,944.15,1470.87,848.41
11,19,1180.1,750.1,1557.57,1473.41,770.6,728.1,353.1,613.1,942.53,1468.98,846.664
11,20,1180.1,750.1,1555.41,1471.52,770.6,728.1,353.1,613.1,940.82,1467.09,844.882
11,21,1180.1,750.1,1553.34,1469.54,770.6,728.1,353.1,613.1,939.02,1465.2,843.082
11,22,1180.1,750.1,1551.09,1467.47,770.6,728.1,353.1,613.1,937.31,1463.31,841.246
11,23,1180.1,750.1,1548.84,1465.49,770.6,728.1,353.1,613.1,935.51,1461.42,839.374
11,24,1180.1,750.1,1546.59,1463.42,770.6,728.1,353.1,613.1,933.62,1459.53,837.457
11,25,1180.1,750.1,1544.34,1461.26,770.6,728.1,353.1,613.1,931.82,1457.64,835.513
11,26,1180.1,750.1,1542,1459.1,770.6,728.1,353.1,613.1,929.93,1455.66,833.524
11,27,1180.1,750.1,1539.66,1456.94,770.6,728.1,353.1,613.1,928.04,1453.77,831.49
11,28,1180.1,750.1,1537.14,1454.69,770.6,728.1,353.1,613.1,926.06,1451.88,829.42
11,29,1180.1,750.1,1534.62,1452.44,770.6,728.1,353.1,613.1,924.17,1449.99,827.305
11,30,1180.1,750.1,1532.1,1450.1,770.6,728.1,353.1,613.1,922.1,1448.1,825.1
12,1,1180.1,750.1,1532.1,1450.1,770.6,728.1,353.1,613.1,922.1,1448.1,825.1
12,2,1180.1,750.1,1532.1,1450.1,770.6,728.1,353.1,613.1,922.1,1448.1,825.1
12,3,1180.1,750.1,1532.1,1450.1,770.6,728.1,353.1,613.1,922.1,1448.1,825.1
12,4,1180.1,750.1,1532.1,1450.1,770.6,728.1,353.1,613.1,922.1,1448.1,825.1
12,5,1180.1,750.1,1532.1,1450.1,770.6,728.1,353.1,613.1,922.1,1448.1,825.1
12,6,1180.1,750.1,1532.1,1450.1,770.6,728.1,353.1,613.1,922.1,1448.1,825.1
12,7,1180.1,750.1,1532.1,1450.1,770.6,728.1,353.1,613.1,922.1,1448.1,825.1
12,8,1180.1,750.1,1532.1,1450.1,770.6,728.1,353.1,613.1,922.1,1448.1,825.1
12,9,1180.1,750.1,1532.1,1450.1,770.6,728.1,353.1,613.1,922.1,1448.1,825.1
12,10,1180.1,750.1,1532.1,1450.1,770.6,728.1,353.1,613.1,922.1,1448.1,825.1
12,11,1180.1,750.1,1532.1,1450.1,770.6,728.1,353.1,613.1,922.1,1448.1,825.1
12,12,1180.1,750.1,1532.1,1450.1,770.6,728.1,353.1,613.1,922.1,1448.1,825.1
12,13,1180.1,750.1,1532.1,1450.1,770.6,728.1,353.1,613.1,922.1,1448.1,825.1
12,14,1180.1,750.1,1532.1,1450.1,770.6,728.1,353.1,613.1,922.1,1448.1,825.1
12,15,1180.1,750.1,1532.1,1450.1,770.6,728.1,353.1,613.1,922.1,1448.1,825.1
12,16,1180.1,750.1,1532.1,1450.1,770.6,728.1,353.1,613.1,922.1,1448.1,825.1
12,17,1180.1,750.1,1532.1,1450.1,770.6,728.1,353.1,613.1,922.1,1448.1,825.1
12,18,1180.1,750.1,1532.1,1450.1,770.6,728.1,353.1,613.1,922.1,1448.1,825.1
12,19,1180.1,750.1,1532.1,1450.1,770.6,728.1,353.1,613.1,922.1,1448.1,825.1
12,20,1180.1,750.1,1532.1,1450.1,770.6,728.1,353.1,613.1,922.1,1448.1,825.1
12,21,1180.1,750.1,1532.1,1450.1,770.6,728.1,353.1,613.1,922.1,1448.1,825.1
12,22,1180.1,750.1,1532.1,1450.1,770.6,728.1,353.1,613.1,922.1,1448.1,825.1
12,23,1180.1,750.1,1532.1,1450.1,770.6,728.1,353.1,613.1,922.1,1448.1,825.1
12,24,1180.1,750.1,1532.1,1450.1,770.6,728.1,353.1,613.1,922.1,1448.1,825.1
12,25,1180.1,750.1,1532.1,1450.1,770.6,728.1,353.1,613.1,922.1,1448.1,825.1
12,26,1180.1,750.1,1532.1,1450.1,770.6,728.1,353.1,613.1,922.1,1448.1,825.1
12,27,1180.1,750.1,1532.1,1450.1,770.6,728.1,353.1,613.1,922.1,1448.1,825.1
12,28,1180.1,750.1,1532.1,1450.1,770.6,728.1,353.1,613.1,922.1,1448.1,825.1
12,29,1180.1,750.1,1532.1,1450.1,770.6,728.1,353.1,613.1,922.1,1448.1,825.1
12,30,1180.1,750.1,1532.1,1450.1,770.6,728.1,353.1,613.1,922.1,1448.1,825.1
12,31,1180.1,750.1,1532.1,1450.1,770.6,728.1,353.1,613.1,922.1,1448.1,825.1
