"# In the Columbia Basin, every agency and group has a slightly different naming convention",,,,,,,,,,,
# This file is the definitive source to lookup naming conventions,,,,,,,,,,,
# This is intended to be the master list that can be retrieved by scripts to convert between naming conventions if necessary,,,,,,,,,,,
# The first column is used to keep the file in order from upstream to downstream,,,,,,,,,,,
#The # character can be used to denote a comment line,,,,,,,,,,,
"#You can add additional columns with no problem or rearrange the columns, but don't rename them",,,,,,,,,,,
"#For natural lakes (e.g. Arrow), put the lake elevation gage in the ""CBT_Code_Lake"" field, e.g. QBYB",,,,,,,,,,,
"# Feel free to open this file in excel and apply the ""filter"" feature to sort through this list",,,,,,,,,,,
ORDER_ID,POINT_TYPE,MODIFIED_FLOW_CODE,CBT_CODE,CBT_NAME,CBT_CODE_LAKE,RESSIM_NAME,NWRFC_CODE,USGS_CODE,USGS_NAME,HYDSIM_PROJECT_CODE,NOTES
1,Reservoir,MCD,MCDB,Mica Dam,,Mica,MCDQ2,,,1890,
2,Junction,,ILLB,Illecillewaet R @ Greeley,,,,,,,
3,Reservoir,RVC,REVB,Revelstoke Dam,,Revelstoke,REVQ2,,,1870,
4,Junction,,NAKB,Arrow Res @ Nakusp,,,,,,,
5,Junction,,FQRB,Arrow Res nr Fauquier,,,,,,,
6,Reservoir,ARD,ARDB,Arrow Dam,FQRB,Arrow Lakes,ARDQ2,,,1831,
7,Junction,,FSTB,Kootenay River at Fort Steele,,,,,,,
8,Reservoir,LIB,LIB,Libby Dam Near Libby,,Libby,LYDM8,,,1760,
9,Junction,LIB,LIB,Libby Dam Near Libby,,Libby,KBDM8,12301933,Kootenai River bl Libby Dam nr Libby MT            ,,
10,Junction,,FISM,Fisher River Near Libby 11E,,Kootenai+Fisher,FISM8,12302055,Fisher River near Libby MT                         ,,
11,Junction,,TRYM,Yaak River Near Troy 8NW,,Kootenai+Yaak,TRYM8,12304500,Yaak River near Troy MT                            ,,
12,Junction,,LEOI,Kootenai River At Leonia,,,LEOI1,12305000,Kootenai River at Leonia ID                        ,,
13,Junction,,EASI,MOYIE RIVER AT EASTPORT,,,EASI1,12306500,Moyie River at Eastport ID,,
14,Junction,,KRMI,Kootenai R Blw Moyie Riv,,Kootenai+Moyie,KRMI1,12308000,Kootenai River Bel Moyie River nr Bonners Ferry ID ,,
15,Junction,BFE,BFEI,Kootenai River At Bonners Ferry,,Bonners Ferry,BFEI1,12309500,Kootenai River at Bonners Ferry ID                ,1740,
16,Junction,,PORI,Kootenai River at Porthill,,,,12322000,Kootenai River at Porthill ID,,
17,Reservoir,DCD,DCDB,Duncan Dam,,Duncan,DCDQ2,,,1681,
18,Junction,,DBLB,Duncan R blw Lardeau R,,,,,,,
19,Junction,,SSLB,Kootenay R @ Nelson,,,,,,,
20,Reservoir,COR,QBYB,Kootenay R @ Cora Linn,QBYB,Corra Linn,QBYQ2,,,1665,"CBT_CODE can be CORB for the forebay, but typically QBYB is used."
21,Reservoir,UBN,UBN,,,Upper Bonnington,,,,1663,
22,Reservoir,LBN,LBN,,,Lower Bonnington,,,,1660,
23,Reservoir,SLO,SLO,,,Slocan,,,,1658,
24,Junction,,SLCB,Slocan R nr Crescent Valley,,,SLCQ2,,,,
25,Reservoir,BRI,BRDB,Kootenay R @ Brilliant,,Brilliant,BRDQ2,,,1652,
26,Junction,MUC,BIRB,Columbia R @ Birchbank,,Birchbank,BIRQ2,,,,
27,Junction,,TNCM,SOUTH FORK FLATHEAD RIVER ABOVE TWIN CREEK NEAR HUNGRY HORSE 36SE,,,,12359800,S F Flathead R ab Twin C nr Hungry Horse MT,,
28,Reservoir,HGH,HGH,Hungry Horse Dam nr Hungry Horse,,Hungry Horse,HHWM8,12362000,Hungry Horse Reservoir nr Hungry Horse MT,1530,
29,Junction,HGH,HGH,Hungry Horse Dam nr Hungry Horse,,Hungry Horse,SFCM8,12362500,S F Flathead River nr Columbia Falls MT         ,,
30,Junction,,WGCM,Middle Frk Flathd R nr W Glacier,,,WGCM8,12358500,M F Flathead River near West Glacier MT         ,,
31,Junction,,FCFM,N Frk Flathd R nr Columbia Falls,,,FCFM8,12355500,N F Flathead River nr Columbia Falls MT         ,,
32,Junction,CFM,CFMM,Flathead River At Columbia Falls,,Columbia Falls,CFMM8,12363000,Flathead River at Columbia Falls MT             ,1520,
33,Junction,,SRLM,Stillwater R @ Lawrence Park,,,SRLM8,12365700,Stillwater River at Lawrence Park at Kalispell,,
34,Junction,,WFRM,Whitefish R @ mouth @ Kalispell,,,WFRM8,12366080,Whitefish River nr mouth at Kalispell MT,,
35,Junction,,FRBM,,,,,12369000,Flathead River near Bigfork MT,,
36,Junction,,SWRM,Swan R nr Bigfork 5SE,,,SWRM8,12370000,Swan River near Bigfork MT                     ,,
37,Reservoir,KER,KERM,SKQ Dam,KERM,SKQ,KERM8,12371550,Flathead Lake at Polson MT,1510,
38,Junction,KER,KERM,SKQ Dam,KERM,SKQ,FPOM8,12372000,Flathead River near Polson MT                   ,,
39,Junction,,PERM,Flathead R @ Perma near Dixon,,,PERM8,12388700,Flathead River at Perma MT ,,
40,Junction,,SRGM,Clark Fork R near Saint Regis,,Clark Fork+Flathead,SRGM8,12354500,Clark Fork at St. Regis MT                          ,,
41,Junction,,PLNM,Clark Fork River Near Plains 2SE,,Clark Fork_at Plains,PLNM8,12389000,Clark Fork near Plains MT                           ,,
42,Junction,,THRM,Thompson R nr Thompson Falls Mt,,Clark Fork+Thompson,THRM8,12389500,Thompson River near Thompson Falls MT,,
43,Reservoir,TOM,TOM,Thompson Falls Dam,,Thompson Falls,,,,1490,
44,Junction,,CFLI,Lightning Cr @ Clark Fk,,Clark Fork+Lightning Ck,LTCI1,12392155,Lightning Creek at Clark Fork ID,,
45,Reservoir,NOX,NOX,Noxon Dam,,Noxon Rapids,NOXM8,,,1480,
46,Reservoir,CAB,CAB,Cabinet Gorge Dam,,Cabinet Gorge,CABI1,,,1475,
47,Reservoir,PSL,PSL,,,Priest Lake,,,,1470,
48,Junction,,PSLI,Priest River nr Coolin,,,,12394000,Priest River nr Coolin ID                          ,,
49,Junction,,PRTI,Priest River Near Priest 3N,,Pend Oreille+Priest,PRTI1,12395000,Priest River nr Priest River ID                     ,,
50,Reservoir,ALF,ALF,Albeni Falls Dam,HOPI,Albeni Falls,ALFW1,,,1465,
51,Junction,ALF,ALF,Albeni Falls Dam,,Albeni Falls,,12395500,Pend Oreille River at Newport WA                    ,,
52,Reservoir,BOX,BOX,Box Canyon Dam,,Box Canyon,,,,1460,
53,Junction,BOX,BOX,Box Canyon Dam,,Box Canyon,,12396500,Pend Oreille River below Box Canyon near Ione WA    ,,
54,Reservoir,BDY,BDY,Boundary Dam,,Boundary,,,,1450,
55,Reservoir,SEV,SEVB,Seven Mi Dam,,Seven Mile,,,,1442,
56,Reservoir,WAT,WANB,Waneta Dam on Pend Oreille R,,Waneta,WANQ2,,,1440,
57,Junction,,CIBW,Columbia River at Int'l Boundary,,,CIBW1,12399500,Columbia River at International Boundary            ,,
58,Junction,,LAUW,Kettle River Near Laurier 1sE,,Columbia+Kettle,LAUW1,12404500,Kettle River near Laurier WA                       ,,
59,Reservoir,COE,COEI,Cour D'Alene Lk @ Coeur D'Alene,COEI,Post Falls,COEI1,12415500,COEUR D ALENE LAKE AT COEUR D ALENE ID              ,1340,
60,Junction,COE,COEI,Cour D'Alene Lk @ Coeur D'Alene,,Post Falls,PTFI1,12419000,Spokane River nr Post Falls ID                      ,,
61,Reservoir,UPF,UPF,,,Upper Falls,,,,1332,
62,Reservoir,MON,MON,,,Monroe Street,,,,1330,
63,Junction,,SPOW,Spokane River At Spokane,,,SPOW1,12422500,Spokane River at Spokane WA,,
64,Junction,,HAGW,Hangman Creek At Spokane,,,HAGW1,12424000,Hangman Creek at Spokane WA,,
65,Junction,,LSDW,Little Spokane R @ Dartfort,,,LSDW1,12431000,Little Spokane River at Dartford WA,,
66,Reservoir,NIN,NIN,,,Nine Mile,,,,1315,
67,Reservoir,LLK,LLK,Long Lake Dam,,Long Lake,LLKW1,,,1305,
68,Reservoir,LFL,LFL,,,Little Falls,,,,1302,
69,Junction,,KTFW,Colville River At Kettle Falls,,,KTFW1,12409000,Colville River at Kettle Falls WA,,
70,Junction,FDR,BNK,Banks Lake nr Grand Coulee,,Banks Lake,BNKW1,,,,
71,Reservoir,GCL,GCL,Grand Coulee Dam,,Grand Coulee,GCDW1,,,1280,
72,Reservoir,CHJ,CHJ,Chief Joseph Dam,,Chief Joseph,CHJW1,,,1270,
73,Junction,,OKMW,Okanogan River At Malott,,Columbia+Okanogan,OKMW1,12447200,Okanogan River at Malott WA                         ,,
74,Junction,,PATW,Methow River Near Pateros 4NW,,Columbia+Methow,PATW1,12449950,Methow River near Pateros WA                        ,,
75,Reservoir,WEL,WEL,Wells Dam,,Wells,WELW1,,,1220,
76,Junction,,STHW,Stehekin River Near Stehekin 2NW,,,STHW1,12451000,Stehekin River at Stehekin WA,,
77,Junction,,ARDW,Entiat R nr Ardenvoir 6NW,,,ARDW1,12452800,Entiat River nr Ardenvoir WA,,
78,Reservoir,CHL,CHL,Chelan Dam,,Chelan,CHDW1,,,1210,
79,Reservoir,RRH,RRH,Rocky Reach Dam,,Rocky Reach,RRHW1,,,1200,
80,Junction,,PESW,Wenatchee R near Peshastin 1NNW,,,PESW1,12459000,Wenatchee River at Peshastin WA,,
81,Junction,,MONW,Wenatchee River Near Monitor 1N,,Columbia+Wenatchee,MONW1,12462500,Wenatchee River at Monitor WA                       ,,
82,Reservoir,RIS,RIS,Rock Island Dam,,Rock Island,RISW1,,,1170,
83,Reservoir,WAN,WAN,Wanapum Dam,,Wanapum,WANW1,,,1165,
84,Reservoir,PRD,PRD,Priest Rapids Dam,,Priest Rapids,PRWW1,,,1160,
85,Junction,PRD,PRD,Priest Rapids Dam,,Priest Rapids,PRDW1,12472800,Columbia River Below Priest Rapids Dam WA           ,,
86,Reservoir,,KEE,Keechelus Dam & Lk on Yakima R,,Keechelus,KEDW1,,,,
87,Reservoir,,KAC,Lake Kachess - KAC,,Kachess,KADW1,,,,
88,Reservoir,,CLE,Cle Elum Dam & Lk on Cle Elum,,Cle Elum,CLUW1,,,,
89,Reservoir,,BUM,Bumping Dam & Lk on Bumping R,,Bumping Lake,BUDW1,,,,
90,Reservoir,,RIM,Tieton Dam & Rimrock Lk,,Tieton,RILW1,,,,
91,Junction,,UMTW,Yakima River At Umtanum,,Yakima_at Umtanum,UMTW1,12484500,YAKIMA RIVER AT UMTANUM WA                          ,,
92,Junction,,PARW,Yakima R near Parker,,Yakima+Naches,,12500450,YAKIMA RIVER ABOVE AHTANUM CREEK AT UNION GAP WA   ,,
93,Junction,YAK,KIOW,Yakima River At Kiona,,Yakima_Modified,KIOW1,12510500,Yakima River at Kiona WA                            ,,
94,Reservoir,,JCK,Snake R On Jackson Lk @ Dam,,Jackson Lake,JLKW4,,,,
95,Junction,,JCK,Snake R On Jackson Lk @ Dam,,Jackson Lake,JLKW4,13011000,SNAKE RIVER NR MORAN WY                            ,,
96,Junction,,BFKY,Buffalo Fk Abv Lava Cr nr Moran,,Buffalo_HW,BFKW4,13011900,BUFFALO FORK AB LAVA CREEK NR MORAN WY             ,,
97,Junction,,,,,Moose,MSEW4,13013650,SNAKE RIVER AT MOOSE WY                           ,,
98,Junction,,GROY,Gros Ventre R @ Zenith,,Gros Ventre_HW,GVZW4,13015000,GROS VENTRE RIVER AT ZENITH WY                     ,,
99,Junction,,JKSY,Snake R Blw Flat Cr nr Jcksn,,Snake DS Flat_Ck,JKSW4,13018750,SNAKE RIVER BL FLAT CREEK NR JACKSON WY            ,,
100,Junction,,,,,Hoback_HW,,13019500,HOBACK RIVER NR JACKSON WY                        ,,
101,Junction,,GREY,Greys Abv Palisades Res nr Alpin,,Greys_HW,GREW4,13023000,GREYS RIVER AB RESERVOIR NR ALPINE WY              ,,
102,Junction,,SALY,Salt R Abv Palisades Re nr Etna,,Salt_HW,SALW4,13027500,SALT RIVER AB RESERVOIR NR ETNA WY                 ,,
103,Reservoir,,PAL,Palisades Dam near Irwin,,Palisades,PLDI1,,,,
104,Junction,,PAL,Palisades Dam near Irwin,,Palisades,PALI1,13032500,SNAKE RIVER NR IRWIN ID                            ,,
105,Junction,,HEII,Snake R nr Heise nr Blackfoot,,Heise,HEII1,13037500,SNAKE RIVER NR HEISE ID                            ,,
106,Junction,,LORI,Snake R near Lorenzo 1N,,Lorenzo,LORI1,13038500,SNAKE RIVER AT LORENZO ID                          ,,
107,Junction,,REXI,Henry's Fork near Rexburg 6W,,Rexburg Gage,REXI1,13056500,HENRYS FORK NR REXBURG ID                          ,,
108,Junction,,SHYI,Snake R near Shelley 3N,,Shelley,SHYI1,13060000,SNAKE RIVER NR SHELLEY ID                          ,,
109,Junction,,BLFI,Blackfoot Riv Nr Blackfoot-ID,,Blackfoot_HW,BLFI1,13068500,BLACKFOOT RIVER NR BLACKFOOT ID                    ,,
110,Reservoir,,AMF,American Falls Res nr Am Fls,,American Falls,AFRI1,,,,
111,Junction,,MINI,Snake R nr Minidoka nr Rupert,,Minidoka,MINI1,13081500,SNAKE R NR MINIDOKA ID (AT HOWELLS FERRY)          ,,
112,Junction,,MILI,Snake R near Milner 12W,,Milner,MILI1,13087995,SNAKE RIVER GAGING STATION AT MILNER ID            ,,
113,Junction,,STFI,Snake R near Twin Falls,,Kimberly,STFI1,13090500,SNAKE RIVER NR TWIN FALLS ID                       ,,
114,Junction,,MLDI,Malad R near Gooding,,Gooding_HW,MLDI1,13152500,MALAD RIVER NR GOODING ID                          ,,
115,Junction,,SKHI,Snake R @ King Hill,,King Hill,SKHI1,13154500,SNAKE RIVER AT KING HILL ID                        ,,
116,Junction,,SWAI,Snake R near Murphy 8NE,,Murphy,SWAI1,13172500,SNAKE RIVER NR MURPHY ID,,
117,Reservoir,,OWY,Lk Owhee&Owyhee R nr Adrian,,Owyhee,OWYO3,,,,
118,Junction,,OWY,Lk Owhee&Owyhee R nr Adrian,,Owyhee,OWYO3,13183000,OWYHEE RIVER BELOW OWYHEE DAM OR                  ,,
119,Reservoir,,AND,Anderson Ranch Dam nr Mtn Home,,Anderson Ranch,ARAI1,,,,
120,Junction,,ANDI,S Fk Boise R@Andersn Rnch Dm,,Anderson Ranch,ANDI1,13190500,SF BOISE RIVER AT ANDERSON RANCH DAM ID            ,,
121,Junction,,SFNI,Sf Boise R@Neal Brg Nr Arrowrock,,Arrowrock_IN_SF,SFNI1,13192200,SF BOISE RIVER AT NEAL BRIDGE NR ARROWROCK DAM ID  ,,
122,Junction,,BTSI,Boise R near Twin Springs,,Arrowrock_IN_MF,BTSI1,13185000,BOISE RIVER NR TWIN SPRINGS ID                     ,,
123,Reservoir,,ARK,Arrowrock Dam,,Arrowrock,ARKI1,,,,
124,Junction,,MORI,Mores Cr Abv Robie Cr nr Boise,,Mores_HW,MORI1,13200000,MORES CREEK AB ROBIE CREEK NR ARROWROCK DAM ID     ,,
125,Reservoir,,LUC,Lucky Peak Dam,,Lucky Peak,LUCI1,,,,
126,Junction,,BIGI,Boise R@Glenwd Brdg nr Boise,,Glenwood Bridge,BIGI1,13206000,BOISE RIVER AT GLENWOOD BRIDGE NR BOISE ID         ,,
127,Junction,,PARI,Boise R near Parma 2W,,DD_Boise nr Parma,PARI1,13213000,BOISE RIVER NR PARMA ID                            ,,
128,Junction,,SNYI,Snake R@Nyssa nr Payette,,Nyssa,SNYI1,13213100,SNAKE RIVER AT NYSSA OR                            ,,
129,Reservoir,,DED,Deadwood Res near Lowman,,Deadwood,DEDI1,,,,
130,Junction,,DEDI,Deadwood R Blw Deadwd Res,,Deadwood,DRBI1,13236500,DEADWOOD RIVER BL DEADWOOD RES NR LOWMAN ID        ,,
131,Reservoir,,CSC,Cascade Dam WS near Cascade 1NW,,Cascade,CSDI1,,,,
132,Junction,,PRLI,South Fork Payette R nr Lowman,,Payette SF_HW,PRLI1,13235000,SOUTH FORK PAYETTE RIVER AT LOWMAN ID             ,,
133,Junction,,MFPI,Middle Fk Payette R nr Crouch,,Payette MF_HW,MFPI1,13237920,MIDDLE FORK PAYETTE RIVER NR CROUCH ID             ,,
134,Junction,,HRSI,Payette R near Horseshoe Bend,,Horseshoe Bend,HRSI1,13247500,PAYETTE RIVER NR HORSESHOE BEND ID                 ,,
135,Junction,,PRPI,Payette R near Payette,,Payette,PRPI1,13251000,PAYETTE RIVER NR PAYETTE ID                        ,,
136,Junction,,WSRI,Weiser R near Weiser,,Weiser_HW,WSRI1,13266000,WEISER RIVER NR WEISER ID                          ,,
137,Reservoir,BRN,BRN,Brownlee,,Brownlee,BRNI1,,,767,
138,Reservoir,OXB,OXB,,,Oxbow,,,,765,
139,Reservoir,HCD,HCD,Hells Canyon Dam,,Hells Canyon,HCDI1,,,762,
140,Junction,,HCDI,Snake R@Hells Canyon Dam,,,HCDI1,,,,
141,Junction,,IMNO,Imnaha R @ Imnaha,,,IMNO3,13292000,IMNAHA RIVER AT IMNAHA,,
142,Junction,WHB,WHBI,Salmon R @ White Bird,,Snake+Salmon,WHBI1,13317000,SALMON RIVER AT WHITE BIRD ID                      ,,
143,Junction,,CHGI,Snake R@Mcduff Rapids,,Snake_RM178.27,SNMI1,13317660,SNAKE RIVER BL MCDUFF RAPIDS AT CHINA GARDENS ID  ,,
144,Junction,,TRYO,Grande Ronde R @ Troy,,Snake+Grande Ronde,TRYO3,13333000,GRANDE RONDE RIVER AT TROY OR                     ,,
145,Junction,ANA,ANAW,Snake R Near Anatone,,Snake+Grande Ronde,ANAW1,13334300,SNAKE RIVER NEAR ANATONE WA                       ,,
146,Junction,ORO,ORFI,Clearwater R @ Orofino,,Orofino,ORFI1,13340000,CLEARWATER RIVER AT OROFINO ID                     ,,
147,Reservoir,DWR,DWR,Dworshak Dam,,Dworshak,DWRI1,,,535,
148,Junction,,PRII,Potlatch R Blw Ltl Potlatch Cr,,Clearwater+Potlach,PRII1,13341570,POTLATCH RIVER BEL LITTLE POTLATCH CR NR SPALDING  ,,
149,Junction,SPD,SPDI,Clearwater R near Spalding,,Spalding,SPDI1,13342500,CLEARWATER RIVER AT SPALDING ID                    ,,
150,Reservoir,LWG,LWG,Lower Granite Dam,,Lower Granite,LGDW1,,,520,
151,Reservoir,LGS,LGS,Little Goose Dam,,Little Goose,LGSW1,,,518,
152,Junction,,HOPW,Palouse R near Hooper,,,HOPW1,13351000,Palouse River at Hooper WA,,
153,Junction,,TCHW,Walla Walla R near Touchet,,,TCHW1,14018500,Walla Walla River near Touchet WA,,
154,Reservoir,LMN,LMN,Lower Monumental Dam,,Lower Monumental,LMNW1,,,504,
155,Reservoir,IHR,IHR,Ice Harbor Dam,,Ice Harbor,IHDW1,,,502,
156,Reservoir,MCN,MCN,McNary Dam,,McNary,MCDW1,,,488,
157,Junction,,UMAO,Umatilla River near Umatilla,,Columbia+Umatilla,UMAO3,14033500,Umatilla River near Umatilla OR                    ,,
158,Junction,,SERO,Serive Creek,,,SERO3,14046500,John Day River at Service Creek OR,,
159,Junction,,WIMO,Morgan Street,,Columbia nr Willow Ck,WILO3,14034608,Willow Creek at Morgan Street at Heppner OR        ,,
160,Reservoir,JDA,JDA,John Day Dam,,John Day,JDAO3,,,440,
161,Reservoir,ROU,ROU,,,Round Butte,,,,390,
162,Reservoir,PEL,PEL,,,Pelton,,,,388,
163,Reservoir,RER,RER,,,Pelton ReReg,,,,387,
164,Junction,,PERO,Deschutes River,,,PERO3,14092500,Deschutes River near Madras OR,,
165,Junction,,MODO,Deschutes River at Moody,,Columbia+Deschutes,MODO3,14103000,Deschutes River at Moody near Biggs OR            ,,
166,Reservoir,TDA,TDA,The Dalles Dam & Lake Celilo,,The Dalles,TDAO3,,,365,
167,Junction,TDA,TDA,The Dalles Dam & Lake Celilo,,The Dalles,TDAO3,14105700,Columbia River at The Dalles OR                    ,,
168,Junction,,PITW,Klickitat River near Pitt,,Columbia+Klickitat,PITW1,14113000,Klickitat River near Pitt WA                       ,,
169,Junction,,MSRO,Mosier Crk Nr Mosier,,Columbia+Mosier Ck,MSRO3,14113200,Mosier Creek Near Mosier OR                     ,,
170,Junction,,HODO,Hood River at Tucker Bridge,,Columbia+Hood+Salmon,HODO3,14120000,Hood River at Tucker Bridge near Hood River OR    ,,
171,Junction,,HOCO,Columbia R @ Hood R OR,,Columbia+Hood+Salmon,,14113290,Columbia River at Hood River OR                    ,,
172,Junction,,UNDW,White Salmon River,,Columbia+Hood+Salmon,UNDW1,14123500,White Salmon River near Underwood WA               ,,
173,Reservoir,BON,BON,Bonneville Dam & Lake,,Bonneville,BONO3,,,320,
174,Reservoir,HCR,HCR,Hills Creek Dam,,Hills Creek,HCRO3,,,,
175,Reservoir,LOP,LOP,Lookout Point Dam,,Lookout Point,LOPO3,,,,
176,Reservoir,DEX,DEX,Dexter Dam,,Dexter,,,,,
177,Reservoir,FAL,FAL,Fall Creek Dam,,Fall Creek,FALO3,,,,
178,Reservoir,DOR,DOR,Dorena Dam,,Dorena,DORO3,,,,
179,Reservoir,COT,COT,Cottage Grove Dam,,Cottage Grove,COTO3,,,,
180,Reservoir,CGR,CGR,Cougar Dam,,Cougar,CGRO3,,,,
181,Reservoir,BLU,BLU,Blue River Dam,,Blue River,BLUO3,,,,
182,Reservoir,FRN,FRN,Fern Ridge Dam,,Fern Ridge,FRNO3,,,,
183,Reservoir,GPR,GPR,Green Peter Reservoir,,Green Peter,GPRO3,,,,
184,Reservoir,FOS,FOS,Foster Reservoir,,Foster,FOSO3,,,,
185,Reservoir,DET,DET,Detroit Dam,,Detroit,DETO3,,,,
186,Reservoir,BCL,BCL,Big Cliff Dam,,Big Cliff,,,,,
187,Junction,SLM,SLMO,Salem,,Willamette_at Salem,SLMO3,14191000,Willamette River at Salem OR,,
188,Junction,,AURO,Pudding River at Aurora,,Wilamette+Molalla,AURO3,14202000,PUDDING RIVER AT AURORA OR ,,
189,Reservoir,,SCO,Scoggins Dam,,Scoggins,SCDO3,,,,
190,Reservoir,SVN,ORC,Willamette River above Falls,,Willamette_abv Falls at Oregon City,ORCO3,14207740,Willamette River above Falls at Oregon City OR    ,,
191,Junction,,ORCO,Willamette River below Falls at Oregon City,,,OCUO3,14207770,Willamette River below Falls at Oregon City OR    ,,
192,Junction,,ESTO,Clackamas River at Estacada,,,ESTO3,14210000,Clackamas River at Estacada OR                     ,,
193,Junction,,OCYO,Clackamas River,,Clackamas_nr Oregon City,COCO3,14211010,Clackamas River near Oregon City OR                ,,
194,Junction,,TYCO,Tryon Cr ab Nettle Cr nr Lk Oswe,,,,14211315,Tryon Creek near Lake Oswego OR                ,,
195,Junction,,SYCO,Johnson Creek,,,SYCO3,14211500,Johnson Creek at Sycamore OR                       ,,
196,Junction,,PRTO,Portland,,Willamette_at Portland,PRTO3,14211720,Willamette River at Portland OR                ,,
197,Junction,,SNDO,Sandy R blw Bull Run nr Bull Run,,Columbia+Sandy,SNDO3,14142500,Sandy River blw Bull Run River nr Bull Run OR     ,,
198,Junction,,HSSW,East Fork Lewis River,,,HSSW1,14222500,East Fork Lewis River near Heisson WA              ,,
199,Junction,MER,MERW,Lewis River at Ariel,,Merwin,MERW1,14220500,Lewis River at Ariel WA                            ,,
200,Reservoir,MER,MERW,Lewis River at Ariel,,Merwin,MEWW1,14220500,Lewis River at Ariel WA                            ,,"NWRFC has it as ""Merwin Dam"" sometimes"
201,Reservoir,MOS,MOS,MOS,,Mossyrock,MSRW1,,,,
202,Reservoir,MAY,MAY,MAY,,Mayfield,MYDW1,,,,
203,Junction,MAY,MAY,MAY,,Mayfield,MAYW1,14238000,Cowlitz River below Mayfield Dam WA                ,,
204,Junction,,SRMO,Sandy River near Marmot  ,,,SRMO3,14137000,Sandy River Near Marmot OR,,
205,Junction,,CASW,Cowlitz River at Castle Rock,,Cowlitz_at Castle Rock,CASW1,14243000,Cowlitz River at Castle Rock WA                    ,,
206,Junction,,NEWW,Newaukum River Near Chehalis,,,NEWW1,12025000,Newaukum River near Chehalis WA                ,,
207,Junction,,DOTW,Chehalis River Near Doty 1W,,,DOTW1,12020000,Chehalis River near Doty WA                    ,,
208,Reservoir,,HAH,HOWARD HANSON RESERVOIR NR PALMER WA,,,HHDW1,,,,
209,Junction,,AUBW,GREEN RIVER NEAR AUBURN 1E,,,AUBW1,,,,
