Date,Elevation,Inflow,Outflow,Zone,Min limit,Max limit,Dam-Max Evacuation Release,Flood Min,Vida Flood Max,Dam-BiOp MinTrib and Withdrawals by WY,MainstemFlowAug,FIRO_SPACE,Draft to RC
1963-01-02,1180.0,251.0,251.0,Rule Curve,251.0,1000.0,1000.0,50.0,1000.0,50.0,0.0,251.0,251.0
1963-01-03,1180.0,490.0,490.0,Rule Curve,490.0,1000.0,1000.0,50.0,1000.0,50.0,0.0,490.0,413.0
1963-01-04,1180.0,391.0,391.0,Rule Curve,391.0,1000.0,1000.0,50.0,1000.0,50.0,0.0,391.0,345.0
1963-01-05,1180.0,333.0,333.0,Rule Curve,333.0,1000.0,1000.0,50.0,1000.0,50.0,0.0,333.0,300.0
1963-01-06,1180.0,286.0,286.0,Rule Curve,286.0,1000.0,1000.0,50.0,1000.0,50.0,0.0,286.0,265.0
1963-01-07,1180.0,257.0,257.0,Rule Curve,257.0,1000.0,1000.0,50.0,1000.0,50.0,0.0,257.0,242.0
1963-01-08,1180.0,228.0,228.0,Rule Curve,228.0,1000.0,1000.0,50.0,1000.0,50.0,0.0,228.0,225.0
1963-01-09,1180.0,216.0,216.0,Rule Curve,216.0,1000.0,1000.0,50.0,1000.0,50.0,0.0,216.0,205.0
1963-01-10,1180.0,205.0,205.0,Rule Curve,205.0,1000.0,1000.0,50.0,1000.0,50.0,0.0,205.0,191.0
1963-01-11,1180.0,168.0,168.0,Rule Curve,168.0,1000.0,1000.0,50.0,1000.0,50.0,0.0,168.0,168.0
1963-01-12,1180.0,174.0,174.0,Rule Curve,174.0,1000.0,1000.0,50.0,1000.0,50.0,0.0,174.0,174.0
1963-01-13,1180.0,174.0,174.0,Rule Curve,174.0,1000.0,1000.0,50.0,1000.0,50.0,0.0,174.0,174.0
1963-01-14,1180.0,163.0,163.0,Rule Curve,163.0,1000.0,1000.0,50.0,1000.0,50.0,0.0,163.0,163.0
1963-01-15,1180.0,163.0,163.0,Rule Curve,163.0,1000.0,1000.0,50.0,1000.0,50.0,0.0,163.0,163.0
1963-01-16,1180.0,159.0,159.0,Rule Curve,159.0,1000.0,1000.0,50.0,1000.0,50.0,0.0,159.0,159.0
1963-01-17,1180.0,148.0,148.0,Rule Curve,148.0,1000.0,1000.0,50.0,1000.0,50.0,0.0,148.0,148.0
1963-01-18,1180.0,144.0,144.0,Rule Curve,144.0,1000.0,1000.0,50.0,1000.0,50.0,0.0,144.0,144.0
1963-01-19,1180.0,134.0,134.0,Rule Curve,134.0,1000.0,1000.0,50.0,1000.0,50.0,0.0,134.0,134.0
1963-01-20,1180.0,130.0,130.0,Rule Curve,130.0,1000.0,1000.0,50.0,1000.0,50.0,0.0,130.0,130.0
1963-01-21,1180.0,124.0,124.0,Rule Curve,124.0,1000.0,1000.0,50.0,1000.0,50.0,0.0,124.0,124.0
1963-01-22,1180.0,124.0,124.0,Rule Curve,124.0,1000.0,1000.0,50.0,1000.0,50.0,0.0,124.0,124.0
1963-01-23,1180.0,119.0,119.0,Rule Curve,119.0,1000.0,1000.0,50.0,1000.0,50.0,0.0,119.0,119.0
1963-01-24,1180.0,119.0,119.0,Rule Curve,119.0,1000.0,1000.0,50.0,1000.0,50.0,0.0,119.0,119.0
1963-01-25,1180.0,114.0,114.0,Rule Curve,114.0,1000.0,1000.0,50.0,1000.0,50.0,0.0,114.0,114.0
1963-01-26,1180.0,114.0,114.0,Rule Curve,114.0,1000.0,1000.0,50.0,1000.0,50.0,0.0,114.0,114.0
1963-01-27,1180.0,114.0,114.0,Rule Curve,114.0,1000.0,1000.0,50.0,1000.0,50.0,0.0,114.0,114.0
1963-01-28,1180.0,110.0,110.0,Rule Curve,110.0,1000.0,1000.0,50.0,1000.0,50.0,0.0,110.0,110.0
1963-01-29,1180.0,119.0,119.0,Rule Curve,119.0,1000.0,1000.0,50.0,1000.0,50.0,0.0,119.0,28.0
1963-01-30,1180.0,114.0,114.0,Rule Curve,114.0,1000.0,1000.0,50.0,1000.0,50.0,0.0,114.0,114.0
1963-01-31,1180.0,460.0,460.0,Rule Curve,460.0,1000.0,1000.0,50.0,1000.0,50.0,0.0,460.0,460.0
1963-02-01,1202.63,2778.0,1000.0,Rule Curve,1000.0,1000.0,1000.0,50.0,1000.0,50.0,0.0,2778.0,2143.0
1963-02-02,1219.79,3011.0,1226.0,Top of Dam,1226.0,1226.0,1226.0,50.0,1226.0,50.0,0.0,3391.0,3218.0
1963-02-03,1246.57,4995.0,1398.0,Top of Dam,1398.0,1398.0,1398.0,50.0,1398.0,50.0,0.0,5785.0,3181.0
1963-02-04,1252.01,2871.0,1997.0,Top of Dam,1997.0,1997.0,1997.0,50.0,1997.0,50.0,0.0,4659.0,2910.0
1963-02-05,1249.36,1727.0,2160.0,Top of Dam,2160.0,2160.0,2160.0,50.0,2160.0,50.0,0.0,3600.0,2327.0
1963-02-06,1246.33,1155.0,1631.0,Top of Dam,1631.0,1631.0,2081.0,50.0,2081.0,50.0,0.0,2682.0,1631.0
1963-02-07,1244.84,845.0,1070.0,Top of Dam,1070.0,1070.0,1990.0,50.0,1990.0,50.0,0.0,2008.0,1070.0
1963-02-08,1244.89,674.0,668.0,Top of Dam,668.0,668.0,1945.0,50.0,1945.0,50.0,0.0,1571.0,668.0
1963-02-09,1246.0,546.0,379.0,Top of Dam,379.0,379.0,1947.0,50.0,1947.0,50.0,0.0,1246.0,379.0
1963-02-10,1247.91,462.0,172.0,Top of Dam,172.0,172.0,1980.0,50.0,1980.0,50.0,0.0,1020.0,172.0
1963-02-11,1249.92,399.0,50.0,Top of Dam,50.0,50.0,2037.0,50.0,2037.0,50.0,0.0,854.0,23.0
1963-02-12,1251.92,357.0,50.0,Top of Dam,50.0,50.0,2097.0,50.0,2097.0,50.0,0.0,726.0,0.0
1963-02-13,1253.4,324.0,50.0,Top of Dam,50.0,50.0,2158.0,50.0,2158.0,50.0,0.0,599.0,0.0
1963-02-14,1252.49,299.0,462.0,Rule Curve,462.0,2202.0,2202.0,50.0,2202.0,50.0,0.0,462.0,0.0
1963-02-15,1253.8,274.0,50.0,Rule Curve,50.0,183.0,2175.0,50.0,2175.0,50.0,0.0,183.0,0.0
1963-02-16,1254.91,263.0,50.0,Rule Curve,50.0,50.0,2214.0,50.0,2214.0,50.0,0.0,48.0,0.0
1963-02-17,1256.12,245.0,50.0,Rule Curve,50.0,50.0,2247.0,50.0,2247.0,50.0,0.0,0.0,0.0
1963-02-18,1263.9,1517.0,50.0,Rule Curve,50.0,1041.0,2284.0,50.0,2284.0,50.0,0.0,1041.0,0.0
1963-02-19,1269.42,1727.0,563.0,Rule Curve,50.0,1539.0,2517.0,50.0,2517.0,50.0,0.0,1539.0,235.0
1963-02-20,1269.41,1068.0,1069.0,Rule Curve,1069.0,2683.0,2683.0,50.0,2683.0,50.0,0.0,1069.0,86.0
1963-02-21,1272.88,845.0,50.0,Rule Curve,50.0,646.0,2682.0,50.0,2682.0,50.0,0.0,646.0,0.0
1963-02-22,1275.72,715.0,50.0,Rule Curve,50.0,580.0,2787.0,50.0,2787.0,50.0,0.0,580.0,0.0
1963-02-23,1278.04,585.0,50.0,Rule Curve,50.0,471.0,2872.0,50.0,2872.0,50.0,0.0,471.0,0.0
1963-02-24,1279.82,497.0,50.0,Rule Curve,50.0,366.0,2941.0,50.0,2941.0,50.0,0.0,366.0,0.0
1963-02-25,1281.23,455.0,50.0,Rule Curve,50.0,272.0,2995.0,50.0,2995.0,50.0,0.0,272.0,0.0
1963-02-26,1283.28,568.0,50.0,Rule Curve,50.0,315.0,3020.0,50.0,3020.0,50.0,0.0,315.0,0.0
1963-02-27,1284.93,511.0,50.0,Rule Curve,50.0,236.0,3055.0,50.0,3055.0,50.0,0.0,236.0,0.0
1963-02-28,1286.5,476.0,50.0,Rule Curve,50.0,149.0,3082.0,50.0,3082.0,50.0,0.0,149.0,0.0
1963-03-01,1288.08,476.0,50.0,Rule Curve,50.0,98.0,3108.0,50.0,3108.0,50.0,0.0,98.0,0.0
1963-03-02,1289.39,448.0,50.0,Rule Curve,50.0,99.0,3135.0,50.0,3135.0,50.0,0.0,99.0,0.0
1963-03-03,1290.74,420.0,50.0,Rule Curve,50.0,103.0,3157.0,50.0,3157.0,50.0,0.0,103.0,0.0
1963-03-04,1291.84,371.0,50.0,Rule Curve,50.0,67.0,3179.0,50.0,3179.0,50.0,0.0,67.0,0.0
1963-03-05,1292.81,343.0,50.0,Rule Curve,50.0,50.0,3197.0,50.0,3197.0,50.0,0.0,35.0,0.0
1963-03-06,1293.7,317.0,50.0,Rule Curve,50.0,50.0,3214.0,50.0,3214.0,50.0,0.0,3.0,0.0
1963-03-07,1294.5,292.0,50.0,Rule Curve,50.0,50.0,3228.0,50.0,3228.0,50.0,0.0,0.0,0.0
1963-03-08,1295.19,268.0,50.0,Rule Curve,50.0,50.0,3242.0,50.0,3242.0,50.0,0.0,0.0,0.0
1963-03-09,1295.72,239.0,50.0,Rule Curve,50.0,50.0,3253.0,50.0,3253.0,50.0,0.0,0.0,0.0
1963-03-10,1296.26,228.0,50.0,Rule Curve,50.0,50.0,3262.0,50.0,3262.0,50.0,0.0,0.0,0.0
1963-03-11,1296.87,233.0,50.0,Rule Curve,50.0,50.0,3271.0,50.0,3271.0,50.0,0.0,0.0,0.0
1963-03-12,1297.46,228.0,50.0,Rule Curve,50.0,50.0,3281.0,50.0,3281.0,50.0,0.0,0.0,0.0
1963-03-13,1298.01,217.0,50.0,Rule Curve,50.0,50.0,3291.0,50.0,3291.0,50.0,0.0,0.0,0.0
1963-03-14,1298.58,222.0,50.0,Rule Curve,50.0,50.0,3300.0,50.0,3300.0,50.0,0.0,0.0,0.0
1963-03-15,1299.12,222.0,50.0,Rule Curve,50.0,50.0,3310.0,50.0,3310.0,50.0,0.0,0.0,0.0
1963-03-16,1299.66,239.0,50.0,Rule Curve,50.0,50.0,3319.0,50.0,3319.0,50.0,0.0,0.0,0.0
1963-03-17,1300.21,233.0,50.0,Rule Curve,50.0,50.0,3328.0,50.0,3328.0,50.0,0.0,0.0,0.0
1963-03-18,1300.78,222.0,50.0,Rule Curve,50.0,50.0,3337.0,50.0,3337.0,50.0,0.0,0.0,0.0
1963-03-19,1301.35,239.0,50.0,Rule Curve,50.0,50.0,3346.0,50.0,3346.0,50.0,0.0,0.0,0.0
1963-03-20,1302.03,292.0,50.0,Rule Curve,50.0,50.0,3356.0,50.0,3356.0,50.0,0.0,0.0,0.0
1963-03-21,1302.88,350.0,50.0,Rule Curve,50.0,50.0,3367.0,50.0,3367.0,50.0,0.0,0.0,0.0
1963-03-22,1303.92,371.0,50.0,Rule Curve,50.0,50.0,3381.0,50.0,3381.0,50.0,0.0,0.0,0.0
1963-03-23,1304.88,385.0,50.0,Rule Curve,50.0,50.0,3399.0,50.0,3399.0,50.0,0.0,0.0,0.0
1963-03-24,1305.77,364.0,50.0,Rule Curve,50.0,50.0,3415.0,50.0,3415.0,50.0,0.0,0.0,0.0
1963-03-25,1306.59,337.0,50.0,Rule Curve,50.0,50.0,3430.0,50.0,3430.0,50.0,0.0,0.0,0.0
1963-03-26,1307.34,317.0,50.0,Rule Curve,50.0,50.0,3443.0,50.0,3443.0,50.0,0.0,0.0,0.0
1963-03-27,1308.21,357.0,50.0,Rule Curve,50.0,50.0,3456.0,50.0,3456.0,50.0,0.0,0.0,0.0
1963-03-28,1309.34,448.0,50.0,Rule Curve,50.0,50.0,3470.0,50.0,3470.0,50.0,0.0,0.0,0.0
1963-03-29,1311.52,819.0,50.0,Rule Curve,50.0,50.0,3489.0,50.0,3489.0,50.0,0.0,0.0,0.0
1963-03-30,1315.44,1482.0,50.0,Rule Curve,50.0,660.0,3525.0,50.0,3525.0,50.0,0.0,660.0,0.0
1963-03-31,1318.1,1047.0,50.0,Rule Curve,50.0,594.0,3591.0,50.0,3591.0,50.0,0.0,594.0,0.0
1963-04-01,1319.83,703.0,50.0,Rule Curve,50.0,477.0,3635.0,50.0,3635.0,50.0,0.0,477.0,0.0
1963-04-02,1321.12,563.0,50.0,Rule Curve,50.0,448.0,3664.0,50.0,3664.0,50.0,0.0,448.0,0.0
1963-04-03,1322.36,579.0,79.0,Rule Curve,50.0,528.0,3685.0,50.0,3685.0,50.0,0.0,528.0,79.0
1963-04-04,1322.34,1042.0,1050.0,Rule Curve,1050.0,3706.0,3706.0,50.0,3706.0,50.0,0.0,1050.0,717.0
1963-04-05,1324.1,1157.0,498.0,Rule Curve,50.0,1045.0,3706.0,50.0,3706.0,50.0,0.0,1045.0,498.0
1963-04-06,1324.1,2323.0,2323.0,Rule Curve,2323.0,3735.0,3735.0,50.0,3735.0,50.0,0.0,2323.0,1232.0
1963-04-07,1325.7,1548.0,903.0,Rule Curve,50.0,1440.0,3735.0,50.0,3735.0,50.0,0.0,1440.0,669.0
1963-04-08,1325.7,1094.0,1094.0,Rule Curve,1094.0,3762.0,3762.0,50.0,3762.0,50.0,0.0,1094.0,537.0
1963-04-09,1327.31,957.0,308.0,Rule Curve,50.0,849.0,3762.0,50.0,3762.0,50.0,0.0,849.0,293.0
1963-04-10,1327.31,830.0,831.0,Rule Curve,831.0,3789.0,3789.0,50.0,3789.0,50.0,0.0,831.0,284.0
1963-04-11,1328.79,686.0,50.0,Rule Curve,50.0,578.0,3788.0,50.0,3788.0,50.0,0.0,578.0,39.0
1963-04-12,1328.79,604.0,602.0,Rule Curve,602.0,3813.0,3813.0,50.0,3813.0,50.0,0.0,602.0,193.0
1963-04-13,1330.08,579.0,50.0,Rule Curve,50.0,467.0,3813.0,50.0,3813.0,50.0,0.0,467.0,0.0
1963-04-14,1331.19,678.0,229.0,Rule Curve,50.0,634.0,3835.0,50.0,3835.0,50.0,0.0,634.0,221.0
1963-04-15,1331.19,746.0,745.0,Rule Curve,745.0,3853.0,3853.0,50.0,3853.0,50.0,0.0,745.0,222.0
1963-04-16,1332.58,637.0,50.0,Rule Curve,50.0,529.0,3853.0,50.0,3853.0,50.0,0.0,529.0,0.0
1963-04-17,1333.48,556.0,170.0,Rule Curve,50.0,537.0,3876.0,50.0,3876.0,50.0,0.0,537.0,110.0
1963-04-18,1333.45,542.0,553.0,Rule Curve,553.0,3891.0,3891.0,50.0,3891.0,50.0,0.0,553.0,117.0
1963-04-19,1334.64,563.0,50.0,Rule Curve,50.0,459.0,3891.0,50.0,3891.0,50.0,0.0,459.0,0.0
1963-04-20,1335.75,514.0,50.0,Rule Curve,50.0,475.0,3911.0,50.0,3911.0,50.0,0.0,475.0,0.0
1963-04-21,1335.73,450.0,457.0,Rule Curve,457.0,3929.0,3929.0,50.0,3929.0,50.0,0.0,457.0,7.0
1963-04-22,1336.58,422.0,50.0,Rule Curve,50.0,311.0,3929.0,50.0,3929.0,50.0,0.0,311.0,0.0
1963-04-23,1337.4,422.0,50.0,Rule Curve,50.0,329.0,3943.0,50.0,3943.0,50.0,0.0,329.0,0.0
1963-04-24,1338.29,436.0,50.0,Rule Curve,50.0,361.0,3957.0,50.0,3957.0,50.0,0.0,361.0,0.0
1963-04-25,1339.22,436.0,50.0,Rule Curve,50.0,380.0,3971.0,50.0,3971.0,50.0,0.0,380.0,0.0
1963-04-26,1340.08,465.0,73.0,Rule Curve,50.0,437.0,3987.0,50.0,3987.0,50.0,0.0,437.0,0.0
1963-04-27,1340.05,457.0,469.0,Rule Curve,469.0,4000.0,4000.0,50.0,4000.0,50.0,0.0,469.0,52.0
1963-04-28,1340.93,450.0,50.0,Rule Curve,50.0,337.0,4000.0,50.0,4000.0,50.0,0.0,337.0,0.0
1963-04-29,1342.07,563.0,50.0,Rule Curve,50.0,462.0,4000.0,50.0,4000.0,50.0,0.0,462.0,0.0
1963-04-30,1343.03,612.0,174.0,Rule Curve,50.0,577.0,4000.0,50.0,4000.0,50.0,0.0,577.0,174.0
1963-05-01,1343.02,662.0,667.0,Rule Curve,667.0,4000.0,4000.0,50.0,4000.0,50.0,0.0,667.0,335.0
1963-05-02,1344.46,1208.0,555.0,Rule Curve,50.0,1105.0,4000.0,50.0,4000.0,50.0,0.0,1105.0,534.0
1963-05-03,1344.44,1105.0,1114.0,Rule Curve,1114.0,4000.0,4000.0,50.0,4000.0,50.0,0.0,1114.0,655.0
1963-05-04,1345.89,887.0,229.0,Rule Curve,50.0,787.0,4000.0,50.0,4000.0,50.0,0.0,787.0,229.0
1963-05-05,1345.86,1243.0,1257.0,Rule Curve,1257.0,4000.0,4000.0,50.0,4000.0,50.0,0.0,1257.0,921.0
1963-05-06,1347.28,2287.0,1629.0,Rule Curve,50.0,2190.0,4000.0,50.0,4000.0,50.0,0.0,2190.0,1377.0
1963-05-07,1347.25,2064.0,2077.0,Rule Curve,2077.0,4000.0,4000.0,50.0,4000.0,50.0,0.0,2077.0,1055.0
1963-05-08,1348.63,1384.0,722.0,Rule Curve,50.0,1275.0,4000.0,50.0,4000.0,50.0,0.0,1275.0,630.0
1963-05-09,1348.62,989.0,994.0,Rule Curve,994.0,4000.0,4000.0,50.0,4000.0,50.0,0.0,994.0,627.0
1963-05-10,1350.05,802.0,151.0,Rule Curve,50.0,699.0,4000.0,50.0,4000.0,50.0,0.0,699.0,151.0
1963-05-11,1350.03,711.0,719.0,Rule Curve,719.0,4000.0,4000.0,50.0,4000.0,50.0,0.0,719.0,625.0
1963-05-12,1350.02,604.0,610.0,Rule Curve,610.0,4000.0,4000.0,50.0,4000.0,50.0,0.0,610.0,557.0
1963-05-13,1350.01,535.0,539.0,Rule Curve,539.0,4000.0,4000.0,50.0,4000.0,50.0,0.0,539.0,521.0
1963-05-14,1350.01,514.0,516.0,Rule Curve,516.0,4000.0,4000.0,50.0,4000.0,50.0,0.0,516.0,496.0
1963-05-15,1350.01,521.0,523.0,Rule Curve,523.0,4000.0,4000.0,50.0,4000.0,50.0,0.0,523.0,501.0
1963-05-16,1350.0,493.0,494.0,Rule Curve,494.0,4000.0,4000.0,50.0,4000.0,50.0,0.0,494.0,471.0
1963-05-17,1350.0,528.0,529.0,Rule Curve,529.0,4000.0,4000.0,50.0,4000.0,50.0,0.0,529.0,505.0
1963-05-18,1350.0,588.0,588.0,Rule Curve,588.0,4000.0,4000.0,50.0,4000.0,50.0,0.0,588.0,553.0
1963-05-19,1350.0,563.0,563.0,Rule Curve,563.0,4000.0,4000.0,50.0,4000.0,50.0,0.0,563.0,509.0
1963-05-20,1350.0,507.0,507.0,Rule Curve,507.0,4000.0,4000.0,50.0,4000.0,50.0,0.0,507.0,462.0
1963-05-21,1350.0,450.0,450.0,Rule Curve,450.0,4000.0,4000.0,50.0,4000.0,50.0,0.0,450.0,410.0
1963-05-22,1350.0,422.0,422.0,Rule Curve,422.0,4000.0,4000.0,50.0,4000.0,50.0,0.0,422.0,362.0
1963-05-23,1350.0,352.0,352.0,Rule Curve,352.0,4000.0,4000.0,50.0,4000.0,50.0,0.0,352.0,313.0
1963-05-24,1350.0,307.0,307.0,Rule Curve,307.0,4000.0,4000.0,50.0,4000.0,50.0,0.0,307.0,276.0
1963-05-25,1350.0,276.0,276.0,Rule Curve,276.0,4000.0,4000.0,50.0,4000.0,50.0,0.0,276.0,250.0
1963-05-26,1350.0,240.0,240.0,Rule Curve,240.0,4000.0,4000.0,50.0,4000.0,50.0,0.0,240.0,220.0
1963-05-27,1350.0,229.0,229.0,Rule Curve,229.0,4000.0,4000.0,50.0,4000.0,50.0,0.0,229.0,209.0
1963-05-28,1350.0,213.0,213.0,Rule Curve,213.0,4000.0,4000.0,50.0,4000.0,50.0,0.0,213.0,193.0
1963-05-29,1350.0,197.0,197.0,Rule Curve,197.0,4000.0,4000.0,50.0,4000.0,50.0,0.0,197.0,177.0
1963-05-30,1350.0,181.0,181.0,Rule Curve,181.0,4000.0,4000.0,50.0,4000.0,50.0,0.0,181.0,161.0
1963-05-31,1350.0,176.0,176.0,Rule Curve,176.0,4000.0,4000.0,50.0,4000.0,50.0,0.0,176.0,156.0
1963-06-01,1350.0,167.0,167.0,Rule Curve,167.0,4000.0,4000.0,50.0,4000.0,64.0,0.0,167.0,147.0
1963-06-02,1350.0,167.0,167.0,Rule Curve,167.0,4000.0,4000.0,50.0,4000.0,64.0,0.0,167.0,147.0
1963-06-03,1350.0,176.0,176.0,Rule Curve,176.0,4000.0,4000.0,50.0,4000.0,64.0,0.0,176.0,156.0
1963-06-04,1350.0,162.0,162.0,Rule Curve,162.0,4000.0,4000.0,50.0,4000.0,64.0,0.0,162.0,142.0
1963-06-05,1350.0,229.0,229.0,Rule Curve,229.0,4000.0,4000.0,50.0,4000.0,64.0,0.0,229.0,209.0
1963-06-06,1350.0,213.0,213.0,Rule Curve,213.0,4000.0,4000.0,50.0,4000.0,64.0,0.0,213.0,193.0
1963-06-07,1350.0,187.0,187.0,Rule Curve,187.0,4000.0,4000.0,50.0,4000.0,64.0,0.0,187.0,167.0
1963-06-08,1350.0,176.0,176.0,Rule Curve,176.0,4000.0,4000.0,50.0,4000.0,64.0,0.0,176.0,156.0
1963-06-09,1350.0,167.0,167.0,Rule Curve,167.0,4000.0,4000.0,50.0,4000.0,64.0,0.0,167.0,147.0
1963-06-10,1350.0,162.0,162.0,Rule Curve,162.0,4000.0,4000.0,50.0,4000.0,64.0,0.0,162.0,142.0
1963-06-11,1350.0,152.0,152.0,Rule Curve,152.0,4000.0,4000.0,50.0,4000.0,64.0,0.0,152.0,132.0
1963-06-12,1350.0,143.0,143.0,Rule Curve,143.0,4000.0,4000.0,50.0,4000.0,64.0,0.0,143.0,123.0
1963-06-13,1350.0,134.0,134.0,Rule Curve,134.0,4000.0,4000.0,50.0,4000.0,64.0,0.0,134.0,119.0
1963-06-14,1350.0,129.0,129.0,Rule Curve,129.0,4000.0,4000.0,50.0,4000.0,64.0,0.0,129.0,114.0
1963-06-15,1350.0,120.0,120.0,Rule Curve,120.0,4000.0,4000.0,50.0,4000.0,64.0,0.0,120.0,105.0
1963-06-16,1350.0,115.0,115.0,Rule Curve,115.0,4000.0,4000.0,50.0,4000.0,64.0,0.0,115.0,100.0
1963-06-17,1350.0,108.0,108.0,Rule Curve,108.0,4000.0,4000.0,50.0,4000.0,64.0,0.0,108.0,93.0
1963-06-18,1350.0,99.0,99.0,Rule Curve,99.0,4000.0,4000.0,50.0,4000.0,64.0,0.0,99.0,84.0
1963-06-19,1350.0,95.0,95.0,Rule Curve,95.0,4000.0,4000.0,50.0,4000.0,64.0,0.0,95.0,80.0
1963-06-20,1350.0,95.0,95.0,Rule Curve,95.0,4000.0,4000.0,50.0,4000.0,64.0,0.0,95.0,80.0
1963-06-21,1350.0,124.0,124.0,Rule Curve,124.0,4000.0,4000.0,50.0,4000.0,64.0,0.0,124.0,109.0
1963-06-22,1350.0,213.0,213.0,Rule Curve,213.0,4000.0,4000.0,50.0,4000.0,64.0,0.0,213.0,182.0
1963-06-23,1350.0,171.0,171.0,Rule Curve,171.0,4000.0,4000.0,50.0,4000.0,64.0,0.0,171.0,156.0
1963-06-24,1350.0,152.0,152.0,Rule Curve,152.0,4000.0,4000.0,50.0,4000.0,64.0,0.0,152.0,137.0
1963-06-25,1350.0,143.0,143.0,Rule Curve,143.0,4000.0,4000.0,50.0,4000.0,64.0,0.0,143.0,128.0
1963-06-26,1350.0,134.0,134.0,Rule Curve,134.0,4000.0,4000.0,50.0,4000.0,64.0,0.0,134.0,119.0
1963-06-27,1350.0,129.0,129.0,Rule Curve,129.0,4000.0,4000.0,50.0,4000.0,64.0,0.0,129.0,114.0
1963-06-28,1350.0,129.0,129.0,Rule Curve,129.0,4000.0,4000.0,50.0,4000.0,64.0,0.0,129.0,114.0
1963-06-29,1350.0,152.0,152.0,Rule Curve,152.0,4000.0,4000.0,50.0,4000.0,64.0,0.0,152.0,137.0
1963-06-30,1350.0,162.0,162.0,Rule Curve,162.0,4000.0,4000.0,50.0,4000.0,64.0,0.0,162.0,147.0
1963-07-01,1350.0,148.0,148.0,Rule Curve,148.0,4000.0,4000.0,50.0,4000.0,69.0,0.0,148.0,133.0
1963-07-02,1350.0,134.0,134.0,Rule Curve,134.0,4000.0,4000.0,50.0,4000.0,69.0,0.0,134.0,119.0
1963-07-03,1350.0,129.0,129.0,Rule Curve,129.0,4000.0,4000.0,50.0,4000.0,69.0,0.0,129.0,114.0
1963-07-04,1350.0,120.0,120.0,Rule Curve,120.0,4000.0,4000.0,50.0,4000.0,69.0,0.0,120.0,105.0
1963-07-05,1350.0,115.0,115.0,Rule Curve,115.0,4000.0,4000.0,50.0,4000.0,69.0,0.0,115.0,100.0
1963-07-06,1350.0,124.0,124.0,Rule Curve,124.0,4000.0,4000.0,50.0,4000.0,69.0,0.0,124.0,114.0
1963-07-07,1350.0,129.0,129.0,Rule Curve,129.0,4000.0,4000.0,50.0,4000.0,69.0,0.0,129.0,119.0
1963-07-08,1350.0,138.0,138.0,Rule Curve,138.0,4000.0,4000.0,50.0,4000.0,69.0,0.0,138.0,128.0
1963-07-09,1350.0,129.0,129.0,Rule Curve,129.0,4000.0,4000.0,50.0,4000.0,69.0,0.0,129.0,119.0
1963-07-10,1350.0,138.0,138.0,Rule Curve,138.0,4000.0,4000.0,50.0,4000.0,69.0,0.0,138.0,128.0
1963-07-11,1350.0,157.0,157.0,Rule Curve,157.0,4000.0,4000.0,50.0,4000.0,69.0,0.0,157.0,146.0
1963-07-12,1350.0,138.0,138.0,Rule Curve,138.0,4000.0,4000.0,50.0,4000.0,69.0,0.0,138.0,128.0
1963-07-13,1350.0,129.0,129.0,Rule Curve,129.0,4000.0,4000.0,50.0,4000.0,69.0,0.0,129.0,119.0
1963-07-14,1350.0,120.0,120.0,Rule Curve,120.0,4000.0,4000.0,50.0,4000.0,69.0,0.0,120.0,110.0
1963-07-15,1350.0,115.0,115.0,Rule Curve,115.0,4000.0,4000.0,50.0,4000.0,69.0,0.0,115.0,105.0
1963-07-16,1350.0,108.0,108.0,Rule Curve,108.0,4000.0,4000.0,50.0,4000.0,69.0,0.0,108.0,98.0
1963-07-17,1350.0,103.0,103.0,Rule Curve,103.0,4000.0,4000.0,50.0,4000.0,69.0,0.0,103.0,93.0
1963-07-18,1350.0,99.0,99.0,Rule Curve,99.0,4000.0,4000.0,50.0,4000.0,69.0,0.0,99.0,89.0
1963-07-19,1350.0,95.0,95.0,Rule Curve,95.0,4000.0,4000.0,50.0,4000.0,69.0,0.0,95.0,85.0
1963-07-20,1350.0,87.0,87.0,Rule Curve,87.0,4000.0,4000.0,50.0,4000.0,69.0,0.0,87.0,77.0
1963-07-21,1350.0,87.0,87.0,Rule Curve,87.0,4000.0,4000.0,50.0,4000.0,69.0,0.0,87.0,77.0
1963-07-22,1350.0,91.0,91.0,Rule Curve,91.0,4000.0,4000.0,50.0,4000.0,69.0,0.0,91.0,81.0
1963-07-23,1350.0,87.0,87.0,Rule Curve,87.0,4000.0,4000.0,50.0,4000.0,69.0,0.0,87.0,77.0
1963-07-24,1350.0,111.0,111.0,Rule Curve,111.0,4000.0,4000.0,50.0,4000.0,69.0,0.0,111.0,100.0
1963-07-25,1350.0,91.0,91.0,Rule Curve,91.0,4000.0,4000.0,50.0,4000.0,69.0,0.0,91.0,81.0
1963-07-26,1350.0,83.0,83.0,Rule Curve,83.0,4000.0,4000.0,50.0,4000.0,69.0,0.0,83.0,73.0
1963-07-27,1350.0,80.0,80.0,Rule Curve,80.0,4000.0,4000.0,50.0,4000.0,69.0,0.0,80.0,70.0
1963-07-28,1350.0,80.0,80.0,Rule Curve,80.0,4000.0,4000.0,50.0,4000.0,69.0,0.0,80.0,70.0
1963-07-29,1350.0,80.0,80.0,Rule Curve,80.0,4000.0,4000.0,50.0,4000.0,69.0,0.0,80.0,75.0
1963-07-30,1350.0,76.0,76.0,Rule Curve,76.0,4000.0,4000.0,50.0,4000.0,69.0,0.0,76.0,71.0
1963-07-31,1350.0,76.0,76.0,Rule Curve,76.0,4000.0,4000.0,50.0,4000.0,69.0,0.0,76.0,71.0
1963-08-01,1350.0,73.0,73.0,Rule Curve,73.0,4000.0,4000.0,50.0,4000.0,69.0,0.0,73.0,68.0
1963-08-02,1350.0,69.0,69.0,Rule Curve,69.0,4000.0,4000.0,50.0,4000.0,69.0,0.0,69.0,64.0
1963-08-03,1349.99,66.0,69.0,Rule Curve,69.0,4000.0,4000.0,50.0,4000.0,69.0,0.0,66.0,61.0
1963-08-04,1349.98,62.0,69.0,Rule Curve,69.0,4000.0,4000.0,50.0,4000.0,69.0,0.0,61.0,54.0
1963-08-05,1349.96,62.0,69.0,Rule Curve,69.0,4000.0,4000.0,50.0,4000.0,69.0,0.0,59.0,47.0
1963-08-06,1349.94,59.0,69.0,Rule Curve,69.0,4000.0,4000.0,50.0,4000.0,69.0,0.0,54.0,38.0
1963-08-07,1349.91,55.0,69.0,Rule Curve,69.0,4000.0,4000.0,50.0,4000.0,69.0,0.0,46.0,24.0
1963-08-08,1349.87,52.0,69.0,Rule Curve,69.0,4000.0,4000.0,50.0,4000.0,69.0,0.0,39.0,7.0
1963-08-09,1349.84,52.0,69.0,Rule Curve,69.0,69.0,4000.0,50.0,4000.0,69.0,0.0,33.0,0.0
1963-08-10,1349.82,62.0,69.0,Rule Curve,69.0,69.0,4000.0,50.0,4000.0,69.0,0.0,37.0,0.0
1963-08-11,1349.81,62.0,69.0,Rule Curve,69.0,69.0,4000.0,50.0,4000.0,69.0,0.0,35.0,0.0
1963-08-12,1349.79,62.0,69.0,Rule Curve,69.0,69.0,4000.0,50.0,4000.0,69.0,0.0,33.0,0.0
1963-08-13,1349.77,59.0,69.0,Rule Curve,69.0,69.0,4000.0,50.0,4000.0,69.0,0.0,28.0,0.0
1963-08-14,1349.75,59.0,69.0,Rule Curve,69.0,69.0,4000.0,50.0,4000.0,69.0,0.0,24.0,0.0
1963-08-15,1349.73,59.0,69.0,Rule Curve,69.0,69.0,4000.0,50.0,4000.0,69.0,0.0,21.0,0.0
1963-08-16,1349.71,59.0,69.0,Rule Curve,69.0,69.0,4000.0,50.0,4000.0,69.0,0.0,18.0,0.0
1963-08-17,1349.68,59.0,69.0,Rule Curve,69.0,69.0,4000.0,50.0,4000.0,69.0,0.0,15.0,0.0
1963-08-18,1349.66,59.0,69.0,Rule Curve,69.0,69.0,4000.0,50.0,4000.0,69.0,0.0,11.0,0.0
1963-08-19,1349.64,59.0,69.0,Rule Curve,69.0,69.0,4000.0,50.0,4000.0,69.0,0.0,8.0,0.0
1963-08-20,1349.62,59.0,69.0,Rule Curve,69.0,69.0,4000.0,50.0,4000.0,69.0,0.0,5.0,0.0
1963-08-21,1349.6,59.0,69.0,Rule Curve,69.0,69.0,4000.0,50.0,4000.0,69.0,0.0,1.0,0.0
1963-08-22,1349.58,59.0,69.0,Rule Curve,69.0,69.0,4000.0,50.0,4000.0,69.0,0.0,0.0,0.0
1963-08-23,1349.55,59.0,69.0,Rule Curve,69.0,69.0,4000.0,50.0,4000.0,69.0,0.0,0.0,0.0
1963-08-24,1349.53,59.0,69.0,Rule Curve,69.0,69.0,4000.0,50.0,4000.0,69.0,0.0,0.0,0.0
1963-08-25,1349.51,59.0,69.0,Rule Curve,69.0,69.0,4000.0,50.0,4000.0,69.0,0.0,0.0,0.0
1963-08-26,1349.48,55.0,69.0,Rule Curve,69.0,69.0,4000.0,50.0,4000.0,69.0,0.0,0.0,0.0
1963-08-27,1349.44,52.0,69.0,Rule Curve,69.0,69.0,4000.0,50.0,4000.0,69.0,0.0,0.0,0.0
1963-08-28,1349.4,49.0,69.0,Rule Curve,69.0,69.0,4000.0,50.0,4000.0,69.0,0.0,0.0,0.0
1963-08-29,1349.34,43.0,69.0,Rule Curve,69.0,69.0,4000.0,50.0,4000.0,69.0,0.0,0.0,0.0
1963-08-30,1349.29,43.0,69.0,Rule Curve,69.0,69.0,4000.0,50.0,4000.0,69.0,0.0,0.0,0.0
1963-08-31,1349.23,43.0,69.0,Rule Curve,69.0,69.0,4000.0,50.0,4000.0,69.0,0.0,0.0,0.0
1963-09-01,1349.18,43.0,66.0,Top of Dam,66.0,66.0,4000.0,50.0,4000.0,66.0,0.0,0.0,215.0
1963-09-02,1347.73,47.0,718.0,Top of Dam,104.0,718.0,4000.0,50.0,4000.0,66.0,0.0,104.0,718.0
1963-09-03,1346.66,43.0,565.0,Top of Dam,66.0,565.0,4000.0,50.0,4000.0,66.0,0.0,48.0,565.0
1963-09-04,1345.5,43.0,569.0,Top of Dam,66.0,569.0,4000.0,50.0,4000.0,66.0,0.0,37.0,569.0
1963-09-05,1344.35,43.0,565.0,Top of Dam,66.0,565.0,4000.0,50.0,4000.0,66.0,0.0,43.0,565.0
1963-09-06,1343.2,43.0,565.0,Top of Dam,66.0,565.0,4000.0,50.0,4000.0,66.0,0.0,35.0,565.0
1963-09-07,1342.05,43.0,565.0,Top of Dam,66.0,565.0,4000.0,50.0,4000.0,66.0,0.0,43.0,565.0
1963-09-08,1340.88,40.0,571.0,Top of Dam,66.0,571.0,4000.0,50.0,4000.0,66.0,0.0,48.0,571.0
1963-09-09,1339.67,38.0,587.0,Top of Dam,66.0,587.0,4000.0,50.0,4000.0,66.0,0.0,35.0,587.0
1963-09-10,1338.54,40.0,530.0,Top of Dam,66.0,530.0,3995.0,50.0,3995.0,66.0,0.0,35.0,530.0
1963-09-11,1337.33,40.0,562.0,Top of Dam,66.0,562.0,3976.0,50.0,3976.0,66.0,0.0,45.0,562.0
1963-09-12,1336.18,40.0,562.0,Top of Dam,66.0,562.0,3955.0,50.0,3955.0,66.0,0.0,45.0,562.0
1963-09-13,1334.91,55.0,581.0,Top of Dam,66.0,581.0,3936.0,50.0,3936.0,66.0,0.0,52.0,581.0
1963-09-14,1333.73,66.0,588.0,Top of Dam,68.0,588.0,3915.0,50.0,3915.0,66.0,0.0,68.0,588.0
1963-09-15,1332.5,238.0,759.0,Top of Dam,242.0,759.0,3895.0,50.0,3895.0,66.0,0.0,242.0,759.0
1963-09-16,1331.26,314.0,839.0,Top of Dam,314.0,839.0,3875.0,50.0,3875.0,66.0,0.0,314.0,839.0
1963-09-17,1329.97,124.0,644.0,Top of Dam,119.0,644.0,3854.0,50.0,3854.0,66.0,0.0,119.0,644.0
1963-09-18,1328.71,83.0,606.0,Top of Dam,79.0,606.0,3833.0,50.0,3833.0,66.0,0.0,79.0,606.0
1963-09-19,1327.5,69.0,593.0,Top of Dam,71.0,593.0,3812.0,50.0,3812.0,66.0,0.0,71.0,593.0
1963-09-20,1326.2,59.0,583.0,Top of Dam,66.0,583.0,3792.0,50.0,3792.0,66.0,0.0,59.0,583.0
1963-09-21,1324.91,52.0,572.0,Top of Dam,66.0,572.0,3770.0,50.0,3770.0,66.0,0.0,52.0,572.0
1963-09-22,1323.56,49.0,571.0,Top of Dam,66.0,571.0,3749.0,50.0,3749.0,66.0,0.0,50.0,571.0
1963-09-23,1322.19,83.0,607.0,Top of Dam,78.0,607.0,3726.0,50.0,3726.0,66.0,0.0,78.0,607.0
1963-09-24,1320.89,66.0,590.0,Top of Dam,66.0,590.0,3703.0,50.0,3703.0,66.0,0.0,65.0,590.0
1963-09-25,1319.54,52.0,573.0,Top of Dam,66.0,573.0,3682.0,50.0,3682.0,66.0,0.0,51.0,573.0
1963-09-26,1318.18,49.0,570.0,Top of Dam,66.0,570.0,3659.0,50.0,3659.0,66.0,0.0,54.0,570.0
1963-09-27,1316.76,43.0,565.0,Top of Dam,66.0,565.0,3636.0,50.0,3636.0,66.0,0.0,40.0,565.0
1963-09-28,1315.38,43.0,568.0,Top of Dam,66.0,568.0,3613.0,50.0,3613.0,66.0,0.0,38.0,568.0
1963-09-29,1313.91,43.0,566.0,Top of Dam,66.0,566.0,3590.0,50.0,3590.0,66.0,0.0,41.0,566.0
1963-09-30,1312.56,40.0,562.0,Top of Dam,66.0,562.0,3565.0,50.0,3565.0,66.0,0.0,41.0,562.0
1963-10-01,1311.08,38.0,560.0,Top of Dam,50.0,560.0,3543.0,50.0,3543.0,50.0,0.0,33.0,560.0
1963-10-02,1309.6,38.0,560.0,Top of Dam,50.0,560.0,3518.0,50.0,3518.0,50.0,0.0,36.0,560.0
1963-10-03,1308.12,35.0,557.0,Top of Dam,50.0,557.0,3493.0,50.0,3493.0,50.0,0.0,35.0,557.0
1963-10-04,1306.89,33.0,467.0,Top of Dam,50.0,467.0,3469.0,50.0,3469.0,50.0,0.0,35.0,467.0
1963-10-05,1305.16,40.0,651.0,Top of Dam,50.0,651.0,3448.0,50.0,3448.0,50.0,0.0,39.0,651.0
1963-10-06,1303.62,38.0,562.0,Top of Dam,50.0,562.0,3419.0,50.0,3419.0,50.0,0.0,33.0,562.0
1963-10-07,1302.05,33.0,556.0,Top of Dam,50.0,556.0,3394.0,50.0,3394.0,50.0,0.0,35.0,556.0
1963-10-08,1300.5,33.0,555.0,Top of Dam,50.0,555.0,3368.0,50.0,3368.0,50.0,0.0,27.0,555.0
1963-10-09,1298.94,33.0,555.0,Top of Dam,50.0,555.0,3342.0,50.0,3342.0,50.0,0.0,33.0,555.0
1963-10-10,1297.21,33.0,556.0,Top of Dam,50.0,556.0,3316.0,50.0,3316.0,50.0,0.0,37.0,556.0
1963-10-11,1295.56,38.0,559.0,Top of Dam,50.0,559.0,3287.0,50.0,3287.0,50.0,0.0,39.0,559.0
1963-10-12,1293.92,38.0,562.0,Top of Dam,50.0,562.0,3259.0,50.0,3259.0,50.0,0.0,33.0,562.0
1963-10-13,1292.19,33.0,556.0,Top of Dam,50.0,556.0,3232.0,50.0,3232.0,50.0,0.0,35.0,556.0
1963-10-14,1290.36,33.0,554.0,Top of Dam,50.0,554.0,3203.0,50.0,3203.0,50.0,0.0,32.0,554.0
1963-10-15,1288.57,30.0,553.0,Top of Dam,50.0,553.0,3173.0,50.0,3173.0,50.0,0.0,27.0,553.0
1963-10-16,1286.68,28.0,549.0,Top of Dam,50.0,549.0,3143.0,50.0,3143.0,50.0,0.0,25.0,549.0
1963-10-17,1284.78,28.0,552.0,Top of Dam,50.0,552.0,3111.0,50.0,3111.0,50.0,0.0,26.0,552.0
1963-10-18,1282.86,26.0,549.0,Top of Dam,50.0,549.0,3080.0,50.0,3080.0,50.0,0.0,24.0,549.0
1963-10-19,1280.82,26.0,549.0,Top of Dam,50.0,549.0,3048.0,50.0,3048.0,50.0,0.0,23.0,549.0
1963-10-20,1278.92,35.0,555.0,Top of Dam,50.0,555.0,3014.0,50.0,3014.0,50.0,0.0,37.0,555.0
1963-10-21,1276.64,69.0,593.0,Top of Dam,71.0,593.0,2968.0,50.0,2968.0,50.0,0.0,71.0,593.0
1963-10-22,1274.57,124.0,646.0,Top of Dam,127.0,646.0,2899.0,50.0,2899.0,50.0,0.0,127.0,646.0
1963-10-23,1272.29,208.0,732.0,Top of Dam,205.0,732.0,2837.0,50.0,2837.0,50.0,0.0,205.0,732.0
1963-10-24,1270.02,319.0,841.0,Top of Dam,318.0,841.0,2769.0,50.0,2769.0,50.0,0.0,318.0,841.0
1963-10-25,1267.81,621.0,1076.0,Top of Dam,623.0,1076.0,2701.0,50.0,2701.0,50.0,0.0,623.0,1076.0
1963-10-26,1265.09,300.0,890.0,Top of Dam,326.0,890.0,2634.0,50.0,2634.0,50.0,0.0,326.0,890.0
1963-10-27,1262.5,192.0,714.0,Top of Dam,191.0,714.0,2553.0,50.0,2553.0,50.0,0.0,191.0,714.0
1963-10-28,1259.66,157.0,679.0,Top of Dam,157.0,679.0,2475.0,50.0,2475.0,50.0,0.0,157.0,679.0
1963-10-29,1256.82,138.0,660.0,Top of Dam,135.0,660.0,2390.0,50.0,2390.0,50.0,0.0,135.0,660.0
1963-10-30,1253.96,129.0,653.0,Top of Dam,130.0,653.0,2305.0,50.0,2305.0,50.0,0.0,130.0,653.0
1963-10-31,1250.84,111.0,633.0,Top of Dam,109.0,633.0,2219.0,50.0,2219.0,50.0,0.0,109.0,633.0
1963-11-01,1247.72,103.0,625.0,Top of Dam,105.0,625.0,2125.0,50.0,2125.0,50.0,0.0,105.0,625.0
1963-11-02,1244.26,124.0,647.0,Top of Dam,125.0,647.0,2032.0,50.0,2032.0,50.0,0.0,125.0,647.0
1963-11-03,1240.81,114.0,636.0,Top of Dam,112.0,636.0,1928.0,50.0,1928.0,50.0,0.0,112.0,636.0
1963-11-04,1237.35,393.0,917.0,Top of Dam,394.0,917.0,1824.0,50.0,1824.0,50.0,0.0,394.0,917.0
1963-11-05,1233.56,343.0,866.0,Top of Dam,341.0,866.0,1720.0,50.0,1720.0,50.0,0.0,341.0,866.0
1963-11-06,1229.44,558.0,1080.0,Top of Dam,556.0,1080.0,1607.0,50.0,1607.0,50.0,0.0,556.0,1080.0
1963-11-07,1226.8,1155.0,1494.0,Top of Dam,1157.0,1494.0,1494.0,50.0,1494.0,50.0,0.0,1157.0,1678.0
1963-11-08,1247.66,4411.0,1468.0,Top of Dam,1468.0,1468.0,1468.0,50.0,1468.0,50.0,0.0,4473.0,3381.0
1963-11-09,1249.27,2287.0,2030.0,Top of Dam,2030.0,2030.0,2030.0,50.0,2030.0,50.0,0.0,3500.0,3314.0
1963-11-10,1243.26,1155.0,2078.0,Top of Dam,2078.0,2078.0,2078.0,50.0,2078.0,50.0,0.0,2632.0,2997.0
1963-11-11,1235.29,742.0,1898.0,Top of Dam,1898.0,1898.0,1898.0,50.0,1898.0,50.0,0.0,2086.0,2625.0
1963-11-12,1226.97,553.0,1659.0,Top of Dam,1659.0,1659.0,1659.0,50.0,1659.0,50.0,0.0,1684.0,2508.0
1963-11-13,1218.27,441.0,1470.0,Top of Dam,1375.0,1470.0,1470.0,50.0,1470.0,50.0,0.0,1375.0,2314.0
1963-11-14,1214.82,1001.0,1383.0,Top of Dam,1383.0,1383.0,1383.0,50.0,1383.0,50.0,0.0,1768.0,2136.0
1963-11-15,1212.27,1078.0,1348.0,Top of Dam,1348.0,1348.0,1348.0,50.0,1348.0,50.0,0.0,1892.0,2044.0
1963-11-16,1208.43,934.0,1323.0,Top of Dam,1323.0,1323.0,1323.0,50.0,1323.0,50.0,0.0,1839.0,1945.0
1963-11-17,1206.63,1109.0,1284.0,Top of Dam,1284.0,1284.0,1284.0,50.0,1284.0,50.0,0.0,1885.0,1815.0
1963-11-18,1204.35,1050.0,1266.0,Top of Dam,1266.0,1266.0,1266.0,50.0,1266.0,50.0,0.0,1768.0,1621.0
1963-11-19,1200.96,934.0,1244.0,Top of Dam,1244.0,1244.0,1244.0,50.0,1244.0,50.0,0.0,1579.0,1393.0
1963-11-20,1195.2,700.0,1193.0,Top of Dam,1193.0,1193.0,1210.0,50.0,1210.0,50.0,0.0,1243.0,1193.0
1963-11-21,1187.98,584.0,1152.0,Top of Dam,962.0,1152.0,1152.0,50.0,1152.0,50.0,0.0,962.0,1165.0
1963-11-22,1181.88,642.0,1080.0,Top of Dam,831.0,1080.0,1080.0,50.0,1080.0,50.0,0.0,831.0,1170.0
1963-11-23,1183.18,1109.0,1019.0,Top of Dam,1019.0,1019.0,1019.0,50.0,1019.0,50.0,0.0,1151.0,1121.0
1963-11-24,1185.08,1167.0,1032.0,Top of Dam,1032.0,1032.0,1032.0,50.0,1033.0,50.0,0.0,1240.0,1047.0
1963-11-25,1184.54,934.0,973.0,Top of Dam,973.0,973.0,1051.0,50.0,1052.0,50.0,0.0,1051.0,973.0
1963-11-26,1183.67,798.0,860.0,Top of Dam,860.0,860.0,1045.0,50.0,1046.0,50.0,0.0,903.0,860.0
1963-11-27,1184.57,808.0,743.0,Top of Dam,743.0,743.0,1037.0,50.0,1037.0,50.0,0.0,892.0,743.0
1963-11-28,1184.48,634.0,640.0,Top of Dam,640.0,640.0,1046.0,50.0,1046.0,50.0,0.0,739.0,640.0
1963-11-29,1183.86,511.0,555.0,Top of Dam,555.0,555.0,1045.0,50.0,1045.0,50.0,0.0,615.0,555.0
1963-11-30,1183.17,434.0,483.0,Top of Dam,483.0,483.0,1039.0,50.0,1039.0,50.0,0.0,523.0,483.0
1963-12-01,1182.62,385.0,424.0,Top of Dam,424.0,424.0,1032.0,50.0,1032.0,50.0,0.0,458.0,424.0
1963-12-02,1182.09,337.0,374.0,Top of Dam,374.0,374.0,1026.0,50.0,1026.0,50.0,0.0,397.0,374.0
1963-12-03,1181.43,306.0,351.0,Top of Dam,351.0,351.0,1021.0,50.0,1021.0,50.0,0.0,353.0,351.0
1963-12-04,1180.0,274.0,371.0,Top of Dam,307.0,371.0,1014.0,50.0,1014.0,50.0,0.0,307.0,371.0
1963-12-05,1180.0,306.0,306.0,Rule Curve,306.0,1000.0,1000.0,50.0,1000.0,50.0,0.0,306.0,306.0
1963-12-06,1180.0,674.0,674.0,Rule Curve,674.0,1000.0,1000.0,50.0,1000.0,50.0,0.0,674.0,583.0
1963-12-07,1180.0,497.0,497.0,Rule Curve,497.0,1000.0,1000.0,50.0,1000.0,50.0,0.0,497.0,497.0
1963-12-08,1180.0,553.0,553.0,Rule Curve,553.0,1000.0,1000.0,50.0,1000.0,50.0,0.0,553.0,541.0
1963-12-09,1180.0,576.0,576.0,Rule Curve,576.0,1000.0,1000.0,50.0,1000.0,50.0,0.0,576.0,492.0
1963-12-10,1180.0,469.0,469.0,Rule Curve,469.0,1000.0,1000.0,50.0,1000.0,50.0,0.0,469.0,417.0
1963-12-11,1180.0,406.0,406.0,Rule Curve,406.0,1000.0,1000.0,50.0,1000.0,50.0,0.0,406.0,366.0
1963-12-12,1180.0,350.0,350.0,Rule Curve,350.0,1000.0,1000.0,50.0,1000.0,50.0,0.0,350.0,326.0
1963-12-13,1180.0,317.0,317.0,Rule Curve,317.0,1000.0,1000.0,50.0,1000.0,50.0,0.0,317.0,297.0
1963-12-14,1180.0,286.0,286.0,Rule Curve,286.0,1000.0,1000.0,50.0,1000.0,50.0,0.0,286.0,271.0
1963-12-15,1180.0,263.0,263.0,Rule Curve,263.0,1000.0,1000.0,50.0,1000.0,50.0,0.0,263.0,252.0
1963-12-16,1180.0,239.0,239.0,Rule Curve,239.0,1000.0,1000.0,50.0,1000.0,50.0,0.0,239.0,236.0
1963-12-17,1180.0,228.0,228.0,Rule Curve,228.0,1000.0,1000.0,50.0,1000.0,50.0,0.0,228.0,228.0
1963-12-18,1180.0,217.0,217.0,Rule Curve,217.0,1000.0,1000.0,50.0,1000.0,50.0,0.0,217.0,217.0
1963-12-19,1180.0,228.0,228.0,Rule Curve,228.0,1000.0,1000.0,50.0,1000.0,50.0,0.0,228.0,228.0
1963-12-20,1180.0,337.0,337.0,Rule Curve,337.0,1000.0,1000.0,50.0,1000.0,50.0,0.0,337.0,337.0
1963-12-21,1180.0,385.0,385.0,Rule Curve,385.0,1000.0,1000.0,50.0,1000.0,50.0,0.0,385.0,385.0
1963-12-22,1180.0,378.0,378.0,Rule Curve,378.0,1000.0,1000.0,50.0,1000.0,50.0,0.0,378.0,378.0
1963-12-23,1180.0,406.0,406.0,Rule Curve,406.0,1000.0,1000.0,50.0,1000.0,50.0,0.0,406.0,406.0
1963-12-24,1180.0,413.0,413.0,Rule Curve,413.0,1000.0,1000.0,50.0,1000.0,50.0,0.0,413.0,413.0
1963-12-25,1180.0,448.0,448.0,Rule Curve,448.0,1000.0,1000.0,50.0,1000.0,50.0,0.0,448.0,448.0
1963-12-26,1180.0,560.0,560.0,Rule Curve,560.0,1000.0,1000.0,50.0,1000.0,50.0,0.0,560.0,560.0
1963-12-27,1180.0,901.0,901.0,Rule Curve,901.0,1000.0,1000.0,50.0,1000.0,50.0,0.0,901.0,901.0
1963-12-28,1187.32,1517.0,1000.0,Rule Curve,1000.0,1000.0,1000.0,50.0,1000.0,50.0,0.0,1517.0,1141.0
1963-12-29,1188.72,1110.0,1005.0,Top of Dam,1005.0,1005.0,1073.0,50.0,1073.0,50.0,0.0,1282.0,1005.0
1963-12-30,1187.38,770.0,870.0,Top of Dam,870.0,870.0,1087.0,50.0,1087.0,50.0,0.0,977.0,870.0
1963-12-31,1183.98,593.0,840.0,Top of Dam,767.0,840.0,1074.0,50.0,1074.0,50.0,0.0,767.0,840.0
1964-01-01,1181.57,601.0,769.0,Top of Dam,692.0,769.0,1040.0,50.0,1040.0,50.0,0.0,692.0,769.0
1964-01-02,1182.87,780.0,690.0,Top of Dam,690.0,690.0,1016.0,50.0,1016.0,50.0,0.0,815.0,690.0
1964-01-03,1183.04,626.0,614.0,Top of Dam,614.0,614.0,1029.0,50.0,1029.0,50.0,0.0,691.0,614.0
1964-01-04,1182.04,532.0,601.0,Top of Dam,601.0,601.0,1030.0,50.0,1030.0,50.0,0.0,602.0,601.0
1964-01-05,1180.37,462.0,576.0,Top of Dam,508.0,576.0,1020.0,50.0,1020.0,50.0,0.0,508.0,576.0
1964-01-06,1181.01,576.0,533.0,Top of Dam,533.0,533.0,1004.0,50.0,1004.0,50.0,0.0,585.0,533.0
1964-01-07,1181.34,525.0,503.0,Top of Dam,503.0,503.0,1010.0,50.0,1010.0,50.0,0.0,548.0,503.0
1964-01-08,1181.08,448.0,466.0,Top of Dam,466.0,466.0,1013.0,50.0,1013.0,50.0,0.0,478.0,466.0
1964-01-09,1181.28,441.0,427.0,Top of Dam,427.0,427.0,1011.0,50.0,1011.0,50.0,0.0,465.0,427.0
1964-01-10,1181.24,392.0,395.0,Top of Dam,395.0,395.0,1013.0,50.0,1013.0,50.0,0.0,421.0,395.0
1964-01-11,1180.76,350.0,383.0,Top of Dam,378.0,383.0,1012.0,50.0,1012.0,50.0,0.0,378.0,383.0
1964-01-12,1180.03,331.0,381.0,Top of Dam,349.0,381.0,1008.0,50.0,1008.0,50.0,0.0,349.0,381.0
1964-01-13,1180.0,357.0,359.0,Top of Dam,358.0,359.0,1000.0,50.0,1000.0,50.0,0.0,358.0,359.0
1964-01-14,1180.0,378.0,378.0,Rule Curve,378.0,1000.0,1000.0,50.0,1000.0,50.0,0.0,378.0,378.0
1964-01-15,1180.0,364.0,364.0,Rule Curve,364.0,1000.0,1000.0,50.0,1000.0,50.0,0.0,364.0,364.0
1964-01-16,1180.0,831.0,831.0,Rule Curve,831.0,1000.0,1000.0,50.0,1000.0,50.0,0.0,831.0,831.0
1964-01-17,1180.54,1036.0,1000.0,Rule Curve,1000.0,1000.0,1000.0,50.0,1000.0,50.0,0.0,1036.0,861.0
1964-01-18,1180.0,780.0,816.0,Top of Dam,792.0,816.0,1005.0,50.0,1005.0,50.0,0.0,792.0,816.0
1964-01-19,1180.0,742.0,742.0,Rule Curve,742.0,1000.0,1000.0,50.0,1000.0,50.0,0.0,742.0,742.0
1964-01-20,1180.0,963.0,963.0,Rule Curve,963.0,1000.0,1000.0,50.0,1000.0,50.0,0.0,963.0,709.0
1964-01-21,1180.0,642.0,642.0,Rule Curve,642.0,1000.0,1000.0,50.0,1000.0,50.0,0.0,642.0,526.0
1964-01-22,1180.0,497.0,497.0,Rule Curve,497.0,1000.0,1000.0,50.0,1000.0,50.0,0.0,497.0,497.0
1964-01-23,1180.0,413.0,413.0,Rule Curve,413.0,1000.0,1000.0,50.0,1000.0,50.0,0.0,413.0,413.0
1964-01-24,1180.0,735.0,735.0,Rule Curve,735.0,1000.0,1000.0,50.0,1000.0,50.0,0.0,735.0,735.0
1964-01-25,1188.57,1610.0,1000.0,Rule Curve,1000.0,1000.0,1000.0,50.0,1000.0,50.0,0.0,1610.0,1592.0
1964-01-26,1197.03,1762.0,1086.0,Top of Dam,1086.0,1086.0,1086.0,50.0,1086.0,50.0,0.0,1966.0,1628.0
1964-01-27,1199.44,1377.0,1170.0,Top of Dam,1170.0,1170.0,1170.0,50.0,1170.0,50.0,0.0,1806.0,1718.0
1964-01-28,1198.46,1110.0,1194.0,Top of Dam,1194.0,1194.0,1194.0,50.0,1194.0,50.0,0.0,1608.0,1752.0
1964-01-29,1200.4,1354.0,1185.0,Top of Dam,1185.0,1185.0,1185.0,50.0,1185.0,50.0,0.0,1823.0,1605.0
1964-01-30,1201.17,1272.0,1204.0,Top of Dam,1204.0,1204.0,1204.0,50.0,1204.0,50.0,0.0,1798.0,1557.0
1964-01-31,1203.13,1389.0,1212.0,Top of Dam,1212.0,1212.0,1212.0,50.0,1212.0,50.0,0.0,1937.0,1321.0
1964-02-01,1209.41,1599.0,997.0,Top of Dam,997.0,997.0,1231.0,50.0,1231.0,50.0,0.0,2207.0,997.0
1964-02-02,1212.98,1099.0,732.0,Top of Dam,732.0,732.0,1294.0,50.0,1294.0,50.0,0.0,1696.0,732.0
1964-02-03,1215.72,854.0,544.0,Top of Dam,544.0,544.0,1330.0,50.0,1330.0,50.0,0.0,1387.0,544.0
1964-02-04,1219.54,817.0,395.0,Top of Dam,395.0,395.0,1357.0,50.0,1357.0,50.0,0.0,1253.0,395.0
1964-02-05,1224.06,780.0,250.0,Top of Dam,250.0,250.0,1395.0,50.0,1395.0,50.0,0.0,1150.0,250.0
1964-02-06,1228.33,666.0,135.0,Top of Dam,135.0,135.0,1441.0,50.0,1441.0,50.0,0.0,1011.0,135.0
1964-02-07,1232.39,560.0,50.0,Top of Dam,50.0,50.0,1483.0,50.0,1483.0,50.0,0.0,877.0,47.0
1964-02-08,1235.6,504.0,50.0,Top of Dam,50.0,50.0,1572.0,50.0,1572.0,50.0,0.0,800.0,0.0
1964-02-09,1238.7,469.0,50.0,Top of Dam,50.0,50.0,1668.0,50.0,1668.0,50.0,0.0,718.0,0.0
1964-02-10,1237.44,504.0,694.0,Rule Curve,694.0,1761.0,1761.0,50.0,1761.0,50.0,0.0,694.0,0.0
1964-02-11,1240.63,532.0,50.0,Rule Curve,50.0,459.0,1723.0,50.0,1723.0,50.0,0.0,459.0,0.0
1964-02-12,1243.5,483.0,50.0,Rule Curve,50.0,369.0,1819.0,50.0,1819.0,50.0,0.0,369.0,0.0
1964-02-13,1246.08,441.0,50.0,Rule Curve,50.0,275.0,1905.0,50.0,1905.0,50.0,0.0,275.0,0.0
1964-02-14,1248.53,420.0,50.0,Rule Curve,50.0,181.0,1982.0,50.0,1982.0,50.0,0.0,181.0,0.0
1964-02-15,1250.64,420.0,50.0,Rule Curve,50.0,104.0,2056.0,50.0,2056.0,50.0,0.0,104.0,0.0
1964-02-16,1252.68,392.0,50.0,Rule Curve,50.0,50.0,2119.0,50.0,2119.0,50.0,0.0,1.0,0.0
1964-02-17,1254.73,413.0,50.0,Rule Curve,50.0,50.0,2180.0,50.0,2180.0,50.0,0.0,0.0,0.0
1964-02-18,1256.92,441.0,50.0,Rule Curve,50.0,50.0,2242.0,50.0,2242.0,50.0,0.0,0.0,0.0
1964-02-19,1259.21,462.0,50.0,Rule Curve,50.0,50.0,2308.0,50.0,2308.0,50.0,0.0,0.0,0.0
1964-02-20,1261.4,441.0,50.0,Rule Curve,50.0,50.0,2376.0,50.0,2376.0,50.0,0.0,0.0,0.0
1964-02-21,1263.38,448.0,50.0,Rule Curve,50.0,50.0,2442.0,50.0,2442.0,50.0,0.0,0.0,0.0
1964-02-22,1265.63,504.0,50.0,Rule Curve,50.0,50.0,2501.0,50.0,2501.0,50.0,0.0,0.0,0.0
1964-02-23,1267.7,504.0,50.0,Rule Curve,50.0,50.0,2569.0,50.0,2569.0,50.0,0.0,0.0,0.0
1964-02-24,1269.92,511.0,50.0,Rule Curve,50.0,50.0,2631.0,50.0,2631.0,50.0,0.0,0.0,0.0
1964-02-25,1271.71,462.0,50.0,Rule Curve,50.0,50.0,2697.0,50.0,2697.0,50.0,0.0,0.0,0.0
1964-02-26,1273.29,420.0,50.0,Rule Curve,50.0,50.0,2751.0,50.0,2751.0,50.0,0.0,0.0,0.0
1964-02-27,1274.74,378.0,50.0,Rule Curve,50.0,50.0,2799.0,50.0,2799.0,50.0,0.0,0.0,0.0
1964-02-28,1275.98,364.0,50.0,Rule Curve,50.0,50.0,2842.0,50.0,2842.0,50.0,0.0,0.0,0.0
1964-02-29,1277.22,350.0,50.0,Rule Curve,50.0,50.0,2879.0,50.0,2879.0,50.0,0.0,0.0,0.0
1964-03-01,1278.79,406.0,50.0,Rule Curve,50.0,50.0,2916.0,50.0,2916.0,50.0,0.0,0.0,0.0
1964-03-02,1280.1,385.0,50.0,Rule Curve,50.0,50.0,2964.0,50.0,2964.0,50.0,0.0,0.0,0.0
1964-03-03,1281.16,364.0,50.0,Rule Curve,50.0,50.0,3002.0,50.0,3002.0,50.0,0.0,0.0,0.0
1964-03-04,1283.7,691.0,50.0,Rule Curve,50.0,50.0,3019.0,50.0,3019.0,50.0,0.0,0.0,0.0
1964-03-05,1287.13,1015.0,50.0,Rule Curve,50.0,50.0,3062.0,50.0,3062.0,50.0,0.0,0.0,0.0
1964-03-06,1289.37,683.0,50.0,Rule Curve,50.0,50.0,3119.0,50.0,3119.0,50.0,0.0,0.0,0.0
1964-03-07,1291.13,532.0,50.0,Rule Curve,50.0,50.0,3156.0,50.0,3156.0,50.0,0.0,0.0,0.0
1964-03-08,1292.56,483.0,50.0,Rule Curve,50.0,50.0,3185.0,50.0,3185.0,50.0,0.0,0.0,0.0
1964-03-09,1293.88,448.0,50.0,Rule Curve,50.0,50.0,3209.0,50.0,3209.0,50.0,0.0,0.0,0.0
1964-03-10,1295.11,427.0,50.0,Rule Curve,50.0,50.0,3231.0,50.0,3231.0,50.0,0.0,0.0,0.0
1964-03-11,1296.53,525.0,50.0,Rule Curve,50.0,50.0,3252.0,50.0,3252.0,50.0,0.0,0.0,0.0
1964-03-12,1298.21,560.0,50.0,Rule Curve,50.0,50.0,3275.0,50.0,3275.0,50.0,0.0,0.0,0.0
1964-03-13,1299.44,441.0,50.0,Rule Curve,50.0,50.0,3304.0,50.0,3304.0,50.0,0.0,0.0,0.0
1964-03-14,1301.02,560.0,50.0,Rule Curve,50.0,77.0,3324.0,50.0,3324.0,50.0,0.0,77.0,0.0
1964-03-15,1303.61,931.0,50.0,Rule Curve,50.0,504.0,3350.0,50.0,3350.0,50.0,0.0,504.0,0.0
1964-03-16,1305.73,780.0,50.0,Rule Curve,50.0,540.0,3393.0,50.0,3393.0,50.0,0.0,540.0,0.0
1964-03-17,1307.64,724.0,50.0,Rule Curve,50.0,598.0,3429.0,50.0,3429.0,50.0,0.0,598.0,0.0
1964-03-18,1307.63,666.0,671.0,Rule Curve,671.0,3461.0,3461.0,50.0,3461.0,50.0,0.0,671.0,56.0
1964-03-19,1309.14,585.0,50.0,Rule Curve,50.0,494.0,3460.0,50.0,3460.0,50.0,0.0,494.0,0.0
1964-03-20,1310.59,560.0,50.0,Rule Curve,50.0,530.0,3486.0,50.0,3486.0,50.0,0.0,530.0,0.0
1964-03-21,1310.49,546.0,580.0,Rule Curve,580.0,3510.0,3510.0,50.0,3510.0,50.0,0.0,580.0,5.0
1964-03-22,1311.8,511.0,50.0,Rule Curve,50.0,428.0,3508.0,50.0,3508.0,50.0,0.0,428.0,0.0
1964-03-23,1313.0,476.0,50.0,Rule Curve,50.0,441.0,3530.0,50.0,3530.0,50.0,0.0,441.0,0.0
1964-03-24,1313.0,427.0,428.0,Rule Curve,428.0,3550.0,3550.0,50.0,3550.0,50.0,0.0,428.0,0.0
1964-03-25,1313.8,371.0,50.0,Rule Curve,50.0,264.0,3550.0,50.0,3550.0,50.0,0.0,264.0,0.0
1964-03-26,1314.58,337.0,50.0,Rule Curve,50.0,228.0,3563.0,50.0,3563.0,50.0,0.0,228.0,0.0
1964-03-27,1315.38,331.0,50.0,Rule Curve,50.0,212.0,3576.0,50.0,3576.0,50.0,0.0,212.0,0.0
1964-03-28,1316.29,385.0,50.0,Rule Curve,50.0,245.0,3590.0,50.0,3590.0,50.0,0.0,245.0,0.0
1964-03-29,1317.87,642.0,50.0,Rule Curve,50.0,511.0,3605.0,50.0,3605.0,50.0,0.0,511.0,0.0
1964-03-30,1319.95,952.0,166.0,Rule Curve,50.0,910.0,3631.0,50.0,3631.0,50.0,0.0,910.0,166.0
1964-03-31,1319.63,1167.0,1279.0,Rule Curve,1279.0,3666.0,3666.0,50.0,3666.0,50.0,0.0,1279.0,685.0
1964-04-01,1321.56,1220.0,461.0,Rule Curve,50.0,1189.0,3661.0,50.0,3661.0,50.0,0.0,1189.0,395.0
1964-04-02,1321.27,936.0,1052.0,Rule Curve,1052.0,3693.0,3693.0,50.0,3693.0,50.0,0.0,1052.0,352.0
1964-04-03,1322.98,737.0,50.0,Rule Curve,50.0,707.0,3688.0,50.0,3688.0,50.0,0.0,707.0,0.0
1964-04-04,1322.75,653.0,744.0,Rule Curve,744.0,3716.0,3716.0,50.0,3716.0,50.0,0.0,744.0,149.0
1964-04-05,1324.25,604.0,50.0,Rule Curve,50.0,547.0,3713.0,50.0,3713.0,50.0,0.0,547.0,0.0
1964-04-06,1324.2,535.0,555.0,Rule Curve,555.0,3737.0,3737.0,50.0,3737.0,50.0,0.0,555.0,0.0
1964-04-07,1325.4,535.0,50.0,Rule Curve,50.0,441.0,3737.0,50.0,3737.0,50.0,0.0,441.0,0.0
1964-04-08,1326.8,612.0,50.0,Rule Curve,50.0,572.0,3757.0,50.0,3757.0,50.0,0.0,572.0,0.0
1964-04-09,1326.7,793.0,833.0,Rule Curve,833.0,3780.0,3780.0,50.0,3780.0,50.0,0.0,833.0,262.0
1964-04-10,1328.71,896.0,50.0,Rule Curve,50.0,815.0,3778.0,50.0,3778.0,50.0,0.0,815.0,3.0
1964-04-11,1328.5,887.0,979.0,Rule Curve,979.0,3812.0,3812.0,50.0,3812.0,50.0,0.0,979.0,355.0
1964-04-12,1330.31,802.0,50.0,Rule Curve,50.0,757.0,3808.0,50.0,3808.0,50.0,0.0,757.0,16.0
1964-04-13,1330.07,694.0,789.0,Rule Curve,789.0,3838.0,3838.0,50.0,3838.0,50.0,0.0,789.0,338.0
1964-04-14,1331.8,746.0,50.0,Rule Curve,50.0,702.0,3835.0,50.0,3835.0,50.0,0.0,702.0,0.0
1964-04-15,1331.6,925.0,1005.0,Rule Curve,1005.0,3863.0,3863.0,50.0,3863.0,50.0,0.0,1005.0,400.0
1964-04-16,1333.48,906.0,96.0,Rule Curve,50.0,852.0,3860.0,50.0,3860.0,50.0,0.0,852.0,96.0
1964-04-17,1333.21,719.0,829.0,Rule Curve,829.0,3891.0,3891.0,50.0,3891.0,50.0,0.0,829.0,189.0
1964-04-18,1334.48,588.0,50.0,Rule Curve,50.0,562.0,3887.0,50.0,3887.0,50.0,0.0,562.0,0.0
1964-04-19,1334.39,528.0,571.0,Rule Curve,571.0,3908.0,3908.0,50.0,3908.0,50.0,0.0,571.0,0.0
1964-04-20,1335.5,528.0,50.0,Rule Curve,50.0,450.0,3906.0,50.0,3906.0,50.0,0.0,450.0,0.0
1964-04-21,1336.57,514.0,50.0,Rule Curve,50.0,487.0,3925.0,50.0,3925.0,50.0,0.0,487.0,0.0
1964-04-22,1336.55,556.0,567.0,Rule Curve,567.0,3943.0,3943.0,50.0,3943.0,50.0,0.0,567.0,0.0
1964-04-23,1337.6,528.0,50.0,Rule Curve,50.0,430.0,3942.0,50.0,3942.0,50.0,0.0,430.0,0.0
1964-04-24,1338.62,479.0,50.0,Rule Curve,50.0,434.0,3960.0,50.0,3960.0,50.0,0.0,434.0,0.0
1964-04-25,1338.64,457.0,446.0,Rule Curve,446.0,3977.0,3977.0,50.0,3977.0,50.0,0.0,446.0,0.0
1964-04-26,1339.71,514.0,50.0,Rule Curve,50.0,406.0,3977.0,50.0,3977.0,50.0,0.0,406.0,0.0
1964-04-27,1340.91,596.0,50.0,Rule Curve,50.0,552.0,3995.0,50.0,3995.0,50.0,0.0,552.0,0.0
1964-04-28,1340.87,621.0,638.0,Rule Curve,638.0,4000.0,4000.0,50.0,4000.0,50.0,0.0,638.0,0.0
1964-04-29,1342.47,774.0,50.0,Rule Curve,50.0,664.0,4000.0,50.0,4000.0,50.0,0.0,664.0,0.0
1964-04-30,1342.41,662.0,688.0,Rule Curve,688.0,4000.0,4000.0,50.0,4000.0,50.0,0.0,688.0,77.0
1964-05-01,1343.6,588.0,50.0,Rule Curve,50.0,499.0,4000.0,50.0,4000.0,50.0,0.0,499.0,0.0
1964-05-02,1344.61,507.0,50.0,Rule Curve,50.0,492.0,4000.0,50.0,4000.0,50.0,0.0,492.0,0.0
1964-05-03,1344.54,450.0,481.0,Rule Curve,481.0,4000.0,4000.0,50.0,4000.0,50.0,0.0,481.0,0.0
1964-05-04,1345.33,408.0,50.0,Rule Curve,50.0,323.0,4000.0,50.0,4000.0,50.0,0.0,323.0,0.0
1964-05-05,1346.11,408.0,50.0,Rule Curve,50.0,336.0,4000.0,50.0,4000.0,50.0,0.0,336.0,0.0
1964-05-06,1346.81,366.0,50.0,Rule Curve,50.0,308.0,4000.0,50.0,4000.0,50.0,0.0,308.0,0.0
1964-05-07,1347.4,339.0,50.0,Rule Curve,50.0,277.0,4000.0,50.0,4000.0,50.0,0.0,277.0,0.0
1964-05-08,1347.99,345.0,50.0,Rule Curve,50.0,262.0,4000.0,50.0,4000.0,50.0,0.0,262.0,0.0
1964-05-09,1348.76,401.0,50.0,Rule Curve,50.0,308.0,4000.0,50.0,4000.0,50.0,0.0,308.0,0.0
1964-05-10,1349.75,500.0,50.0,Rule Curve,50.0,418.0,4000.0,50.0,4000.0,50.0,0.0,418.0,0.0
1964-05-11,1350.05,653.0,516.0,Rule Curve,50.0,616.0,4000.0,50.0,4000.0,50.0,0.0,616.0,516.0
1964-05-12,1350.03,755.0,763.0,Rule Curve,763.0,4000.0,4000.0,50.0,4000.0,50.0,0.0,763.0,755.0
1964-05-13,1350.02,830.0,836.0,Rule Curve,836.0,4000.0,4000.0,50.0,4000.0,50.0,0.0,836.0,729.0
1964-05-14,1350.01,686.0,690.0,Rule Curve,690.0,4000.0,4000.0,50.0,4000.0,50.0,0.0,690.0,672.0
1964-05-15,1350.01,653.0,655.0,Rule Curve,655.0,4000.0,4000.0,50.0,4000.0,50.0,0.0,655.0,635.0
1964-05-16,1350.01,784.0,786.0,Rule Curve,786.0,4000.0,4000.0,50.0,4000.0,50.0,0.0,786.0,764.0
1964-05-17,1350.0,868.0,869.0,Rule Curve,869.0,4000.0,4000.0,50.0,4000.0,50.0,0.0,869.0,846.0
1964-05-18,1350.0,906.0,907.0,Rule Curve,907.0,4000.0,4000.0,50.0,4000.0,50.0,0.0,907.0,883.0
1964-05-19,1350.0,989.0,989.0,Rule Curve,989.0,4000.0,4000.0,50.0,4000.0,50.0,0.0,989.0,965.0
1964-05-20,1350.0,1073.0,1073.0,Rule Curve,1073.0,4000.0,4000.0,50.0,4000.0,50.0,0.0,1073.0,951.0
1964-05-21,1350.0,999.0,999.0,Rule Curve,999.0,4000.0,4000.0,50.0,4000.0,50.0,0.0,999.0,800.0
1964-05-22,1350.0,774.0,774.0,Rule Curve,774.0,4000.0,4000.0,50.0,4000.0,50.0,0.0,774.0,665.0
1964-05-23,1350.0,621.0,621.0,Rule Curve,621.0,4000.0,4000.0,50.0,4000.0,50.0,0.0,621.0,598.0
1964-05-24,1350.0,596.0,596.0,Rule Curve,596.0,4000.0,4000.0,50.0,4000.0,50.0,0.0,596.0,576.0
1964-05-25,1350.0,571.0,571.0,Rule Curve,571.0,4000.0,4000.0,50.0,4000.0,50.0,0.0,571.0,551.0
1964-05-26,1350.0,556.0,556.0,Rule Curve,556.0,4000.0,4000.0,50.0,4000.0,50.0,0.0,556.0,536.0
1964-05-27,1350.0,637.0,637.0,Rule Curve,637.0,4000.0,4000.0,50.0,4000.0,50.0,0.0,637.0,617.0
1964-05-28,1350.0,686.0,686.0,Rule Curve,686.0,4000.0,4000.0,50.0,4000.0,50.0,0.0,686.0,666.0
1964-05-29,1350.0,662.0,662.0,Rule Curve,662.0,4000.0,4000.0,50.0,4000.0,50.0,0.0,662.0,642.0
1964-05-30,1350.0,755.0,755.0,Rule Curve,755.0,4000.0,4000.0,50.0,4000.0,50.0,0.0,755.0,735.0
1964-05-31,1350.0,877.0,877.0,Rule Curve,877.0,4000.0,4000.0,50.0,4000.0,50.0,0.0,877.0,857.0
1964-06-01,1350.0,999.0,999.0,Rule Curve,999.0,4000.0,4000.0,50.0,4000.0,63.0,0.0,999.0,831.0
1964-06-02,1350.0,802.0,802.0,Rule Curve,802.0,4000.0,4000.0,50.0,4000.0,63.0,0.0,802.0,732.0
1964-06-03,1350.0,686.0,686.0,Rule Curve,686.0,4000.0,4000.0,50.0,4000.0,63.0,0.0,686.0,666.0
1964-06-04,1350.0,703.0,703.0,Rule Curve,703.0,4000.0,4000.0,50.0,4000.0,63.0,0.0,703.0,683.0
1964-06-05,1350.0,821.0,821.0,Rule Curve,821.0,4000.0,4000.0,50.0,4000.0,63.0,0.0,821.0,801.0
1964-06-06,1350.0,849.0,849.0,Rule Curve,849.0,3930.0,4000.0,50.0,3930.0,63.0,0.0,849.0,829.0
1964-06-07,1350.0,1010.0,1010.0,Rule Curve,1010.0,3958.0,4000.0,50.0,3958.0,63.0,0.0,1010.0,833.0
1964-06-08,1350.0,840.0,840.0,Rule Curve,840.0,4000.0,4000.0,50.0,4000.0,63.0,0.0,840.0,695.0
1964-06-09,1350.0,645.0,645.0,Rule Curve,645.0,4000.0,4000.0,50.0,4000.0,63.0,0.0,645.0,589.0
1964-06-10,1350.0,596.0,596.0,Rule Curve,596.0,4000.0,4000.0,50.0,4000.0,63.0,0.0,596.0,538.0
1964-06-11,1350.0,521.0,521.0,Rule Curve,521.0,4000.0,4000.0,50.0,4000.0,63.0,0.0,521.0,496.0
1964-06-12,1350.0,486.0,486.0,Rule Curve,486.0,4000.0,4000.0,50.0,4000.0,63.0,0.0,486.0,466.0
1964-06-13,1350.0,472.0,472.0,Rule Curve,472.0,4000.0,4000.0,50.0,4000.0,63.0,0.0,472.0,457.0
1964-06-14,1350.0,465.0,465.0,Rule Curve,465.0,4000.0,4000.0,50.0,4000.0,63.0,0.0,465.0,440.0
1964-06-15,1350.0,436.0,436.0,Rule Curve,436.0,4000.0,4000.0,50.0,4000.0,63.0,0.0,436.0,421.0
1964-06-16,1350.0,408.0,408.0,Rule Curve,408.0,4000.0,4000.0,50.0,4000.0,63.0,0.0,408.0,393.0
1964-06-17,1350.0,436.0,436.0,Rule Curve,436.0,4000.0,4000.0,50.0,4000.0,63.0,0.0,436.0,421.0
1964-06-18,1350.0,472.0,472.0,Rule Curve,472.0,4000.0,4000.0,50.0,4000.0,63.0,0.0,472.0,428.0
1964-06-19,1350.0,436.0,436.0,Rule Curve,436.0,4000.0,4000.0,50.0,4000.0,63.0,0.0,436.0,382.0
1964-06-20,1350.0,366.0,366.0,Rule Curve,366.0,4000.0,4000.0,50.0,4000.0,63.0,0.0,366.0,339.0
1964-06-21,1350.0,333.0,333.0,Rule Curve,333.0,4000.0,4000.0,50.0,4000.0,63.0,0.0,333.0,318.0
1964-06-22,1350.0,307.0,307.0,Rule Curve,307.0,4000.0,4000.0,50.0,4000.0,63.0,0.0,307.0,292.0
1964-06-23,1350.0,313.0,313.0,Rule Curve,313.0,4000.0,4000.0,50.0,4000.0,63.0,0.0,313.0,298.0
1964-06-24,1350.0,307.0,307.0,Rule Curve,307.0,4000.0,4000.0,50.0,4000.0,63.0,0.0,307.0,284.0
1964-06-25,1350.0,276.0,276.0,Rule Curve,276.0,4000.0,4000.0,50.0,4000.0,63.0,0.0,276.0,256.0
1964-06-26,1350.0,258.0,258.0,Rule Curve,258.0,4000.0,4000.0,50.0,4000.0,63.0,0.0,258.0,231.0
1964-06-27,1350.0,223.0,223.0,Rule Curve,223.0,4000.0,4000.0,50.0,4000.0,63.0,0.0,223.0,207.0
1964-06-28,1350.0,202.0,202.0,Rule Curve,202.0,4000.0,4000.0,50.0,4000.0,63.0,0.0,202.0,187.0
1964-06-29,1350.0,187.0,187.0,Rule Curve,187.0,4000.0,4000.0,50.0,4000.0,63.0,0.0,187.0,172.0
1964-06-30,1350.0,181.0,181.0,Rule Curve,181.0,4000.0,4000.0,50.0,4000.0,63.0,0.0,181.0,166.0
1964-07-01,1350.0,176.0,176.0,Rule Curve,176.0,4000.0,4000.0,50.0,4000.0,67.0,0.0,176.0,161.0
1964-07-02,1350.0,167.0,167.0,Rule Curve,167.0,4000.0,4000.0,50.0,4000.0,67.0,0.0,167.0,152.0
1964-07-03,1350.0,162.0,162.0,Rule Curve,162.0,4000.0,4000.0,50.0,4000.0,67.0,0.0,162.0,147.0
1964-07-04,1350.0,148.0,148.0,Rule Curve,148.0,4000.0,4000.0,50.0,4000.0,67.0,0.0,148.0,133.0
1964-07-05,1350.0,143.0,143.0,Rule Curve,143.0,4000.0,4000.0,50.0,4000.0,67.0,0.0,143.0,128.0
1964-07-06,1350.0,134.0,134.0,Rule Curve,134.0,4000.0,4000.0,50.0,4000.0,67.0,0.0,134.0,124.0
1964-07-07,1350.0,129.0,129.0,Rule Curve,129.0,4000.0,4000.0,50.0,4000.0,67.0,0.0,129.0,119.0
1964-07-08,1350.0,124.0,124.0,Rule Curve,124.0,4000.0,4000.0,50.0,4000.0,67.0,0.0,124.0,114.0
1964-07-09,1350.0,120.0,120.0,Rule Curve,120.0,4000.0,4000.0,50.0,4000.0,67.0,0.0,120.0,110.0
1964-07-10,1350.0,115.0,115.0,Rule Curve,115.0,4000.0,4000.0,50.0,4000.0,67.0,0.0,115.0,105.0
1964-07-11,1350.0,108.0,108.0,Rule Curve,108.0,4000.0,4000.0,50.0,4000.0,67.0,0.0,108.0,98.0
1964-07-12,1350.0,103.0,103.0,Rule Curve,103.0,4000.0,4000.0,50.0,4000.0,67.0,0.0,103.0,93.0
1964-07-13,1350.0,99.0,99.0,Rule Curve,99.0,4000.0,4000.0,50.0,4000.0,67.0,0.0,99.0,89.0
1964-07-14,1350.0,99.0,99.0,Rule Curve,99.0,4000.0,4000.0,50.0,4000.0,67.0,0.0,99.0,89.0
1964-07-15,1350.0,115.0,115.0,Rule Curve,115.0,4000.0,4000.0,50.0,4000.0,67.0,0.0,115.0,105.0
1964-07-16,1350.0,99.0,99.0,Rule Curve,99.0,4000.0,4000.0,50.0,4000.0,67.0,0.0,99.0,89.0
1964-07-17,1350.0,91.0,91.0,Rule Curve,91.0,4000.0,4000.0,50.0,4000.0,67.0,0.0,91.0,81.0
1964-07-18,1350.0,87.0,87.0,Rule Curve,87.0,4000.0,4000.0,50.0,4000.0,67.0,0.0,87.0,77.0
1964-07-19,1350.0,83.0,83.0,Rule Curve,83.0,4000.0,4000.0,50.0,4000.0,67.0,0.0,83.0,73.0
1964-07-20,1350.0,80.0,80.0,Rule Curve,80.0,4000.0,4000.0,50.0,4000.0,67.0,0.0,80.0,70.0
1964-07-21,1350.0,80.0,80.0,Rule Curve,80.0,4000.0,4000.0,50.0,4000.0,67.0,0.0,80.0,70.0
1964-07-22,1350.0,80.0,80.0,Rule Curve,80.0,4000.0,4000.0,50.0,4000.0,67.0,0.0,80.0,70.0
1964-07-23,1350.0,76.0,76.0,Rule Curve,76.0,4000.0,4000.0,50.0,4000.0,67.0,0.0,76.0,66.0
1964-07-24,1350.0,73.0,73.0,Rule Curve,73.0,4000.0,4000.0,50.0,4000.0,67.0,0.0,73.0,63.0
1964-07-25,1350.0,73.0,73.0,Rule Curve,73.0,4000.0,4000.0,50.0,4000.0,67.0,0.0,73.0,63.0
1964-07-26,1350.0,73.0,73.0,Rule Curve,73.0,4000.0,4000.0,50.0,4000.0,67.0,0.0,73.0,63.0
1964-07-27,1350.0,73.0,73.0,Rule Curve,73.0,4000.0,4000.0,50.0,4000.0,67.0,0.0,73.0,63.0
1964-07-28,1350.0,73.0,73.0,Rule Curve,73.0,4000.0,4000.0,50.0,4000.0,67.0,0.0,73.0,68.0
1964-07-29,1350.0,73.0,73.0,Rule Curve,73.0,4000.0,4000.0,50.0,4000.0,67.0,0.0,73.0,68.0
1964-07-30,1350.0,76.0,76.0,Rule Curve,76.0,4000.0,4000.0,50.0,4000.0,67.0,0.0,76.0,71.0
1964-07-31,1350.0,80.0,80.0,Rule Curve,80.0,4000.0,4000.0,50.0,4000.0,67.0,0.0,80.0,75.0
1964-08-01,1350.0,103.0,103.0,Rule Curve,103.0,4000.0,4000.0,50.0,4000.0,68.0,0.0,103.0,98.0
1964-08-02,1350.0,99.0,99.0,Rule Curve,99.0,4000.0,4000.0,50.0,4000.0,68.0,0.0,99.0,94.0
1964-08-03,1350.0,83.0,83.0,Rule Curve,83.0,4000.0,4000.0,50.0,4000.0,68.0,0.0,83.0,78.0
1964-08-04,1350.0,80.0,80.0,Rule Curve,80.0,4000.0,4000.0,50.0,4000.0,68.0,0.0,80.0,75.0
1964-08-05,1350.0,76.0,76.0,Rule Curve,76.0,4000.0,4000.0,50.0,4000.0,68.0,0.0,76.0,71.0
1964-08-06,1350.0,73.0,73.0,Rule Curve,73.0,4000.0,4000.0,50.0,4000.0,68.0,0.0,73.0,68.0
1964-08-07,1350.0,66.0,68.0,Rule Curve,68.0,4000.0,4000.0,50.0,4000.0,68.0,0.0,66.0,61.0
1964-08-08,1349.98,62.0,68.0,Rule Curve,68.0,4000.0,4000.0,50.0,4000.0,68.0,0.0,61.0,55.0
1964-08-09,1349.97,62.0,68.0,Rule Curve,68.0,4000.0,4000.0,50.0,4000.0,68.0,0.0,60.0,50.0
1964-08-10,1349.95,59.0,68.0,Rule Curve,68.0,4000.0,4000.0,50.0,4000.0,68.0,0.0,55.0,41.0
1964-08-11,1349.93,59.0,68.0,Rule Curve,68.0,4000.0,4000.0,50.0,4000.0,68.0,0.0,52.0,33.0
1964-08-12,1349.92,59.0,68.0,Rule Curve,68.0,4000.0,4000.0,50.0,4000.0,68.0,0.0,49.0,24.0
1964-08-13,1349.9,59.0,68.0,Rule Curve,68.0,4000.0,4000.0,50.0,4000.0,68.0,0.0,46.0,16.0
1964-08-14,1349.87,55.0,68.0,Rule Curve,68.0,68.0,4000.0,50.0,4000.0,68.0,0.0,39.0,3.0
1964-08-15,1349.84,55.0,68.0,Rule Curve,68.0,68.0,4000.0,50.0,4000.0,68.0,0.0,35.0,0.0
1964-08-16,1349.81,52.0,68.0,Rule Curve,68.0,68.0,4000.0,50.0,4000.0,68.0,0.0,28.0,0.0
1964-08-17,1349.77,52.0,68.0,Rule Curve,68.0,68.0,4000.0,50.0,4000.0,68.0,0.0,23.0,0.0
1964-08-18,1349.74,52.0,68.0,Rule Curve,68.0,68.0,4000.0,50.0,4000.0,68.0,0.0,18.0,0.0
1964-08-19,1349.7,52.0,68.0,Rule Curve,68.0,68.0,4000.0,50.0,4000.0,68.0,0.0,12.0,0.0
1964-08-20,1349.66,49.0,68.0,Rule Curve,68.0,68.0,4000.0,50.0,4000.0,68.0,0.0,4.0,0.0
1964-08-21,1349.62,49.0,68.0,Rule Curve,68.0,68.0,4000.0,50.0,4000.0,68.0,0.0,0.0,0.0
1964-08-22,1349.58,47.0,68.0,Rule Curve,68.0,68.0,4000.0,50.0,4000.0,68.0,0.0,0.0,0.0
1964-08-23,1349.52,43.0,68.0,Rule Curve,68.0,68.0,4000.0,50.0,4000.0,68.0,0.0,0.0,0.0
1964-08-24,1349.47,43.0,68.0,Rule Curve,68.0,68.0,4000.0,50.0,4000.0,68.0,0.0,0.0,0.0
1964-08-25,1349.41,40.0,68.0,Rule Curve,68.0,68.0,4000.0,50.0,4000.0,68.0,0.0,0.0,0.0
1964-08-26,1349.36,47.0,68.0,Rule Curve,68.0,68.0,4000.0,50.0,4000.0,68.0,0.0,0.0,0.0
1964-08-27,1349.32,47.0,68.0,Rule Curve,68.0,68.0,4000.0,50.0,4000.0,68.0,0.0,0.0,0.0
1964-08-28,1349.27,47.0,68.0,Rule Curve,68.0,68.0,4000.0,50.0,4000.0,68.0,0.0,0.0,0.0
1964-08-29,1349.23,49.0,68.0,Rule Curve,68.0,68.0,4000.0,50.0,4000.0,68.0,0.0,0.0,0.0
1964-08-30,1349.18,43.0,68.0,Rule Curve,68.0,68.0,4000.0,50.0,4000.0,68.0,0.0,0.0,0.0
1964-08-31,1349.12,40.0,68.0,Rule Curve,68.0,68.0,4000.0,50.0,4000.0,68.0,0.0,0.0,0.0
1964-09-01,1349.06,40.0,65.0,Top of Dam,65.0,65.0,4000.0,50.0,4000.0,65.0,0.0,0.0,161.0
1964-09-02,1347.73,47.0,665.0,Top of Dam,87.0,665.0,4000.0,50.0,4000.0,65.0,0.0,87.0,665.0
1964-09-03,1346.66,40.0,562.0,Top of Dam,65.0,562.0,4000.0,50.0,4000.0,65.0,0.0,45.0,562.0
1964-09-04,1345.5,38.0,564.0,Top of Dam,65.0,564.0,4000.0,50.0,4000.0,65.0,0.0,32.0,564.0
1964-09-05,1344.35,35.0,557.0,Top of Dam,65.0,557.0,4000.0,50.0,4000.0,65.0,0.0,35.0,557.0
1964-09-06,1343.2,35.0,557.0,Top of Dam,65.0,557.0,4000.0,50.0,4000.0,65.0,0.0,27.0,557.0
1964-09-07,1342.05,35.0,557.0,Top of Dam,65.0,557.0,4000.0,50.0,4000.0,65.0,0.0,35.0,557.0
1964-09-08,1340.88,33.0,564.0,Top of Dam,65.0,564.0,4000.0,50.0,4000.0,65.0,0.0,41.0,564.0
1964-09-09,1339.67,33.0,582.0,Top of Dam,65.0,582.0,4000.0,50.0,4000.0,65.0,0.0,30.0,582.0
1964-09-10,1338.54,33.0,523.0,Top of Dam,65.0,523.0,3995.0,50.0,3995.0,65.0,0.0,28.0,523.0
1964-09-11,1337.33,33.0,555.0,Top of Dam,65.0,555.0,3976.0,50.0,3976.0,65.0,0.0,38.0,555.0
1964-09-12,1336.18,30.0,552.0,Top of Dam,65.0,552.0,3955.0,50.0,3955.0,65.0,0.0,35.0,552.0
1964-09-13,1334.91,30.0,556.0,Top of Dam,65.0,556.0,3936.0,50.0,3936.0,65.0,0.0,27.0,556.0
1964-09-14,1333.73,28.0,550.0,Top of Dam,65.0,550.0,3915.0,50.0,3915.0,65.0,0.0,30.0,550.0
1964-09-15,1332.5,28.0,549.0,Top of Dam,65.0,549.0,3895.0,50.0,3895.0,65.0,0.0,32.0,549.0
1964-09-16,1331.26,28.0,553.0,Top of Dam,65.0,553.0,3875.0,50.0,3875.0,65.0,0.0,28.0,553.0
1964-09-17,1329.97,69.0,589.0,Top of Dam,65.0,589.0,3854.0,50.0,3854.0,65.0,0.0,64.0,589.0
1964-09-18,1328.71,47.0,570.0,Top of Dam,65.0,570.0,3833.0,50.0,3833.0,65.0,0.0,43.0,570.0
1964-09-19,1327.5,33.0,557.0,Top of Dam,65.0,557.0,3812.0,50.0,3812.0,65.0,0.0,35.0,557.0
1964-09-20,1326.2,43.0,567.0,Top of Dam,65.0,567.0,3792.0,50.0,3792.0,65.0,0.0,43.0,567.0
1964-09-21,1324.91,40.0,560.0,Top of Dam,65.0,560.0,3770.0,50.0,3770.0,65.0,0.0,40.0,560.0
1964-09-22,1323.56,33.0,555.0,Top of Dam,65.0,555.0,3749.0,50.0,3749.0,65.0,0.0,34.0,555.0
1964-09-23,1322.19,30.0,554.0,Top of Dam,65.0,554.0,3726.0,50.0,3726.0,65.0,0.0,25.0,554.0
1964-09-24,1320.89,28.0,552.0,Top of Dam,65.0,552.0,3703.0,50.0,3703.0,65.0,0.0,27.0,552.0
1964-09-25,1319.54,26.0,547.0,Top of Dam,65.0,547.0,3682.0,50.0,3682.0,65.0,0.0,25.0,547.0
1964-09-26,1318.18,26.0,547.0,Top of Dam,65.0,547.0,3659.0,50.0,3659.0,65.0,0.0,31.0,547.0
1964-09-27,1316.76,25.0,547.0,Top of Dam,65.0,547.0,3636.0,50.0,3636.0,65.0,0.0,22.0,547.0
1964-09-28,1315.38,25.0,550.0,Top of Dam,65.0,550.0,3613.0,50.0,3613.0,65.0,0.0,20.0,550.0
1964-09-29,1313.91,25.0,548.0,Top of Dam,65.0,548.0,3590.0,50.0,3590.0,65.0,0.0,23.0,548.0
1964-09-30,1312.56,28.0,550.0,Top of Dam,65.0,550.0,3565.0,50.0,3565.0,65.0,0.0,29.0,550.0
1964-10-01,1311.08,47.0,569.0,Top of Dam,50.0,569.0,3543.0,50.0,3543.0,50.0,0.0,42.0,569.0
1964-10-02,1309.6,35.0,557.0,Top of Dam,50.0,557.0,3518.0,50.0,3518.0,50.0,0.0,33.0,557.0
1964-10-03,1308.12,30.0,552.0,Top of Dam,50.0,552.0,3493.0,50.0,3493.0,50.0,0.0,30.0,552.0
1964-10-04,1306.89,26.0,460.0,Top of Dam,50.0,460.0,3469.0,50.0,3469.0,50.0,0.0,28.0,460.0
1964-10-05,1305.16,25.0,636.0,Top of Dam,50.0,636.0,3448.0,50.0,3448.0,50.0,0.0,24.0,636.0
1964-10-06,1303.62,23.0,547.0,Top of Dam,50.0,547.0,3419.0,50.0,3419.0,50.0,0.0,18.0,547.0
1964-10-07,1302.05,23.0,546.0,Top of Dam,50.0,546.0,3394.0,50.0,3394.0,50.0,0.0,25.0,546.0
1964-10-08,1300.5,30.0,552.0,Top of Dam,50.0,552.0,3368.0,50.0,3368.0,50.0,0.0,24.0,552.0
1964-10-09,1298.94,28.0,550.0,Top of Dam,50.0,550.0,3342.0,50.0,3342.0,50.0,0.0,28.0,550.0
1964-10-10,1297.21,26.0,549.0,Top of Dam,50.0,549.0,3316.0,50.0,3316.0,50.0,0.0,30.0,549.0
1964-10-11,1295.56,26.0,547.0,Top of Dam,50.0,547.0,3287.0,50.0,3287.0,50.0,0.0,27.0,547.0
1964-10-12,1293.92,25.0,549.0,Top of Dam,50.0,549.0,3259.0,50.0,3259.0,50.0,0.0,20.0,549.0
1964-10-13,1292.19,25.0,548.0,Top of Dam,50.0,548.0,3232.0,50.0,3232.0,50.0,0.0,27.0,548.0
1964-10-14,1290.36,26.0,547.0,Top of Dam,50.0,547.0,3203.0,50.0,3203.0,50.0,0.0,25.0,547.0
1964-10-15,1288.57,30.0,553.0,Top of Dam,50.0,553.0,3173.0,50.0,3173.0,50.0,0.0,27.0,553.0
1964-10-16,1286.68,38.0,559.0,Top of Dam,50.0,559.0,3143.0,50.0,3143.0,50.0,0.0,35.0,559.0
1964-10-17,1284.78,35.0,559.0,Top of Dam,50.0,559.0,3111.0,50.0,3111.0,50.0,0.0,33.0,559.0
1964-10-18,1282.86,30.0,553.0,Top of Dam,50.0,553.0,3080.0,50.0,3080.0,50.0,0.0,28.0,553.0
1964-10-19,1280.82,26.0,549.0,Top of Dam,50.0,549.0,3048.0,50.0,3048.0,50.0,0.0,23.0,549.0
1964-10-20,1278.92,25.0,545.0,Top of Dam,50.0,545.0,3014.0,50.0,3014.0,50.0,0.0,27.0,545.0
1964-10-21,1276.64,26.0,550.0,Top of Dam,50.0,550.0,2968.0,50.0,2968.0,50.0,0.0,28.0,550.0
1964-10-22,1274.57,26.0,548.0,Top of Dam,50.0,548.0,2899.0,50.0,2899.0,50.0,0.0,29.0,548.0
1964-10-23,1272.29,26.0,550.0,Top of Dam,50.0,550.0,2837.0,50.0,2837.0,50.0,0.0,23.0,550.0
1964-10-24,1270.02,26.0,548.0,Top of Dam,50.0,548.0,2769.0,50.0,2769.0,50.0,0.0,25.0,548.0
1964-10-25,1267.55,26.0,548.0,Top of Dam,50.0,548.0,2701.0,50.0,2701.0,50.0,0.0,28.0,548.0
1964-10-26,1265.09,28.0,552.0,Top of Dam,50.0,552.0,2627.0,50.0,2627.0,50.0,0.0,32.0,552.0
1964-10-27,1262.5,28.0,550.0,Top of Dam,50.0,550.0,2553.0,50.0,2553.0,50.0,0.0,27.0,550.0
1964-10-28,1259.66,30.0,552.0,Top of Dam,50.0,552.0,2475.0,50.0,2475.0,50.0,0.0,30.0,552.0
1964-10-29,1256.82,33.0,555.0,Top of Dam,50.0,555.0,2390.0,50.0,2390.0,50.0,0.0,30.0,555.0
1964-10-30,1253.96,59.0,583.0,Top of Dam,60.0,583.0,2305.0,50.0,2305.0,50.0,0.0,60.0,583.0
1964-10-31,1250.84,43.0,565.0,Top of Dam,50.0,565.0,2219.0,50.0,2219.0,50.0,0.0,41.0,565.0
1964-11-01,1247.72,47.0,569.0,Top of Dam,50.0,569.0,2125.0,50.0,2125.0,50.0,0.0,49.0,569.0
1964-11-02,1244.26,129.0,653.0,Top of Dam,130.0,653.0,2032.0,50.0,2032.0,50.0,0.0,130.0,653.0
1964-11-03,1240.81,85.0,607.0,Top of Dam,83.0,607.0,1928.0,50.0,1928.0,50.0,0.0,83.0,607.0
1964-11-04,1237.35,73.0,596.0,Top of Dam,73.0,596.0,1824.0,50.0,1824.0,50.0,0.0,73.0,596.0
1964-11-05,1233.56,77.0,600.0,Top of Dam,74.0,600.0,1720.0,50.0,1720.0,50.0,0.0,74.0,600.0
1964-11-06,1229.44,62.0,584.0,Top of Dam,60.0,584.0,1607.0,50.0,1607.0,50.0,0.0,60.0,584.0
1964-11-07,1225.32,57.0,579.0,Top of Dam,59.0,579.0,1494.0,50.0,1494.0,50.0,0.0,59.0,579.0
1964-11-08,1220.86,54.0,570.0,Top of Dam,55.0,570.0,1453.0,50.0,1453.0,50.0,0.0,55.0,570.0
1964-11-09,1216.11,61.0,590.0,Top of Dam,59.0,590.0,1409.0,50.0,1409.0,50.0,0.0,59.0,590.0
1964-11-10,1211.42,98.0,620.0,Top of Dam,99.0,620.0,1361.0,50.0,1361.0,50.0,0.0,99.0,620.0
1964-11-11,1206.24,156.0,671.0,Top of Dam,157.0,671.0,1314.0,50.0,1314.0,50.0,0.0,157.0,671.0
1964-11-12,1200.55,178.0,702.0,Top of Dam,179.0,702.0,1262.0,50.0,1262.0,50.0,0.0,179.0,702.0
1964-11-13,1194.46,118.0,636.0,Top of Dam,117.0,636.0,1206.0,50.0,1206.0,50.0,0.0,117.0,636.0
1964-11-14,1189.98,93.0,449.0,Top of Dam,95.0,449.0,1145.0,50.0,1145.0,50.0,0.0,95.0,449.0
1964-11-15,1186.75,80.0,323.0,Top of Dam,137.0,323.0,1100.0,50.0,1100.0,50.0,0.0,137.0,323.0
1964-11-16,1184.49,74.0,238.0,Top of Dam,232.0,238.0,1068.0,50.0,1068.0,50.0,0.0,232.0,238.0
1964-11-17,1182.92,71.0,182.0,Top of Dam,175.0,182.0,1045.0,50.0,1045.0,50.0,0.0,175.0,182.0
1964-11-18,1181.81,69.0,146.0,Top of Dam,135.0,146.0,1029.0,50.0,1029.0,50.0,0.0,135.0,146.0
1964-11-19,1181.01,70.0,125.0,Top of Dam,111.0,125.0,1018.0,50.0,1018.0,50.0,0.0,111.0,125.0
1964-11-20,1180.0,73.0,141.0,Top of Dam,96.0,141.0,1010.0,50.0,1010.0,50.0,0.0,96.0,141.0
1964-11-21,1180.0,84.0,84.0,Rule Curve,84.0,1000.0,1000.0,50.0,1000.0,50.0,0.0,84.0,84.0
1964-11-22,1180.0,184.0,184.0,Rule Curve,184.0,1000.0,1000.0,50.0,1000.0,50.0,0.0,184.0,184.0
1964-11-23,1180.0,477.0,477.0,Rule Curve,477.0,1000.0,1000.0,50.0,1000.0,50.0,0.0,477.0,477.0
1964-11-24,1211.96,3685.0,1000.0,Rule Curve,1000.0,1000.0,1000.0,50.0,1000.0,50.0,0.0,3685.0,2404.0
1964-11-25,1222.31,2461.0,1320.0,Top of Dam,1320.0,1320.0,1320.0,50.0,1320.0,50.0,0.0,3356.0,2286.0
1964-11-26,1219.01,1041.0,1423.0,Top of Dam,1423.0,1423.0,1423.0,50.0,1423.0,50.0,0.0,2317.0,2048.0
1964-11-27,1212.11,647.0,1390.0,Top of Dam,1390.0,1390.0,1390.0,50.0,1390.0,50.0,0.0,1795.0,2124.0
1964-11-28,1204.87,605.0,1321.0,Top of Dam,1321.0,1321.0,1321.0,50.0,1321.0,50.0,0.0,1505.0,2771.0
1964-11-29,1209.03,1651.0,1249.0,Top of Dam,1249.0,1249.0,1249.0,50.0,1249.0,50.0,0.0,2313.0,3636.0
1964-11-30,1227.17,3330.0,1290.0,Top of Dam,1290.0,1290.0,1290.0,50.0,1290.0,50.0,0.0,4126.0,5416.0
1964-12-01,1256.32,5846.0,1472.0,Top of Dam,1472.0,1472.0,1472.0,50.0,1472.0,50.0,0.0,7322.0,5783.0
1964-12-02,1268.33,4661.0,2290.0,Top of Dam,2290.0,2290.0,2290.0,50.0,2290.0,50.0,0.0,7594.0,5683.0
1964-12-03,1267.24,2391.0,2650.0,Top of Dam,2650.0,2650.0,2650.0,50.0,2650.0,50.0,0.0,6115.0,5216.0
1964-12-04,1259.88,1172.0,2617.0,Top of Dam,2617.0,2617.0,2617.0,50.0,2617.0,50.0,0.0,4810.0,4577.0
1964-12-05,1251.53,888.0,2396.0,Top of Dam,2396.0,2396.0,2396.0,50.0,2396.0,50.0,0.0,4044.0,3909.0
1964-12-06,1242.53,734.0,2146.0,Top of Dam,2146.0,2146.0,2146.0,50.0,2146.0,50.0,0.0,3387.0,3399.0
1964-12-07,1233.83,610.0,1876.0,Top of Dam,1876.0,1876.0,1876.0,50.0,1876.0,50.0,0.0,2793.0,3002.0
1964-12-08,1227.89,868.0,1615.0,Top of Dam,1615.0,1615.0,1615.0,50.0,1615.0,50.0,0.0,2628.0,2999.0
1964-12-09,1223.75,954.0,1479.0,Top of Dam,1479.0,1479.0,1479.0,50.0,1479.0,50.0,0.0,2465.0,3014.0
1964-12-10,1227.25,1867.0,1437.0,Top of Dam,1437.0,1437.0,1437.0,50.0,1437.0,50.0,0.0,3203.0,2853.0
1964-12-11,1228.76,1662.0,1473.0,Top of Dam,1473.0,1473.0,1473.0,50.0,1473.0,50.0,0.0,3142.0,2653.0
1964-12-12,1224.87,994.0,1488.0,Top of Dam,1488.0,1488.0,1488.0,50.0,1488.0,50.0,0.0,2537.0,2597.0
1964-12-13,1219.55,839.0,1449.0,Top of Dam,1449.0,1449.0,1449.0,50.0,1449.0,50.0,0.0,2218.0,2710.0
1964-12-14,1218.9,1302.0,1395.0,Top of Dam,1395.0,1395.0,1395.0,50.0,1395.0,50.0,0.0,2478.0,2635.0
1964-12-15,1222.75,1828.0,1389.0,Top of Dam,1389.0,1389.0,1389.0,50.0,1389.0,50.0,0.0,2972.0,2460.0
1964-12-16,1220.73,1223.0,1428.0,Top of Dam,1428.0,1428.0,1428.0,50.0,1428.0,50.0,0.0,2514.0,2224.0
1964-12-17,1215.92,870.0,1407.0,Top of Dam,1407.0,1407.0,1407.0,50.0,1407.0,50.0,0.0,2093.0,1947.0
1964-12-18,1209.68,682.0,1359.0,Top of Dam,1359.0,1359.0,1359.0,50.0,1359.0,50.0,0.0,1725.0,1659.0
1964-12-19,1202.37,598.0,1297.0,Top of Dam,1297.0,1297.0,1297.0,50.0,1297.0,50.0,0.0,1416.0,2255.0
1964-12-20,1194.45,543.0,1224.0,Top of Dam,1127.0,1224.0,1224.0,50.0,1224.0,50.0,0.0,1127.0,2297.0
1964-12-21,1217.09,3147.0,969.0,Top of Dam,969.0,969.0,1145.0,50.0,969.0,50.0,0.0,3504.0,4220.0
1964-12-22,1310.29,20057.0,50.0,Top of Dam,50.0,50.0,1371.0,50.0,0.0,50.0,0.0,21140.0,14845.0
1964-12-23,1340.74,12285.0,50.0,Top of Dam,50.0,50.0,3505.0,50.0,0.0,50.0,0.0,20037.0,16750.0
1964-12-24,1359.11,8917.0,224.0,Top of Dam,224.0,224.0,4000.0,50.0,224.0,50.0,0.0,20748.0,18664.0
1964-12-25,1362.0,5765.0,4359.0,Top of Dam,4359.0,4359.0,4000.0,50.0,50.0,50.0,0.0,20494.0,19529.0
1964-12-26,1362.0,5792.0,5792.0,Top of Dam,5792.0,5792.0,4000.0,50.0,215.0,50.0,0.0,20989.0,18665.0
1964-12-27,1360.19,2821.0,3683.0,Top of Dam,3683.0,3683.0,4000.0,50.0,3683.0,50.0,0.0,18018.0,17206.0
1964-12-28,1355.66,1767.0,4000.0,Top of Dam,4000.0,4000.0,4000.0,50.0,4000.0,50.0,0.0,16677.0,16347.0
1964-12-29,1350.33,1414.0,4000.0,Top of Dam,4000.0,4000.0,4000.0,50.0,4000.0,50.0,0.0,15580.0,15337.0
1964-12-30,1344.1,1104.0,4000.0,Top of Dam,4000.0,4000.0,4000.0,50.0,4000.0,50.0,0.0,14408.0,14282.0
1964-12-31,1337.31,970.0,4000.0,Top of Dam,4000.0,4000.0,4000.0,50.0,4000.0,50.0,0.0,13308.0,13173.0
1965-01-01,1329.99,835.0,3953.0,Top of Dam,3953.0,3953.0,3955.0,50.0,3953.0,50.0,0.0,12163.0,12037.0
1965-01-02,1322.16,674.0,3833.0,Top of Dam,3833.0,3833.0,3833.0,50.0,3841.0,50.0,0.0,10963.0,10899.0
1965-01-03,1313.95,593.0,3703.0,Top of Dam,3703.0,3703.0,3703.0,50.0,3722.0,50.0,0.0,9829.0,9788.0
1965-01-04,1305.51,539.0,3566.0,Top of Dam,3566.0,3566.0,3566.0,50.0,3600.0,50.0,0.0,8738.0,8706.0
1965-01-05,1296.58,498.0,3425.0,Top of Dam,3425.0,3425.0,3425.0,50.0,3472.0,50.0,0.0,7689.0,7662.0
1965-01-06,1287.13,459.0,3276.0,Top of Dam,3276.0,3276.0,3276.0,50.0,3343.0,50.0,0.0,6674.0,6650.0
1965-01-07,1276.86,431.0,3119.0,Top of Dam,3119.0,3119.0,3119.0,50.0,3211.0,50.0,0.0,5707.0,5755.0
1965-01-08,1265.86,391.0,2906.0,Top of Dam,2906.0,2906.0,2906.0,50.0,3081.0,50.0,0.0,4770.0,4976.0
1965-01-09,1255.37,593.0,2576.0,Top of Dam,2576.0,2576.0,2576.0,50.0,2927.0,50.0,0.0,4134.0,4403.0
1965-01-10,1246.58,781.0,2261.0,Top of Dam,2261.0,2261.0,2261.0,50.0,2753.0,50.0,0.0,3662.0,3841.0
1965-01-11,1241.21,1185.0,1997.0,Top of Dam,1997.0,1997.0,1997.0,50.0,2630.0,50.0,0.0,3572.0,3302.0
1965-01-12,1234.62,889.0,1836.0,Top of Dam,1836.0,1836.0,1836.0,50.0,2589.0,50.0,0.0,3005.0,2901.0
1965-01-13,1227.06,647.0,1638.0,Top of Dam,1638.0,1638.0,1638.0,50.0,2503.0,50.0,0.0,2447.0,2640.0
1965-01-14,1221.38,795.0,1471.0,Top of Dam,1471.0,1471.0,1471.0,50.0,2380.0,50.0,0.0,2265.0,2530.0
1965-01-15,1218.28,1051.0,1414.0,Top of Dam,1414.0,1414.0,1414.0,50.0,2289.0,50.0,0.0,2295.0,2474.0
1965-01-16,1217.55,1309.0,1383.0,Top of Dam,1383.0,1383.0,1383.0,50.0,2245.0,50.0,0.0,2433.0,2461.0
1965-01-17,1216.83,1302.0,1376.0,Top of Dam,1376.0,1376.0,1376.0,50.0,2250.0,50.0,0.0,2402.0,2465.0
1965-01-18,1216.91,1377.0,1368.0,Top of Dam,1368.0,1368.0,1368.0,50.0,2254.0,50.0,0.0,2451.0,2467.0
1965-01-19,1217.16,1394.0,1369.0,Top of Dam,1369.0,1369.0,1369.0,50.0,2273.0,50.0,0.0,2472.0,2451.0
1965-01-20,1217.26,1382.0,1372.0,Top of Dam,1372.0,1372.0,1372.0,50.0,2290.0,50.0,0.0,2468.0,2386.0
1965-01-21,1216.74,1320.0,1373.0,Top of Dam,1373.0,1373.0,1373.0,50.0,2303.0,50.0,0.0,2409.0,2609.0
1965-01-22,1215.1,1172.0,1367.0,Top of Dam,1367.0,1367.0,1367.0,50.0,2304.0,50.0,0.0,2244.0,3018.0
1965-01-23,1221.14,2041.0,1351.0,Top of Dam,1351.0,1351.0,1351.0,50.0,2284.0,50.0,0.0,3047.0,3085.0
1965-01-24,1230.94,2601.0,1411.0,Top of Dam,1411.0,1411.0,1411.0,50.0,2403.0,50.0,0.0,3838.0,2979.0
1965-01-25,1231.23,1569.0,1528.0,Top of Dam,1528.0,1528.0,1528.0,50.0,2593.0,50.0,0.0,3202.0,4264.0
1965-01-26,1227.23,1032.0,1537.0,Top of Dam,1537.0,1537.0,1537.0,50.0,2608.0,50.0,0.0,2679.0,5972.0
1965-01-27,1252.99,5267.0,1472.0,Top of Dam,1472.0,1472.0,1472.0,50.0,2151.0,50.0,0.0,6745.0,9702.0
1965-01-28,1299.61,11409.0,50.0,Top of Dam,50.0,50.0,2190.0,50.0,0.0,50.0,0.0,14152.0,11090.0
1965-01-29,1321.81,8028.0,50.0,Top of Dam,50.0,50.0,3327.0,50.0,11.0,50.0,0.0,14558.0,12099.0
1965-01-30,1334.25,5577.0,496.0,Top of Dam,496.0,496.0,3697.0,50.0,496.0,50.0,0.0,14766.0,12549.0
1965-01-31,1336.14,3714.0,2906.0,Top of Dam,2906.0,2906.0,3904.0,50.0,2906.0,50.0,0.0,14596.0,12643.0
1965-02-01,1331.5,1956.0,3936.0,Top of Dam,3936.0,3936.0,3936.0,50.0,4000.0,50.0,0.0,13107.0,11806.0
1965-02-02,1325.49,1382.0,3858.0,Top of Dam,3858.0,3858.0,3858.0,50.0,4000.0,50.0,0.0,11662.0,10575.0
1965-02-03,1318.42,1010.0,3758.0,Top of Dam,3758.0,3758.0,3758.0,50.0,4000.0,50.0,0.0,10279.0,9330.0
1965-02-04,1310.88,855.0,3640.0,Top of Dam,3640.0,3640.0,3640.0,50.0,4000.0,50.0,0.0,9008.0,8092.0
1965-02-05,1302.86,737.0,3515.0,Top of Dam,3515.0,3515.0,3515.0,50.0,3913.0,50.0,0.0,7754.0,6865.0
1965-02-06,1294.36,613.0,3381.0,Top of Dam,3381.0,3381.0,3381.0,50.0,3818.0,50.0,0.0,6502.0,5671.0
1965-02-07,1285.0,559.0,3239.0,Top of Dam,3239.0,3239.0,3239.0,50.0,3722.0,50.0,0.0,5321.0,4511.0
1965-02-08,1275.08,532.0,3083.0,Top of Dam,3083.0,3083.0,3083.0,50.0,3633.0,50.0,0.0,4209.0,3386.0
1965-02-09,1267.12,501.0,2305.0,Top of Dam,2305.0,2305.0,2852.0,50.0,3552.0,50.0,0.0,3129.0,2305.0
1965-02-10,1262.11,463.0,1479.0,Top of Dam,1479.0,1479.0,2614.0,50.0,3481.0,50.0,0.0,2292.0,1479.0
1965-02-11,1259.39,439.0,938.0,Top of Dam,938.0,938.0,2463.0,50.0,3422.0,50.0,0.0,1729.0,938.0
1965-02-12,1258.61,426.0,582.0,Top of Dam,582.0,582.0,2382.0,50.0,3361.0,50.0,0.0,1348.0,582.0
1965-02-13,1259.21,453.0,332.0,Top of Dam,332.0,332.0,2358.0,50.0,3292.0,50.0,0.0,1126.0,332.0
1965-02-14,1260.99,470.0,162.0,Top of Dam,162.0,162.0,2376.0,50.0,3218.0,50.0,0.0,980.0,162.0
1965-02-15,1262.82,432.0,64.0,Top of Dam,64.0,64.0,2430.0,50.0,3135.0,50.0,0.0,845.0,64.0
1965-02-16,1264.63,419.0,54.0,Top of Dam,54.0,54.0,2485.0,50.0,3038.0,50.0,0.0,756.0,54.0
1965-02-17,1266.59,466.0,70.0,Top of Dam,70.0,70.0,2539.0,50.0,2940.0,50.0,0.0,725.0,70.0
1965-02-18,1265.63,633.0,827.0,Rule Curve,827.0,2598.0,2598.0,50.0,2862.0,50.0,0.0,827.0,84.0
1965-02-19,1268.61,702.0,50.0,Rule Curve,50.0,630.0,2569.0,50.0,2848.0,50.0,0.0,630.0,0.0
1965-02-20,1271.64,713.0,50.0,Rule Curve,50.0,659.0,2658.0,50.0,2866.0,50.0,0.0,659.0,0.0
1965-02-21,1274.67,744.0,50.0,Rule Curve,50.0,711.0,2749.0,50.0,2901.0,50.0,0.0,711.0,0.0
1965-02-22,1274.68,754.0,752.0,Rule Curve,752.0,2840.0,2840.0,50.0,2961.0,50.0,0.0,752.0,0.0
1965-02-23,1277.0,636.0,50.0,Rule Curve,50.0,434.0,2840.0,50.0,3014.0,50.0,0.0,434.0,0.0
1965-02-24,1279.16,544.0,50.0,Rule Curve,50.0,343.0,2910.0,50.0,3050.0,50.0,0.0,343.0,0.0
1965-02-25,1280.84,515.0,50.0,Rule Curve,50.0,276.0,2975.0,50.0,3080.0,50.0,0.0,276.0,0.0
1965-02-26,1282.58,497.0,50.0,Rule Curve,50.0,208.0,3014.0,50.0,3107.0,50.0,0.0,208.0,0.0
1965-02-27,1285.23,769.0,50.0,Rule Curve,50.0,435.0,3043.0,50.0,3127.0,50.0,0.0,435.0,0.0
1965-02-28,1287.58,694.0,50.0,Rule Curve,50.0,394.0,3087.0,50.0,3119.0,50.0,0.0,394.0,0.0
1965-03-01,1289.53,617.0,50.0,Rule Curve,50.0,338.0,3126.0,50.0,3157.0,50.0,0.0,338.0,0.0
1965-03-02,1291.36,555.0,50.0,Rule Curve,50.0,353.0,3159.0,50.0,3191.0,50.0,0.0,353.0,0.0
1965-03-03,1292.87,506.0,50.0,Rule Curve,50.0,372.0,3189.0,50.0,3212.0,50.0,0.0,372.0,0.0
1965-03-04,1294.25,466.0,50.0,Rule Curve,50.0,373.0,3215.0,50.0,3212.0,50.0,0.0,373.0,0.0
1965-03-05,1295.41,420.0,50.0,Rule Curve,50.0,355.0,3237.0,50.0,3235.0,50.0,0.0,355.0,0.0
1965-03-06,1296.5,411.0,50.0,Rule Curve,50.0,364.0,3257.0,50.0,3255.0,50.0,0.0,364.0,0.0
1965-03-07,1297.67,405.0,50.0,Rule Curve,50.0,375.0,3275.0,50.0,3273.0,50.0,0.0,375.0,0.0
1965-03-08,1298.74,372.0,50.0,Rule Curve,50.0,349.0,3295.0,50.0,3292.0,50.0,0.0,349.0,0.0
1965-03-09,1299.67,366.0,50.0,Rule Curve,50.0,340.0,3312.0,50.0,3310.0,50.0,0.0,340.0,0.0
1965-03-10,1300.65,364.0,50.0,Rule Curve,50.0,337.0,3328.0,50.0,3326.0,50.0,0.0,337.0,0.0
1965-03-11,1301.58,358.0,50.0,Rule Curve,50.0,323.0,3344.0,50.0,3342.0,50.0,0.0,323.0,0.0
1965-03-12,1302.44,354.0,50.0,Rule Curve,50.0,316.0,3360.0,50.0,3358.0,50.0,0.0,316.0,0.0
1965-03-13,1303.28,333.0,50.0,Rule Curve,50.0,290.0,3374.0,50.0,3372.0,50.0,0.0,290.0,0.0
1965-03-14,1304.09,299.0,50.0,Rule Curve,50.0,247.0,3388.0,50.0,3386.0,50.0,0.0,247.0,0.0
1965-03-15,1304.74,282.0,50.0,Rule Curve,50.0,198.0,3401.0,50.0,3399.0,50.0,0.0,198.0,0.0
1965-03-16,1305.35,265.0,50.0,Rule Curve,50.0,153.0,3412.0,50.0,3410.0,50.0,0.0,153.0,0.0
1965-03-17,1305.89,237.0,50.0,Rule Curve,50.0,67.0,3423.0,50.0,3420.0,50.0,0.0,67.0,0.0
1965-03-18,1306.39,228.0,50.0,Rule Curve,50.0,50.0,3431.0,50.0,3429.0,50.0,0.0,26.0,0.0
1965-03-19,1306.85,212.0,50.0,Rule Curve,50.0,50.0,3440.0,50.0,3438.0,50.0,0.0,0.0,0.0
1965-03-20,1307.29,206.0,50.0,Rule Curve,50.0,50.0,3447.0,50.0,3445.0,50.0,0.0,0.0,0.0
1965-03-21,1307.69,193.0,50.0,Rule Curve,50.0,50.0,3455.0,50.0,3453.0,50.0,0.0,0.0,0.0
1965-03-22,1308.1,195.0,50.0,Rule Curve,50.0,50.0,3462.0,50.0,3459.0,50.0,0.0,0.0,0.0
1965-03-23,1308.62,233.0,50.0,Rule Curve,50.0,50.0,3468.0,50.0,3466.0,50.0,0.0,0.0,0.0
1965-03-24,1309.43,335.0,50.0,Rule Curve,50.0,50.0,3477.0,50.0,3475.0,50.0,0.0,0.0,0.0
1965-03-25,1310.27,346.0,50.0,Rule Curve,50.0,50.0,3491.0,50.0,3488.0,50.0,0.0,0.0,0.0
1965-03-26,1311.02,314.0,50.0,Rule Curve,50.0,50.0,3505.0,50.0,3502.0,50.0,0.0,0.0,0.0
1965-03-27,1311.62,263.0,50.0,Rule Curve,50.0,50.0,3517.0,50.0,3515.0,50.0,0.0,0.0,0.0
1965-03-28,1312.12,225.0,50.0,Rule Curve,50.0,50.0,3527.0,50.0,3525.0,50.0,0.0,0.0,0.0
1965-03-29,1312.54,201.0,50.0,Rule Curve,50.0,50.0,3535.0,50.0,3533.0,50.0,0.0,0.0,0.0
1965-03-30,1312.93,186.0,50.0,Rule Curve,50.0,50.0,3542.0,50.0,3540.0,50.0,0.0,0.0,0.0
1965-03-31,1313.32,205.0,50.0,Rule Curve,50.0,50.0,3549.0,50.0,3547.0,50.0,0.0,0.0,0.0
1965-04-01,1314.24,410.0,50.0,Rule Curve,50.0,50.0,3555.0,50.0,3554.0,50.0,0.0,0.0,0.0
1965-04-02,1315.05,333.0,50.0,Rule Curve,50.0,50.0,3571.0,50.0,3569.0,50.0,0.0,0.0,0.0
1965-04-03,1315.63,255.0,50.0,Rule Curve,50.0,50.0,3584.0,50.0,3582.0,50.0,0.0,0.0,0.0
1965-04-04,1316.12,231.0,50.0,Rule Curve,50.0,50.0,3594.0,50.0,3592.0,50.0,0.0,0.0,0.0
1965-04-05,1316.55,223.0,50.0,Rule Curve,50.0,50.0,3602.0,50.0,3600.0,50.0,0.0,0.0,0.0
1965-04-06,1316.94,207.0,50.0,Rule Curve,50.0,50.0,3609.0,50.0,3607.0,50.0,0.0,0.0,0.0
1965-04-07,1317.37,203.0,50.0,Rule Curve,50.0,50.0,3616.0,50.0,3614.0,50.0,0.0,0.0,0.0
1965-04-08,1317.77,194.0,50.0,Rule Curve,50.0,50.0,3623.0,50.0,3621.0,50.0,0.0,0.0,0.0
1965-04-09,1318.17,200.0,50.0,Rule Curve,50.0,50.0,3630.0,50.0,3627.0,50.0,0.0,0.0,0.0
1965-04-10,1318.46,164.0,50.0,Rule Curve,50.0,50.0,3636.0,50.0,3634.0,50.0,0.0,0.0,0.0
1965-04-11,1318.76,173.0,50.0,Rule Curve,50.0,50.0,3641.0,50.0,3639.0,50.0,0.0,0.0,0.0
1965-04-12,1319.08,174.0,50.0,Rule Curve,50.0,50.0,3646.0,50.0,3644.0,50.0,0.0,0.0,0.0
1965-04-13,1319.46,186.0,50.0,Rule Curve,50.0,50.0,3651.0,50.0,3649.0,50.0,0.0,0.0,0.0
1965-04-14,1319.86,189.0,50.0,Rule Curve,50.0,50.0,3658.0,50.0,3656.0,50.0,0.0,0.0,0.0
1965-04-15,1320.29,218.0,50.0,Rule Curve,50.0,50.0,3664.0,50.0,3662.0,50.0,0.0,0.0,0.0
1965-04-16,1320.82,262.0,50.0,Rule Curve,50.0,50.0,3672.0,50.0,3670.0,50.0,0.0,0.0,0.0
1965-04-17,1321.3,246.0,50.0,Rule Curve,50.0,50.0,3680.0,50.0,3678.0,50.0,0.0,0.0,0.0
1965-04-18,1322.79,650.0,50.0,Rule Curve,50.0,50.0,3688.0,50.0,3687.0,50.0,0.0,0.0,0.0
1965-04-19,1330.05,2976.0,50.0,Rule Curve,50.0,1422.0,3713.0,50.0,3711.0,50.0,0.0,1422.0,0.0
1965-04-20,1335.76,2514.0,108.0,Rule Curve,50.0,1829.0,3834.0,50.0,3832.0,50.0,0.0,1829.0,108.0
1965-04-21,1335.74,1900.0,1908.0,Rule Curve,1908.0,3929.0,3929.0,50.0,3929.0,50.0,0.0,1908.0,842.0
1965-04-22,1337.21,1058.0,404.0,Rule Curve,50.0,947.0,3929.0,50.0,3929.0,50.0,0.0,947.0,322.0
1965-04-23,1337.21,837.0,839.0,Rule Curve,839.0,3953.0,3953.0,50.0,3953.0,50.0,0.0,839.0,279.0
1965-04-24,1338.6,651.0,50.0,Rule Curve,50.0,546.0,3953.0,50.0,3953.0,50.0,0.0,546.0,1.0
1965-04-25,1339.42,577.0,224.0,Rule Curve,50.0,563.0,3977.0,50.0,3977.0,50.0,0.0,563.0,113.0
1965-04-26,1339.41,551.0,554.0,Rule Curve,554.0,3990.0,3990.0,50.0,3990.0,50.0,0.0,554.0,98.0
1965-04-27,1340.48,533.0,50.0,Rule Curve,50.0,444.0,3990.0,50.0,3990.0,50.0,0.0,444.0,0.0
1965-04-28,1341.47,501.0,50.0,Rule Curve,50.0,452.0,4000.0,50.0,4000.0,50.0,0.0,452.0,0.0
1965-04-29,1342.32,449.0,64.0,Rule Curve,50.0,430.0,4000.0,50.0,4000.0,50.0,0.0,430.0,0.0
1965-04-30,1342.31,402.0,405.0,Rule Curve,405.0,4000.0,4000.0,50.0,4000.0,50.0,0.0,405.0,0.0
1965-05-01,1342.99,359.0,50.0,Rule Curve,50.0,255.0,4000.0,50.0,4000.0,50.0,0.0,255.0,0.0
1965-05-02,1343.56,305.0,50.0,Rule Curve,50.0,198.0,4000.0,50.0,4000.0,50.0,0.0,198.0,0.0
1965-05-03,1344.01,258.0,50.0,Rule Curve,50.0,130.0,4000.0,50.0,4000.0,50.0,0.0,130.0,0.0
1965-05-04,1344.44,241.0,50.0,Rule Curve,50.0,77.0,4000.0,50.0,4000.0,50.0,0.0,77.0,0.0
1965-05-05,1344.82,226.0,50.0,Rule Curve,50.0,50.0,4000.0,50.0,4000.0,50.0,0.0,20.0,0.0
1965-05-06,1345.18,213.0,50.0,Rule Curve,50.0,50.0,4000.0,50.0,4000.0,50.0,0.0,0.0,0.0
1965-05-07,1345.53,208.0,50.0,Rule Curve,50.0,50.0,4000.0,50.0,4000.0,50.0,0.0,0.0,0.0
1965-05-08,1345.88,210.0,50.0,Rule Curve,50.0,50.0,4000.0,50.0,4000.0,50.0,0.0,0.0,0.0
1965-05-09,1346.33,251.0,50.0,Rule Curve,50.0,50.0,4000.0,50.0,4000.0,50.0,0.0,0.0,0.0
1965-05-10,1346.84,281.0,50.0,Rule Curve,50.0,50.0,4000.0,50.0,4000.0,50.0,0.0,0.0,0.0
1965-05-11,1347.37,310.0,50.0,Rule Curve,50.0,50.0,4000.0,50.0,4000.0,50.0,0.0,0.0,0.0
1965-05-12,1347.91,325.0,50.0,Rule Curve,50.0,50.0,4000.0,50.0,4000.0,50.0,0.0,0.0,0.0
1965-05-13,1348.54,340.0,50.0,Rule Curve,50.0,50.0,4000.0,50.0,4000.0,50.0,0.0,23.0,0.0
1965-05-14,1349.03,271.0,50.0,Rule Curve,50.0,51.0,4000.0,50.0,4000.0,50.0,0.0,51.0,0.0
1965-05-15,1349.52,271.0,50.0,Rule Curve,50.0,124.0,4000.0,50.0,4000.0,50.0,0.0,124.0,0.0
1965-05-16,1350.05,296.0,52.0,Rule Curve,50.0,223.0,4000.0,50.0,4000.0,50.0,0.0,223.0,52.0
1965-05-17,1350.03,277.0,285.0,Rule Curve,285.0,4000.0,4000.0,50.0,4000.0,50.0,0.0,285.0,277.0
1965-05-18,1350.02,232.0,238.0,Rule Curve,238.0,4000.0,4000.0,50.0,4000.0,50.0,0.0,238.0,224.0
1965-05-19,1350.01,347.0,351.0,Rule Curve,351.0,4000.0,4000.0,50.0,4000.0,50.0,0.0,351.0,333.0
1965-05-20,1350.01,505.0,507.0,Rule Curve,507.0,4000.0,4000.0,50.0,4000.0,50.0,0.0,507.0,408.0
1965-05-21,1350.01,378.0,380.0,Rule Curve,380.0,4000.0,4000.0,50.0,4000.0,50.0,0.0,380.0,342.0
1965-05-22,1350.0,328.0,329.0,Rule Curve,329.0,4000.0,4000.0,50.0,4000.0,50.0,0.0,329.0,311.0
1965-05-23,1350.0,309.0,310.0,Rule Curve,310.0,4000.0,4000.0,50.0,4000.0,50.0,0.0,310.0,291.0
1965-05-24,1350.0,296.0,296.0,Rule Curve,296.0,4000.0,4000.0,50.0,4000.0,50.0,0.0,296.0,277.0
1965-05-25,1350.0,284.0,284.0,Rule Curve,284.0,4000.0,4000.0,50.0,4000.0,50.0,0.0,284.0,260.0
1965-05-26,1350.0,252.0,252.0,Rule Curve,252.0,4000.0,4000.0,50.0,4000.0,50.0,0.0,252.0,232.0
1965-05-27,1350.0,237.0,237.0,Rule Curve,237.0,4000.0,4000.0,50.0,4000.0,50.0,0.0,237.0,217.0
1965-05-28,1350.0,227.0,227.0,Rule Curve,227.0,4000.0,4000.0,50.0,4000.0,50.0,0.0,227.0,207.0
1965-05-29,1350.0,227.0,227.0,Rule Curve,227.0,4000.0,4000.0,50.0,4000.0,50.0,0.0,227.0,
1965-05-30,1350.0,221.0,221.0,Rule Curve,221.0,4000.0,4000.0,50.0,4000.0,50.0,0.0,221.0,
1965-05-31,1350.0,208.0,208.0,Rule Curve,208.0,4000.0,4000.0,50.0,4000.0,50.0,0.0,208.0,
