Date,Elevation,Inflow,Outflow,Zone,Min limit,Max limit,Spillway-Uncontrolled Spill,Dam-Max Evacuation Release,Flood Min,Goshen Bankfull Max,Harrisburg Bankfull Simplified Max,Dam-BiOp MinTrib and Withdrawals by WY,MainstemFlowAug,FIRO_SPACE,Harrisburg Regulation Goal Simplified,Draft to RC
1963-01-02,750.0,112.0,112.0,Rule Curve,112.0,500.0,0.0,500.0,50.0,500.0,3000.0,50.0,0.0,112.0,3000.0,112.0
1963-01-03,750.0,148.0,148.0,Rule Curve,148.0,500.0,0.0,500.0,50.0,500.0,3000.0,50.0,0.0,148.0,3000.0,138.0
1963-01-04,750.0,130.0,130.0,Rule Curve,130.0,500.0,0.0,500.0,50.0,500.0,3000.0,50.0,0.0,130.0,3000.0,123.0
1963-01-05,750.0,109.0,109.0,Rule Curve,109.0,500.0,0.0,500.0,50.0,500.0,3000.0,50.0,0.0,109.0,3000.0,109.0
1963-01-06,750.0,104.0,104.0,Rule Curve,104.0,500.0,0.0,500.0,50.0,500.0,3000.0,50.0,0.0,104.0,3000.0,104.0
1963-01-07,750.0,99.0,99.0,Rule Curve,99.0,500.0,0.0,500.0,50.0,500.0,3000.0,50.0,0.0,99.0,3000.0,99.0
1963-01-08,750.0,99.0,99.0,Rule Curve,99.0,500.0,0.0,500.0,50.0,500.0,3000.0,50.0,0.0,99.0,3000.0,99.0
1963-01-09,750.0,99.0,99.0,Rule Curve,99.0,500.0,0.0,500.0,50.0,500.0,3000.0,50.0,0.0,99.0,3000.0,99.0
1963-01-10,750.0,93.0,93.0,Rule Curve,93.0,500.0,0.0,500.0,50.0,500.0,3000.0,50.0,0.0,93.0,3000.0,89.0
1963-01-11,750.0,83.0,83.0,Rule Curve,83.0,500.0,0.0,500.0,50.0,500.0,3000.0,50.0,0.0,83.0,3000.0,83.0
1963-01-12,750.0,66.0,66.0,Rule Curve,66.0,500.0,0.0,500.0,50.0,500.0,3000.0,50.0,0.0,66.0,3000.0,66.0
1963-01-13,750.0,93.0,93.0,Rule Curve,93.0,500.0,0.0,500.0,50.0,500.0,3000.0,50.0,0.0,93.0,3000.0,93.0
1963-01-14,750.0,93.0,93.0,Rule Curve,93.0,500.0,0.0,500.0,50.0,500.0,3000.0,50.0,0.0,93.0,3000.0,93.0
1963-01-15,750.0,93.0,93.0,Rule Curve,93.0,500.0,0.0,500.0,50.0,500.0,3000.0,50.0,0.0,93.0,3000.0,93.0
1963-01-16,750.0,83.0,83.0,Rule Curve,83.0,500.0,0.0,500.0,50.0,500.0,3000.0,50.0,0.0,83.0,3000.0,83.0
1963-01-17,750.0,83.0,83.0,Rule Curve,83.0,500.0,0.0,500.0,50.0,500.0,3000.0,50.0,0.0,83.0,3000.0,83.0
1963-01-18,750.0,83.0,83.0,Rule Curve,83.0,500.0,0.0,500.0,50.0,500.0,3000.0,50.0,0.0,83.0,3000.0,83.0
1963-01-19,750.0,78.0,78.0,Rule Curve,78.0,500.0,0.0,500.0,50.0,500.0,3000.0,50.0,0.0,78.0,3000.0,78.0
1963-01-20,750.0,78.0,78.0,Rule Curve,78.0,500.0,0.0,500.0,50.0,500.0,3000.0,50.0,0.0,78.0,3000.0,78.0
1963-01-21,750.0,73.0,73.0,Rule Curve,73.0,500.0,0.0,500.0,50.0,500.0,3000.0,50.0,0.0,73.0,3000.0,73.0
1963-01-22,750.0,73.0,73.0,Rule Curve,73.0,500.0,0.0,500.0,50.0,500.0,3000.0,50.0,0.0,73.0,3000.0,73.0
1963-01-23,750.0,73.0,73.0,Rule Curve,73.0,500.0,0.0,500.0,50.0,500.0,3000.0,50.0,0.0,73.0,3000.0,73.0
1963-01-24,750.0,63.0,63.0,Rule Curve,63.0,500.0,0.0,500.0,50.0,500.0,3000.0,50.0,0.0,63.0,3000.0,63.0
1963-01-25,750.0,78.0,78.0,Rule Curve,78.0,500.0,0.0,500.0,50.0,500.0,3000.0,50.0,0.0,78.0,3000.0,76.0
1963-01-26,750.0,63.0,63.0,Rule Curve,63.0,500.0,0.0,500.0,50.0,500.0,3000.0,50.0,0.0,63.0,3000.0,63.0
1963-01-27,750.0,62.0,62.0,Rule Curve,62.0,500.0,0.0,500.0,50.0,500.0,3000.0,50.0,0.0,62.0,3000.0,62.0
1963-01-28,750.0,68.0,68.0,Rule Curve,68.0,500.0,0.0,500.0,50.0,500.0,3000.0,50.0,0.0,68.0,3000.0,68.0
1963-01-29,750.0,78.0,78.0,Rule Curve,78.0,500.0,0.0,500.0,50.0,500.0,3000.0,50.0,0.0,78.0,3000.0,78.0
1963-01-30,750.0,78.0,78.0,Rule Curve,78.0,500.0,0.0,500.0,50.0,500.0,3000.0,50.0,0.0,78.0,3000.0,78.0
1963-01-31,750.0,260.0,260.0,Rule Curve,260.0,500.0,0.0,500.0,50.0,500.0,3000.0,50.0,0.0,260.0,3000.0,260.0
1963-02-01,757.03,1801.0,500.0,Rule Curve,500.0,500.0,0.0,500.0,50.0,500.0,1520.0,75.0,0.0,1801.0,2012.0,1240.0
1963-02-02,756.41,1254.0,1389.0,Top of Dam,1389.0,1389.0,0.0,1906.0,50.0,1906.0,2244.0,75.0,0.0,1642.0,2495.0,1389.0
1963-02-03,756.35,1186.0,1200.0,Top of Dam,1200.0,1200.0,0.0,1783.0,50.0,1783.0,1690.0,75.0,0.0,1484.0,2125.0,1200.0
1963-02-04,756.79,1080.0,985.0,Top of Dam,985.0,985.0,0.0,1771.0,50.0,1771.0,2350.0,75.0,0.0,1328.0,2566.0,985.0
1963-02-05,757.53,958.0,791.0,Top of Dam,791.0,791.0,0.0,1858.0,50.0,1858.0,2901.0,75.0,0.0,1193.0,2934.0,791.0
1963-02-06,757.88,690.0,610.0,Top of Dam,610.0,610.0,0.0,2005.0,50.0,2005.0,3000.0,75.0,0.0,935.0,3000.0,610.0
1963-02-07,758.16,540.0,474.0,Top of Dam,474.0,474.0,0.0,2075.0,50.0,2075.0,3000.0,75.0,0.0,766.0,3000.0,474.0
1963-02-08,758.25,384.0,360.0,Top of Dam,360.0,360.0,0.0,2131.0,50.0,2131.0,3000.0,75.0,0.0,588.0,3000.0,360.0
1963-02-09,758.5,336.0,277.0,Top of Dam,277.0,277.0,0.0,2151.0,50.0,2151.0,3000.0,75.0,0.0,502.0,3000.0,277.0
1963-02-10,758.72,269.0,216.0,Top of Dam,216.0,216.0,0.0,2200.0,50.0,2200.0,3000.0,75.0,0.0,409.0,3000.0,216.0
1963-02-11,759.03,246.0,172.0,Top of Dam,172.0,172.0,0.0,2244.0,50.0,2244.0,3000.0,75.0,0.0,359.0,3000.0,172.0
1963-02-12,759.41,231.0,133.0,Top of Dam,133.0,133.0,0.0,2305.0,50.0,2305.0,3000.0,75.0,0.0,324.0,3000.0,133.0
1963-02-13,759.85,218.0,106.0,Top of Dam,106.0,106.0,0.0,2382.0,50.0,2382.0,3000.0,75.0,0.0,298.0,3000.0,106.0
1963-02-14,760.25,193.0,86.0,Top of Dam,86.0,86.0,0.0,2470.0,50.0,2470.0,3000.0,75.0,0.0,264.0,3000.0,86.0
1963-02-15,760.69,190.0,74.0,Top of Dam,74.0,74.0,0.0,2525.0,50.0,2491.0,3000.0,75.0,0.0,252.0,3000.0,74.0
1963-02-16,760.59,181.0,208.0,Top of Dam,208.0,208.0,0.0,2569.0,50.0,2511.0,3000.0,75.0,0.0,236.0,3000.0,208.0
1963-02-17,760.59,186.0,186.0,Rule Curve,186.0,2507.0,0.0,2559.0,50.0,2507.0,3000.0,75.0,0.0,186.0,3000.0,52.0
1963-02-18,761.59,620.0,349.0,Rule Curve,75.0,576.0,0.0,2559.0,50.0,2289.0,2289.0,75.0,0.0,576.0,2525.0,345.0
1963-02-19,761.59,621.0,621.0,Rule Curve,621.0,2593.0,0.0,2659.0,50.0,2593.0,2881.0,75.0,0.0,621.0,2921.0,316.0
1963-02-20,762.56,447.0,175.0,Rule Curve,75.0,402.0,0.0,2659.0,50.0,2578.0,3000.0,75.0,0.0,402.0,3000.0,175.0
1963-02-21,762.56,400.0,400.0,Rule Curve,400.0,2615.0,0.0,2756.0,50.0,2615.0,3000.0,75.0,0.0,400.0,3000.0,189.0
1963-02-22,763.5,349.0,78.0,Rule Curve,75.0,304.0,0.0,2756.0,50.0,2611.0,3000.0,75.0,0.0,304.0,3000.0,78.0
1963-02-23,763.5,338.0,338.0,Rule Curve,338.0,2649.0,0.0,2850.0,50.0,2649.0,3000.0,75.0,0.0,338.0,3000.0,137.0
1963-02-24,764.26,300.0,75.0,Rule Curve,75.0,254.0,0.0,2850.0,50.0,2646.0,3000.0,75.0,0.0,254.0,3000.0,26.0
1963-02-25,764.87,295.0,109.0,Rule Curve,75.0,278.0,0.0,2926.0,50.0,2676.0,3000.0,75.0,0.0,278.0,3000.0,109.0
1963-02-26,764.87,340.0,340.0,Rule Curve,340.0,2704.0,0.0,2987.0,50.0,2704.0,3000.0,75.0,0.0,340.0,3000.0,141.0
1963-02-27,765.62,310.0,75.0,Rule Curve,75.0,264.0,0.0,2987.0,50.0,2701.0,3000.0,75.0,0.0,264.0,3000.0,33.0
1963-02-28,766.18,286.0,111.0,Rule Curve,75.0,273.0,0.0,3000.0,50.0,2729.0,3000.0,75.0,0.0,273.0,3000.0,111.0
1963-03-01,766.18,286.0,286.0,Rule Curve,286.0,2751.0,0.0,3000.0,50.0,2751.0,3000.0,75.0,0.0,286.0,3000.0,134.0
1963-03-02,766.98,317.0,75.0,Rule Curve,75.0,274.0,0.0,3000.0,50.0,2753.0,3000.0,75.0,0.0,274.0,3000.0,58.0
1963-03-03,767.0,322.0,316.0,Rule Curve,316.0,2782.0,0.0,3000.0,50.0,2782.0,3000.0,75.0,0.0,316.0,3000.0,100.0
1963-03-04,767.6,286.0,75.0,Rule Curve,75.0,235.0,0.0,3000.0,50.0,2780.0,3000.0,75.0,0.0,235.0,3000.0,0.0
1963-03-05,768.11,256.0,75.0,Rule Curve,75.0,227.0,0.0,3000.0,50.0,2803.0,3000.0,75.0,0.0,227.0,3000.0,23.0
1963-03-06,768.55,231.0,75.0,Rule Curve,75.0,215.0,0.0,3000.0,50.0,2822.0,3000.0,75.0,0.0,215.0,3000.0,19.0
1963-03-07,768.59,206.0,194.0,Rule Curve,194.0,2837.0,0.0,3000.0,50.0,2837.0,3000.0,75.0,0.0,194.0,3000.0,9.0
1963-03-08,768.95,203.0,75.0,Rule Curve,75.0,148.0,0.0,3000.0,50.0,2838.0,3000.0,75.0,0.0,148.0,3000.0,0.0
1963-03-09,769.24,178.0,75.0,Rule Curve,75.0,120.0,0.0,3000.0,50.0,2851.0,3000.0,75.0,0.0,120.0,3000.0,0.0
1963-03-10,769.5,168.0,75.0,Rule Curve,75.0,98.0,0.0,3000.0,50.0,2861.0,3000.0,75.0,0.0,98.0,3000.0,0.0
1963-03-11,769.73,157.0,75.0,Rule Curve,75.0,75.0,0.0,3000.0,50.0,2870.0,3000.0,75.0,0.0,74.0,3000.0,0.0
1963-03-12,769.94,148.0,75.0,Rule Curve,75.0,75.0,0.0,3000.0,50.0,2878.0,3000.0,75.0,0.0,48.0,3000.0,0.0
1963-03-13,770.1,130.0,75.0,Rule Curve,75.0,75.0,0.0,3000.0,50.0,2885.0,3000.0,75.0,0.0,10.0,3000.0,0.0
1963-03-14,770.37,170.0,75.0,Rule Curve,75.0,75.0,0.0,3000.0,50.0,2892.0,3000.0,75.0,0.0,25.0,3000.0,0.0
1963-03-15,770.67,180.0,75.0,Rule Curve,75.0,75.0,0.0,3000.0,50.0,2903.0,3000.0,75.0,0.0,23.0,3000.0,0.0
1963-03-16,771.09,225.0,75.0,Rule Curve,75.0,75.0,0.0,3000.0,50.0,2915.0,3000.0,75.0,0.0,60.0,3000.0,0.0
1963-03-17,771.43,195.0,75.0,Rule Curve,75.0,75.0,0.0,3000.0,50.0,2928.0,3000.0,75.0,0.0,32.0,3000.0,0.0
1963-03-18,771.77,195.0,75.0,Rule Curve,75.0,75.0,0.0,3000.0,50.0,2940.0,3000.0,75.0,0.0,25.0,3000.0,0.0
1963-03-19,772.05,175.0,75.0,Rule Curve,75.0,75.0,0.0,3000.0,50.0,2950.0,3000.0,75.0,0.0,0.0,3000.0,0.0
1963-03-20,772.34,195.0,75.0,Rule Curve,75.0,75.0,0.0,3000.0,50.0,2961.0,3000.0,75.0,0.0,5.0,3000.0,0.0
1963-03-21,772.64,195.0,75.0,Rule Curve,75.0,75.0,0.0,3000.0,50.0,2972.0,3000.0,75.0,0.0,0.0,3000.0,0.0
1963-03-22,772.96,205.0,75.0,Rule Curve,75.0,75.0,0.0,3000.0,50.0,2983.0,3000.0,75.0,0.0,4.0,3000.0,0.0
1963-03-23,773.32,220.0,75.0,Rule Curve,75.0,75.0,0.0,3000.0,50.0,2996.0,3000.0,75.0,0.0,16.0,3000.0,0.0
1963-03-24,773.6,185.0,75.0,Rule Curve,75.0,75.0,0.0,3000.0,50.0,3000.0,3000.0,75.0,0.0,0.0,3000.0,0.0
1963-03-25,773.88,190.0,75.0,Rule Curve,75.0,75.0,0.0,3000.0,50.0,3000.0,3000.0,75.0,0.0,0.0,3000.0,0.0
1963-03-26,774.09,160.0,75.0,Rule Curve,75.0,75.0,0.0,3000.0,50.0,3000.0,3000.0,75.0,0.0,0.0,3000.0,0.0
1963-03-27,774.51,245.0,75.0,Rule Curve,75.0,75.0,0.0,3000.0,50.0,3000.0,3000.0,75.0,0.0,17.0,3000.0,0.0
1963-03-28,775.24,367.0,75.0,Rule Curve,75.0,151.0,0.0,3000.0,50.0,3000.0,3000.0,75.0,0.0,151.0,3000.0,0.0
1963-03-29,776.74,1071.0,428.0,Rule Curve,75.0,905.0,0.0,3000.0,50.0,1548.0,2402.0,75.0,0.0,905.0,2601.0,428.0
1963-03-30,778.47,2077.0,1344.0,Rule Curve,1344.0,1344.0,0.0,3000.0,50.0,1344.0,1491.0,75.0,0.0,2077.0,1993.0,1255.0
1963-03-31,779.27,1342.0,965.0,Top of Dam,965.0,965.0,0.0,3000.0,50.0,2765.0,2920.0,75.0,0.0,1540.0,2947.0,965.0
1963-04-01,779.43,835.0,751.0,Top of Dam,751.0,751.0,0.0,3000.0,50.0,3000.0,3000.0,75.0,0.0,1117.0,3000.0,751.0
1963-04-02,779.43,609.0,610.0,Top of Dam,610.0,610.0,0.0,3000.0,50.0,3000.0,3000.0,75.0,0.0,877.0,3000.0,610.0
1963-04-03,779.3,459.0,527.0,Top of Dam,527.0,527.0,0.0,3000.0,50.0,3000.0,3000.0,75.0,0.0,686.0,3000.0,527.0
1963-04-04,779.14,463.0,542.0,Top of Dam,542.0,542.0,0.0,3000.0,50.0,3000.0,3000.0,75.0,0.0,622.0,3000.0,542.0
1963-04-05,779.07,502.0,539.0,Top of Dam,539.0,539.0,0.0,3000.0,50.0,3000.0,3000.0,75.0,0.0,589.0,3000.0,539.0
1963-04-06,779.01,724.0,753.0,Rule Curve,753.0,2824.0,0.0,3000.0,50.0,2824.0,2824.0,75.0,0.0,753.0,2883.0,524.0
1963-04-07,779.47,678.0,445.0,Rule Curve,75.0,651.0,0.0,3000.0,50.0,3000.0,3000.0,75.0,0.0,651.0,3000.0,445.0
1963-04-08,779.47,638.0,638.0,Rule Curve,638.0,3000.0,0.0,3000.0,50.0,3000.0,3000.0,75.0,0.0,638.0,3000.0,492.0
1963-04-09,780.05,712.0,422.0,Rule Curve,75.0,663.0,0.0,3000.0,50.0,3000.0,3000.0,75.0,0.0,663.0,3000.0,422.0
1963-04-10,780.05,746.0,746.0,Rule Curve,746.0,3000.0,0.0,3000.0,50.0,3000.0,3000.0,75.0,0.0,746.0,3000.0,564.0
1963-04-11,780.63,628.0,365.0,Rule Curve,75.0,584.0,0.0,3000.0,50.0,3000.0,3000.0,75.0,0.0,584.0,3000.0,365.0
1963-04-12,780.63,825.0,825.0,Rule Curve,825.0,3000.0,0.0,3000.0,50.0,3000.0,3000.0,75.0,0.0,825.0,3000.0,656.0
1963-04-13,781.2,792.0,523.0,Rule Curve,75.0,750.0,0.0,3000.0,50.0,3000.0,3000.0,75.0,0.0,750.0,3000.0,523.0
1963-04-14,781.2,876.0,876.0,Rule Curve,876.0,3000.0,0.0,3000.0,50.0,3000.0,3000.0,75.0,0.0,876.0,3000.0,735.0
1963-04-15,781.76,1186.0,904.0,Rule Curve,75.0,1139.0,0.0,3000.0,50.0,3000.0,3000.0,75.0,0.0,1139.0,3000.0,890.0
1963-04-16,781.76,1166.0,1166.0,Rule Curve,1166.0,2983.0,0.0,3000.0,50.0,2983.0,3000.0,75.0,0.0,1166.0,3000.0,868.0
1963-04-17,782.31,964.0,702.0,Rule Curve,75.0,918.0,0.0,3000.0,50.0,3000.0,3000.0,75.0,0.0,918.0,3000.0,702.0
1963-04-18,782.31,959.0,959.0,Rule Curve,959.0,3000.0,0.0,3000.0,50.0,3000.0,3000.0,75.0,0.0,959.0,3000.0,832.0
1963-04-19,782.86,1150.0,900.0,Rule Curve,75.0,1108.0,0.0,3000.0,50.0,3000.0,3000.0,75.0,0.0,1108.0,3000.0,745.0
1963-04-20,782.86,908.0,908.0,Rule Curve,908.0,3000.0,0.0,3000.0,50.0,3000.0,3000.0,75.0,0.0,908.0,3000.0,607.0
1963-04-21,783.41,842.0,551.0,Rule Curve,75.0,795.0,0.0,3000.0,50.0,3000.0,3000.0,75.0,0.0,795.0,3000.0,477.0
1963-04-22,783.41,636.0,636.0,Rule Curve,636.0,3000.0,0.0,3000.0,50.0,3000.0,3000.0,75.0,0.0,636.0,3000.0,465.0
1963-04-23,783.95,651.0,352.0,Rule Curve,75.0,601.0,0.0,3000.0,50.0,3000.0,3000.0,75.0,0.0,601.0,3000.0,352.0
1963-04-24,783.95,651.0,651.0,Rule Curve,651.0,3000.0,0.0,3000.0,50.0,3000.0,3000.0,75.0,0.0,651.0,3000.0,413.0
1963-04-25,784.48,561.0,291.0,Rule Curve,75.0,516.0,0.0,3000.0,50.0,3000.0,3000.0,75.0,0.0,516.0,3000.0,291.0
1963-04-26,784.48,533.0,533.0,Rule Curve,533.0,3000.0,0.0,3000.0,50.0,3000.0,3000.0,75.0,0.0,533.0,3000.0,318.0
1963-04-27,785.0,478.0,216.0,Rule Curve,75.0,434.0,0.0,3000.0,50.0,3000.0,3000.0,75.0,0.0,434.0,3000.0,216.0
1963-04-28,785.0,441.0,441.0,Rule Curve,441.0,3000.0,0.0,3000.0,50.0,3000.0,3000.0,75.0,0.0,441.0,3000.0,273.0
1963-04-29,785.52,447.0,185.0,Rule Curve,75.0,403.0,0.0,3000.0,50.0,3000.0,3000.0,75.0,0.0,403.0,3000.0,185.0
1963-04-30,785.52,431.0,431.0,Rule Curve,431.0,3000.0,0.0,3000.0,50.0,3000.0,3000.0,75.0,0.0,431.0,3000.0,300.0
1963-05-01,786.04,461.0,197.0,Rule Curve,75.0,417.0,0.0,3000.0,50.0,3000.0,3000.0,75.0,0.0,417.0,3000.0,197.0
1963-05-02,786.04,844.0,844.0,Rule Curve,844.0,3000.0,0.0,3000.0,50.0,3000.0,3000.0,75.0,0.0,844.0,3000.0,628.0
1963-05-03,786.55,922.0,639.0,Rule Curve,75.0,874.0,0.0,3000.0,50.0,3000.0,3000.0,75.0,0.0,874.0,3000.0,639.0
1963-05-04,786.55,658.0,658.0,Rule Curve,658.0,3000.0,0.0,3000.0,50.0,3000.0,3000.0,75.0,0.0,658.0,3000.0,514.0
1963-05-05,787.06,1231.0,948.0,Rule Curve,75.0,1183.0,0.0,3000.0,50.0,1773.0,2754.0,75.0,0.0,1183.0,2835.0,948.0
1963-05-06,790.88,2884.0,765.0,Rule Curve,765.0,765.0,0.0,3000.0,50.0,765.0,765.0,75.0,0.0,2884.0,1508.0,2142.0
1963-05-07,792.65,2598.0,1534.0,Top of Dam,1534.0,1534.0,0.0,3000.0,50.0,1534.0,1067.0,75.0,0.0,3258.0,1710.0,2159.0
1963-05-08,792.05,1472.0,1836.0,Top of Dam,1836.0,1836.0,1962.0,3000.0,50.0,2424.0,2625.0,75.0,0.0,2440.0,2750.0,1836.0
1963-05-09,791.32,952.0,1390.0,Top of Dam,1390.0,1390.0,1247.0,3000.0,50.0,2784.0,3000.0,75.0,0.0,1753.0,3000.0,1390.0
1963-05-10,790.7,702.0,1062.0,Top of Dam,1062.0,1062.0,385.0,3000.0,50.0,3000.0,3000.0,75.0,0.0,1311.0,3000.0,1062.0
1963-05-11,790.37,631.0,818.0,Top of Dam,818.0,818.0,0.0,3000.0,50.0,3000.0,3000.0,75.0,0.0,1075.0,3000.0,818.0
1963-05-12,790.2,545.0,636.0,Top of Dam,636.0,636.0,0.0,3000.0,50.0,3000.0,3000.0,75.0,0.0,881.0,3000.0,636.0
1963-05-13,790.14,462.0,496.0,Top of Dam,496.0,496.0,0.0,3000.0,50.0,3000.0,3000.0,75.0,0.0,723.0,3000.0,496.0
1963-05-14,790.17,405.0,390.0,Top of Dam,390.0,390.0,0.0,3000.0,50.0,3000.0,3000.0,75.0,0.0,609.0,3000.0,390.0
1963-05-15,790.18,349.0,342.0,Top of Dam,342.0,342.0,0.0,3000.0,50.0,3000.0,3000.0,75.0,0.0,513.0,3000.0,342.0
1963-05-16,790.19,312.0,310.0,Top of Dam,310.0,310.0,0.0,3000.0,50.0,3000.0,3000.0,75.0,0.0,435.0,3000.0,310.0
1963-05-17,790.12,245.0,280.0,Top of Dam,280.0,280.0,0.0,3000.0,50.0,3000.0,3000.0,75.0,0.0,324.0,3000.0,280.0
1963-05-18,790.11,245.0,251.0,Top of Dam,251.0,251.0,0.0,3000.0,50.0,3000.0,3000.0,75.0,0.0,268.0,3000.0,251.0
1963-05-19,790.1,222.0,228.0,Top of Dam,228.0,228.0,0.0,3000.0,50.0,3000.0,3000.0,75.0,0.0,243.0,3000.0,228.0
1963-05-20,790.05,192.0,221.0,Top of Dam,211.0,221.0,0.0,3000.0,50.0,3000.0,3000.0,75.0,0.0,211.0,3000.0,221.0
1963-05-21,790.02,182.0,199.0,Top of Dam,191.0,199.0,0.0,3000.0,50.0,3000.0,3000.0,75.0,0.0,191.0,3000.0,199.0
1963-05-22,790.06,207.0,186.0,Top of Dam,186.0,186.0,0.0,3000.0,50.0,3000.0,3000.0,75.0,0.0,211.0,3000.0,186.0
1963-05-23,790.02,155.0,175.0,Top of Dam,166.0,175.0,0.0,3000.0,50.0,3000.0,3000.0,75.0,0.0,166.0,3000.0,175.0
1963-05-24,790.02,159.0,162.0,Top of Dam,162.0,162.0,0.0,3000.0,50.0,3000.0,3000.0,75.0,0.0,163.0,3000.0,162.0
1963-05-25,790.03,153.0,146.0,Top of Dam,146.0,146.0,0.0,3000.0,50.0,3000.0,3000.0,75.0,0.0,156.0,3000.0,146.0
1963-05-26,790.03,135.0,136.0,Top of Dam,136.0,136.0,0.0,3000.0,50.0,3000.0,3000.0,75.0,0.0,141.0,3000.0,136.0
1963-05-27,790.0,114.0,130.0,Top of Dam,119.0,130.0,0.0,3000.0,50.0,3000.0,3000.0,75.0,0.0,119.0,3000.0,130.0
1963-05-28,790.0,117.0,117.0,Rule Curve,117.0,3000.0,0.0,3000.0,50.0,3000.0,3000.0,75.0,0.0,117.0,3000.0,117.0
1963-05-29,790.0,128.0,128.0,Rule Curve,128.0,3000.0,0.0,3000.0,50.0,3000.0,3000.0,75.0,0.0,128.0,3000.0,128.0
1963-05-30,790.0,106.0,106.0,Rule Curve,106.0,3000.0,0.0,3000.0,50.0,3000.0,3000.0,75.0,0.0,106.0,3000.0,106.0
1963-05-31,790.0,125.0,125.0,Rule Curve,125.0,3000.0,0.0,3000.0,50.0,3000.0,3000.0,75.0,0.0,125.0,3000.0,117.0
1963-06-01,790.0,90.0,90.0,Rule Curve,90.0,3000.0,0.0,3000.0,50.0,3000.0,3000.0,80.0,0.0,90.0,3000.0,90.0
1963-06-02,790.0,111.0,111.0,Rule Curve,111.0,3000.0,0.0,3000.0,50.0,3000.0,3000.0,80.0,0.0,111.0,3000.0,111.0
1963-06-03,790.0,113.0,113.0,Rule Curve,113.0,3000.0,0.0,3000.0,50.0,3000.0,3000.0,80.0,0.0,113.0,3000.0,113.0
1963-06-04,790.0,105.0,105.0,Rule Curve,105.0,3000.0,0.0,3000.0,50.0,3000.0,3000.0,80.0,0.0,105.0,3000.0,105.0
1963-06-05,790.0,136.0,136.0,Rule Curve,136.0,3000.0,0.0,3000.0,50.0,3000.0,3000.0,80.0,0.0,136.0,3000.0,136.0
1963-06-06,790.0,146.0,146.0,Rule Curve,146.0,3000.0,0.0,3000.0,50.0,3000.0,3000.0,80.0,0.0,146.0,3000.0,131.0
1963-06-07,790.0,111.0,111.0,Rule Curve,111.0,3000.0,0.0,3000.0,50.0,3000.0,3000.0,80.0,0.0,111.0,3000.0,111.0
1963-06-08,790.0,111.0,111.0,Rule Curve,111.0,3000.0,0.0,3000.0,50.0,3000.0,3000.0,80.0,0.0,111.0,3000.0,111.0
1963-06-09,790.0,116.0,116.0,Rule Curve,116.0,3000.0,0.0,3000.0,50.0,3000.0,3000.0,80.0,0.0,116.0,3000.0,108.0
1963-06-10,790.0,96.0,96.0,Rule Curve,96.0,3000.0,0.0,3000.0,50.0,3000.0,3000.0,80.0,0.0,96.0,3000.0,96.0
1963-06-11,790.0,86.0,86.0,Rule Curve,86.0,3000.0,0.0,3000.0,50.0,3000.0,3000.0,80.0,0.0,86.0,3000.0,86.0
1963-06-12,790.0,81.0,81.0,Rule Curve,81.0,3000.0,0.0,3000.0,50.0,3000.0,3000.0,80.0,0.0,81.0,3000.0,81.0
1963-06-13,790.0,86.0,86.0,Rule Curve,86.0,3000.0,0.0,3000.0,50.0,3000.0,3000.0,80.0,0.0,86.0,3000.0,86.0
1963-06-14,789.99,76.0,80.0,Rule Curve,80.0,3000.0,0.0,3000.0,50.0,3000.0,3000.0,80.0,0.0,76.0,3000.0,76.0
1963-06-15,789.99,76.0,80.0,Rule Curve,80.0,3000.0,0.0,3000.0,50.0,3000.0,3000.0,80.0,0.0,75.0,3000.0,72.0
1963-06-16,789.96,66.0,80.0,Rule Curve,80.0,3000.0,0.0,3000.0,50.0,3000.0,3000.0,80.0,0.0,63.0,3000.0,58.0
1963-06-17,789.94,70.0,80.0,Rule Curve,80.0,3000.0,0.0,3000.0,50.0,3000.0,3000.0,80.0,0.0,63.0,3000.0,48.0
1963-06-18,789.91,59.0,80.0,Rule Curve,80.0,3000.0,0.0,3000.0,50.0,3000.0,3000.0,80.0,0.0,48.0,3000.0,27.0
1963-06-19,789.87,59.0,80.0,Rule Curve,80.0,3000.0,0.0,3000.0,50.0,3000.0,3000.0,80.0,0.0,41.0,3000.0,6.0
1963-06-20,789.83,59.0,80.0,Rule Curve,80.0,80.0,0.0,3000.0,50.0,3000.0,3000.0,80.0,0.0,35.0,3000.0,0.0
1963-06-21,789.82,75.0,80.0,Rule Curve,80.0,80.0,0.0,3000.0,50.0,3000.0,3000.0,80.0,0.0,44.0,3000.0,0.0
1963-06-22,790.0,196.0,97.0,Rule Curve,80.0,163.0,0.0,3000.0,50.0,3000.0,3000.0,80.0,0.0,163.0,3000.0,97.0
1963-06-23,790.0,151.0,151.0,Rule Curve,151.0,3000.0,0.0,3000.0,50.0,3000.0,3000.0,80.0,0.0,151.0,3000.0,125.0
1963-06-24,790.0,105.0,105.0,Rule Curve,105.0,3000.0,0.0,3000.0,50.0,3000.0,3000.0,80.0,0.0,105.0,3000.0,102.0
1963-06-25,790.0,95.0,95.0,Rule Curve,95.0,3000.0,0.0,3000.0,50.0,3000.0,3000.0,80.0,0.0,95.0,3000.0,95.0
1963-06-26,790.0,80.0,80.0,Rule Curve,80.0,3000.0,0.0,3000.0,50.0,3000.0,3000.0,80.0,0.0,80.0,3000.0,80.0
1963-06-27,790.0,89.0,89.0,Rule Curve,89.0,3000.0,0.0,3000.0,50.0,3000.0,3000.0,80.0,0.0,89.0,3000.0,89.0
1963-06-28,790.0,146.0,146.0,Rule Curve,146.0,3000.0,0.0,3000.0,50.0,3000.0,3000.0,80.0,0.0,146.0,3000.0,141.0
1963-06-29,790.0,136.0,136.0,Rule Curve,136.0,3000.0,0.0,3000.0,50.0,3000.0,3000.0,80.0,0.0,136.0,3000.0,124.0
1963-06-30,790.0,116.0,116.0,Rule Curve,116.0,3000.0,0.0,3000.0,50.0,3000.0,3000.0,80.0,0.0,116.0,3000.0,107.0
1963-07-01,790.0,96.0,96.0,Rule Curve,96.0,3000.0,0.0,3000.0,50.0,3000.0,3000.0,56.0,0.0,96.0,3000.0,96.0
1963-07-02,790.0,85.0,85.0,Rule Curve,85.0,3000.0,0.0,3000.0,50.0,3000.0,3000.0,56.0,0.0,85.0,3000.0,85.0
1963-07-03,790.0,96.0,96.0,Rule Curve,96.0,3000.0,0.0,3000.0,50.0,3000.0,3000.0,56.0,0.0,96.0,3000.0,95.0
1963-07-04,790.0,83.0,83.0,Rule Curve,83.0,3000.0,0.0,3000.0,50.0,3000.0,3000.0,56.0,0.0,83.0,3000.0,83.0
1963-07-05,790.0,82.0,82.0,Rule Curve,82.0,3000.0,0.0,3000.0,50.0,3000.0,3000.0,56.0,0.0,82.0,3000.0,82.0
1963-07-06,790.0,70.0,70.0,Rule Curve,70.0,3000.0,0.0,3000.0,50.0,3000.0,3000.0,56.0,0.0,70.0,3000.0,70.0
1963-07-07,790.0,80.0,80.0,Rule Curve,80.0,3000.0,0.0,3000.0,50.0,3000.0,3000.0,56.0,0.0,80.0,3000.0,80.0
1963-07-08,790.0,83.0,83.0,Rule Curve,83.0,3000.0,0.0,3000.0,50.0,3000.0,3000.0,56.0,0.0,83.0,3000.0,80.0
1963-07-09,790.0,62.0,62.0,Rule Curve,62.0,3000.0,0.0,3000.0,50.0,3000.0,3000.0,56.0,0.0,62.0,3000.0,62.0
1963-07-10,790.0,71.0,71.0,Rule Curve,71.0,3000.0,0.0,3000.0,50.0,3000.0,3000.0,56.0,0.0,71.0,3000.0,64.0
1963-07-11,789.98,44.0,56.0,Rule Curve,56.0,3000.0,0.0,3000.0,50.0,3000.0,3000.0,56.0,0.0,44.0,3000.0,44.0
1963-07-12,789.97,53.0,56.0,Rule Curve,56.0,3000.0,0.0,3000.0,50.0,3000.0,3000.0,56.0,0.0,49.0,3000.0,41.0
1963-07-13,789.96,50.0,56.0,Rule Curve,56.0,3000.0,0.0,3000.0,50.0,3000.0,3000.0,56.0,0.0,45.0,3000.0,35.0
1963-07-14,789.95,50.0,56.0,Rule Curve,56.0,3000.0,0.0,3000.0,50.0,3000.0,3000.0,56.0,0.0,43.0,3000.0,29.0
1963-07-15,789.93,45.0,56.0,Rule Curve,56.0,3000.0,0.0,3000.0,50.0,3000.0,3000.0,56.0,0.0,36.0,3000.0,18.0
1963-07-16,789.9,40.0,56.0,Rule Curve,56.0,3000.0,0.0,3000.0,50.0,3000.0,3000.0,56.0,0.0,27.0,3000.0,2.0
1963-07-17,789.88,40.0,56.0,Rule Curve,56.0,3000.0,0.0,3000.0,50.0,3000.0,3000.0,56.0,0.0,22.0,3000.0,0.0
1963-07-18,789.86,50.0,56.0,Rule Curve,56.0,56.0,0.0,3000.0,50.0,3000.0,3000.0,56.0,0.0,27.0,3000.0,0.0
1963-07-19,789.83,35.0,56.0,Rule Curve,56.0,56.0,0.0,3000.0,50.0,3000.0,3000.0,56.0,0.0,10.0,3000.0,0.0
1963-07-20,789.77,25.0,56.0,Rule Curve,56.0,56.0,0.0,3000.0,50.0,3000.0,3000.0,56.0,0.0,0.0,3000.0,0.0
1963-07-21,789.73,35.0,56.0,Rule Curve,56.0,56.0,0.0,3000.0,50.0,3000.0,3000.0,56.0,0.0,0.0,3000.0,0.0
1963-07-22,789.72,50.0,56.0,Rule Curve,56.0,56.0,0.0,3000.0,50.0,3000.0,3000.0,56.0,0.0,1.0,3000.0,0.0
1963-07-23,789.68,35.0,56.0,Rule Curve,56.0,56.0,0.0,3000.0,50.0,3000.0,3000.0,56.0,0.0,0.0,3000.0,0.0
1963-07-24,789.65,35.0,56.0,Rule Curve,56.0,56.0,0.0,3000.0,50.0,3000.0,3000.0,56.0,0.0,0.0,3000.0,0.0
1963-07-25,789.59,25.0,56.0,Rule Curve,56.0,56.0,0.0,3000.0,50.0,3000.0,3000.0,56.0,0.0,0.0,3000.0,0.0
1963-07-26,789.55,35.0,56.0,Rule Curve,56.0,56.0,0.0,3000.0,50.0,3000.0,3000.0,56.0,0.0,0.0,3000.0,0.0
1963-07-27,789.52,35.0,56.0,Rule Curve,56.0,56.0,0.0,3000.0,50.0,3000.0,3000.0,56.0,0.0,0.0,3000.0,0.0
1963-07-28,789.44,15.0,56.0,Rule Curve,56.0,56.0,0.0,3000.0,50.0,3000.0,3000.0,56.0,0.0,0.0,3000.0,0.0
1963-07-29,789.38,20.0,56.0,Rule Curve,56.0,56.0,0.0,3000.0,50.0,3000.0,3000.0,56.0,0.0,0.0,3000.0,0.0
1963-07-30,789.33,29.0,56.0,Rule Curve,56.0,56.0,0.0,3000.0,50.0,3000.0,3000.0,56.0,0.0,0.0,3000.0,0.0
1963-07-31,789.27,24.0,56.0,Rule Curve,56.0,56.0,0.0,3000.0,50.0,3000.0,3000.0,56.0,0.0,0.0,3000.0,0.0
1963-08-01,789.2,14.0,56.0,Rule Curve,56.0,56.0,0.0,3000.0,50.0,3000.0,3000.0,56.0,0.0,0.0,3000.0,0.0
1963-08-02,789.14,24.0,56.0,Rule Curve,56.0,56.0,0.0,3000.0,50.0,3000.0,3000.0,56.0,0.0,0.0,3000.0,0.0
1963-08-03,789.07,19.0,56.0,Rule Curve,56.0,56.0,0.0,3000.0,50.0,3000.0,3000.0,56.0,0.0,0.0,3000.0,0.0
1963-08-04,789.05,44.0,56.0,Rule Curve,56.0,56.0,0.0,3000.0,50.0,3000.0,3000.0,56.0,0.0,0.0,3000.0,0.0
1963-08-05,788.98,19.0,56.0,Rule Curve,56.0,56.0,0.0,3000.0,50.0,3000.0,3000.0,56.0,0.0,0.0,3000.0,0.0
1963-08-06,788.94,29.0,56.0,Rule Curve,56.0,56.0,0.0,3000.0,50.0,3000.0,3000.0,56.0,0.0,0.0,3000.0,0.0
1963-08-07,788.86,14.0,56.0,Rule Curve,56.0,56.0,0.0,3000.0,50.0,3000.0,3000.0,56.0,0.0,0.0,3000.0,0.0
1963-08-08,788.8,24.0,56.0,Rule Curve,56.0,56.0,0.0,3000.0,50.0,3000.0,3000.0,56.0,0.0,0.0,3000.0,0.0
1963-08-09,788.72,9.0,56.0,Rule Curve,56.0,56.0,0.0,3000.0,50.0,3000.0,3000.0,56.0,0.0,0.0,3000.0,0.0
1963-08-10,788.65,19.0,56.0,Rule Curve,56.0,56.0,0.0,3000.0,50.0,3000.0,3000.0,56.0,0.0,0.0,3000.0,0.0
1963-08-11,788.59,24.0,56.0,Rule Curve,56.0,56.0,0.0,3000.0,50.0,3000.0,3000.0,56.0,0.0,0.0,3000.0,0.0
1963-08-12,788.5,4.0,56.0,Rule Curve,56.0,56.0,0.0,3000.0,50.0,3000.0,3000.0,56.0,0.0,0.0,3000.0,0.0
1963-08-13,788.43,19.0,56.0,Rule Curve,56.0,56.0,0.0,3000.0,50.0,3000.0,3000.0,56.0,0.0,0.0,3000.0,0.0
1963-08-14,788.38,24.0,56.0,Rule Curve,56.0,56.0,0.0,3000.0,50.0,3000.0,3000.0,56.0,0.0,0.0,3000.0,0.0
1963-08-15,788.3,14.0,56.0,Rule Curve,56.0,56.0,0.0,3000.0,50.0,3000.0,3000.0,56.0,0.0,0.0,3000.0,0.0
1963-08-16,788.22,14.0,56.0,Rule Curve,56.0,56.0,0.0,3000.0,50.0,3000.0,3000.0,56.0,0.0,0.0,3000.0,0.0
1963-08-17,788.14,9.0,56.0,Rule Curve,56.0,56.0,0.0,3000.0,50.0,3000.0,3000.0,56.0,0.0,0.0,3000.0,0.0
1963-08-18,788.07,19.0,56.0,Rule Curve,56.0,56.0,0.0,3000.0,50.0,3000.0,3000.0,56.0,0.0,0.0,3000.0,0.0
1963-08-19,787.99,9.0,56.0,Rule Curve,56.0,56.0,0.0,3000.0,50.0,3000.0,3000.0,56.0,0.0,0.0,3000.0,0.0
1963-08-20,787.9,4.0,56.0,Rule Curve,56.0,56.0,0.0,3000.0,50.0,3000.0,3000.0,56.0,0.0,0.0,3000.0,0.0
1963-08-21,787.83,19.0,56.0,Rule Curve,56.0,56.0,0.0,3000.0,50.0,3000.0,3000.0,56.0,0.0,0.0,3000.0,0.0
1963-08-22,787.76,19.0,56.0,Rule Curve,56.0,56.0,0.0,3000.0,50.0,3000.0,3000.0,56.0,0.0,0.0,3000.0,0.0
1963-08-23,787.72,34.0,56.0,Rule Curve,56.0,56.0,0.0,3000.0,50.0,3000.0,3000.0,56.0,0.0,0.0,3000.0,0.0
1963-08-24,787.65,15.0,56.0,Rule Curve,56.0,56.0,0.0,3000.0,50.0,3000.0,3000.0,56.0,0.0,0.0,3000.0,0.0
1963-08-25,787.58,20.0,56.0,Rule Curve,56.0,56.0,0.0,3000.0,50.0,3000.0,3000.0,56.0,0.0,0.0,3000.0,0.0
1963-08-26,787.49,1.0,56.0,Rule Curve,56.0,56.0,0.0,3000.0,50.0,3000.0,3000.0,56.0,0.0,0.0,3000.0,0.0
1963-08-27,787.4,6.0,56.0,Rule Curve,56.0,56.0,0.0,3000.0,50.0,3000.0,3000.0,56.0,0.0,0.0,3000.0,0.0
1963-08-28,787.31,10.0,56.0,Rule Curve,56.0,56.0,0.0,3000.0,50.0,3000.0,3000.0,56.0,0.0,0.0,3000.0,0.0
1963-08-29,787.25,20.0,56.0,Rule Curve,56.0,56.0,0.0,3000.0,50.0,3000.0,3000.0,56.0,0.0,0.0,3000.0,0.0
1963-08-30,787.17,10.0,56.0,Rule Curve,56.0,56.0,0.0,3000.0,50.0,3000.0,3000.0,56.0,0.0,0.0,3000.0,0.0
1963-08-31,787.13,36.0,56.0,Rule Curve,56.0,56.0,0.0,3000.0,50.0,3000.0,3000.0,56.0,0.0,0.0,3000.0,0.0
1963-09-01,787.04,6.0,55.0,Rule Curve,55.0,55.0,0.0,3000.0,50.0,3000.0,3000.0,55.0,0.0,0.0,3000.0,0.0
1963-09-02,786.94,-2.0,55.0,Rule Curve,55.0,55.0,0.0,3000.0,50.0,3000.0,3000.0,55.0,0.0,0.0,3000.0,0.0
1963-09-03,786.84,3.0,55.0,Rule Curve,55.0,55.0,0.0,3000.0,50.0,3000.0,3000.0,55.0,0.0,0.0,3000.0,0.0
1963-09-04,786.67,-41.0,55.0,Rule Curve,55.0,55.0,0.0,3000.0,50.0,3000.0,3000.0,55.0,0.0,0.0,3000.0,0.0
1963-09-05,786.61,20.0,55.0,Rule Curve,55.0,55.0,0.0,3000.0,50.0,3000.0,3000.0,55.0,0.0,0.0,3000.0,0.0
1963-09-06,786.53,11.0,55.0,Rule Curve,55.0,55.0,0.0,3000.0,50.0,3000.0,3000.0,55.0,0.0,0.0,3000.0,0.0
1963-09-07,786.45,12.0,55.0,Rule Curve,55.0,55.0,0.0,3000.0,50.0,3000.0,3000.0,55.0,0.0,0.0,3000.0,0.0
1963-09-08,786.39,18.0,55.0,Rule Curve,55.0,55.0,0.0,3000.0,50.0,3000.0,3000.0,55.0,0.0,0.0,3000.0,0.0
1963-09-09,786.25,-26.0,50.0,Top of Dam,50.0,50.0,0.0,3000.0,50.0,3000.0,3000.0,55.0,0.0,0.0,3000.0,116.0
1963-09-10,785.69,25.0,319.0,Top of Dam,50.0,319.0,0.0,3000.0,50.0,3000.0,3000.0,55.0,0.0,47.0,3000.0,319.0
1963-09-11,785.23,21.0,253.0,Top of Dam,50.0,253.0,0.0,3000.0,50.0,3000.0,3000.0,55.0,0.0,21.0,3000.0,253.0
1963-09-12,784.78,11.0,238.0,Top of Dam,50.0,238.0,0.0,3000.0,50.0,3000.0,3000.0,55.0,0.0,11.0,3000.0,238.0
1963-09-13,784.32,22.0,254.0,Top of Dam,50.0,254.0,0.0,3000.0,50.0,3000.0,3000.0,55.0,0.0,22.0,3000.0,254.0
1963-09-14,783.86,33.0,272.0,Top of Dam,50.0,272.0,0.0,3000.0,50.0,3000.0,3000.0,55.0,0.0,33.0,3000.0,272.0
1963-09-15,783.39,89.0,350.0,Top of Dam,89.0,350.0,0.0,3000.0,50.0,3000.0,3000.0,55.0,0.0,89.0,3000.0,350.0
1963-09-16,782.92,97.0,350.0,Top of Dam,97.0,350.0,0.0,3000.0,50.0,3000.0,3000.0,55.0,0.0,97.0,3000.0,350.0
1963-09-17,782.44,43.0,261.0,Top of Dam,50.0,261.0,0.0,3000.0,50.0,3000.0,3000.0,55.0,0.0,43.0,3000.0,261.0
1963-09-18,781.96,24.0,244.0,Top of Dam,50.0,244.0,0.0,3000.0,50.0,3000.0,3000.0,55.0,0.0,24.0,3000.0,244.0
1963-09-19,781.47,17.0,264.0,Top of Dam,50.0,264.0,0.0,3000.0,50.0,3000.0,3000.0,55.0,0.0,17.0,3000.0,264.0
1963-09-20,780.98,31.0,277.0,Top of Dam,50.0,277.0,0.0,3000.0,50.0,3000.0,3000.0,55.0,0.0,31.0,3000.0,277.0
1963-09-21,780.49,33.0,255.0,Top of Dam,50.0,255.0,0.0,3000.0,50.0,3000.0,3000.0,55.0,0.0,33.0,3000.0,255.0
1963-09-22,779.99,9.0,236.0,Top of Dam,50.0,236.0,0.0,3000.0,50.0,3000.0,3000.0,55.0,0.0,9.0,3000.0,236.0
1963-09-23,779.48,19.0,276.0,Top of Dam,50.0,276.0,0.0,3000.0,50.0,3000.0,3000.0,55.0,0.0,19.0,3000.0,276.0
1963-09-24,778.97,19.0,275.0,Top of Dam,50.0,275.0,0.0,3000.0,50.0,3000.0,3000.0,55.0,0.0,19.0,3000.0,275.0
1963-09-25,778.45,14.0,250.0,Top of Dam,50.0,250.0,0.0,3000.0,50.0,3000.0,3000.0,55.0,0.0,14.0,3000.0,250.0
1963-09-26,777.92,9.0,245.0,Top of Dam,50.0,245.0,0.0,3000.0,50.0,3000.0,3000.0,55.0,0.0,9.0,3000.0,245.0
1963-09-27,777.39,31.0,245.0,Top of Dam,50.0,245.0,0.0,3000.0,50.0,3000.0,3000.0,55.0,0.0,31.0,3000.0,245.0
1963-09-28,776.85,19.0,244.0,Top of Dam,50.0,244.0,0.0,3000.0,50.0,3000.0,3000.0,55.0,0.0,19.0,3000.0,244.0
1963-09-29,776.3,9.0,259.0,Top of Dam,50.0,259.0,0.0,3000.0,50.0,3000.0,3000.0,55.0,0.0,9.0,3000.0,259.0
1963-09-30,775.74,24.0,265.0,Top of Dam,50.0,265.0,0.0,3000.0,50.0,3000.0,3000.0,55.0,0.0,24.0,3000.0,265.0
1963-10-01,775.18,23.0,249.0,Top of Dam,50.0,249.0,0.0,3000.0,50.0,3000.0,3000.0,50.0,0.0,23.0,3000.0,249.0
1963-10-02,774.61,9.0,239.0,Top of Dam,50.0,239.0,0.0,3000.0,50.0,3000.0,3000.0,50.0,0.0,9.0,3000.0,239.0
1963-10-03,774.03,34.0,268.0,Top of Dam,50.0,268.0,0.0,3000.0,50.0,3000.0,3000.0,50.0,0.0,34.0,3000.0,268.0
1963-10-04,773.43,9.0,251.0,Top of Dam,50.0,251.0,0.0,3000.0,50.0,3000.0,3000.0,50.0,0.0,9.0,3000.0,251.0
1963-10-05,772.83,29.0,271.0,Top of Dam,50.0,271.0,0.0,3000.0,50.0,3000.0,3000.0,50.0,0.0,29.0,3000.0,271.0
1963-10-06,772.22,19.0,265.0,Top of Dam,50.0,265.0,0.0,3000.0,50.0,2981.0,3000.0,50.0,0.0,19.0,3000.0,265.0
1963-10-07,771.59,19.0,252.0,Top of Dam,50.0,252.0,0.0,3000.0,50.0,2958.0,3000.0,50.0,0.0,19.0,3000.0,252.0
1963-10-08,770.95,24.0,250.0,Top of Dam,50.0,250.0,0.0,3000.0,50.0,2936.0,3000.0,50.0,0.0,24.0,3000.0,250.0
1963-10-09,770.3,19.0,248.0,Top of Dam,50.0,248.0,0.0,3000.0,50.0,2914.0,3000.0,50.0,0.0,19.0,3000.0,248.0
1963-10-10,769.63,24.0,260.0,Top of Dam,50.0,260.0,0.0,3000.0,50.0,2891.0,3000.0,50.0,0.0,24.0,3000.0,260.0
1963-10-11,768.96,24.0,260.0,Top of Dam,50.0,260.0,0.0,3000.0,50.0,2867.0,3000.0,50.0,0.0,24.0,3000.0,260.0
1963-10-12,768.26,34.0,281.0,Top of Dam,50.0,281.0,0.0,3000.0,50.0,2843.0,3000.0,50.0,0.0,34.0,3000.0,281.0
1963-10-13,767.55,14.0,265.0,Top of Dam,50.0,265.0,0.0,3000.0,50.0,2814.0,3000.0,50.0,0.0,14.0,3000.0,265.0
1963-10-14,766.83,14.0,260.0,Top of Dam,50.0,260.0,0.0,3000.0,50.0,2786.0,3000.0,50.0,0.0,14.0,3000.0,260.0
1963-10-15,766.09,24.0,248.0,Top of Dam,50.0,248.0,0.0,3000.0,50.0,2757.0,3000.0,50.0,0.0,24.0,3000.0,248.0
1963-10-16,765.34,10.0,246.0,Top of Dam,50.0,246.0,0.0,3000.0,50.0,2729.0,3000.0,50.0,0.0,10.0,3000.0,246.0
1963-10-17,764.57,14.0,252.0,Top of Dam,50.0,252.0,0.0,3000.0,50.0,2699.0,3000.0,50.0,0.0,14.0,3000.0,252.0
1963-10-18,763.78,10.0,247.0,Top of Dam,50.0,247.0,0.0,2957.0,50.0,2667.0,3000.0,50.0,0.0,10.0,3000.0,247.0
1963-10-19,762.97,8.0,245.0,Top of Dam,50.0,245.0,0.0,2878.0,50.0,2634.0,3000.0,50.0,0.0,8.0,3000.0,245.0
1963-10-20,762.14,13.0,249.0,Top of Dam,50.0,249.0,0.0,2797.0,50.0,2599.0,3000.0,50.0,0.0,13.0,3000.0,249.0
1963-10-21,761.28,29.0,267.0,Top of Dam,50.0,267.0,0.0,2714.0,50.0,2563.0,3000.0,50.0,0.0,29.0,3000.0,267.0
1963-10-22,760.4,99.0,336.0,Top of Dam,99.0,336.0,0.0,2628.0,50.0,2530.0,3000.0,50.0,0.0,99.0,3000.0,336.0
1963-10-23,759.49,131.0,368.0,Top of Dam,131.0,368.0,0.0,2540.0,50.0,2492.0,3000.0,50.0,0.0,131.0,3000.0,368.0
1963-10-24,758.54,62.0,299.0,Top of Dam,62.0,299.0,0.0,2398.0,50.0,2398.0,3000.0,50.0,0.0,62.0,3000.0,299.0
1963-10-25,757.55,140.0,375.0,Top of Dam,140.0,375.0,0.0,2208.0,50.0,2208.0,3000.0,50.0,0.0,140.0,3000.0,375.0
1963-10-26,756.49,78.0,316.0,Top of Dam,78.0,316.0,0.0,2010.0,50.0,2010.0,3000.0,50.0,0.0,78.0,3000.0,316.0
1963-10-27,755.37,50.0,287.0,Top of Dam,50.0,287.0,0.0,1798.0,50.0,1798.0,3000.0,50.0,0.0,50.0,3000.0,287.0
1963-10-28,754.18,63.0,299.0,Top of Dam,63.0,299.0,0.0,1574.0,50.0,1574.0,3000.0,50.0,0.0,63.0,3000.0,299.0
1963-10-29,752.9,56.0,293.0,Top of Dam,56.0,293.0,0.0,1336.0,50.0,1336.0,3000.0,50.0,0.0,56.0,3000.0,293.0
1963-10-30,751.91,57.0,227.0,Top of Dam,57.0,227.0,0.0,1080.0,50.0,1080.0,3000.0,50.0,0.0,57.0,3000.0,227.0
1963-10-31,751.17,64.0,186.0,Top of Dam,86.0,186.0,0.0,883.0,50.0,883.0,3000.0,50.0,0.0,86.0,3000.0,186.0
1963-11-01,750.61,63.0,149.0,Top of Dam,123.0,149.0,0.0,734.0,50.0,734.0,3000.0,50.0,0.0,123.0,3000.0,149.0
1963-11-02,750.14,102.0,175.0,Top of Dam,134.0,175.0,0.0,623.0,50.0,623.0,3000.0,50.0,0.0,134.0,3000.0,175.0
1963-11-03,750.0,77.0,99.0,Top of Dam,84.0,99.0,0.0,528.0,50.0,528.0,3000.0,50.0,0.0,84.0,3000.0,99.0
1963-11-04,750.0,226.0,226.0,Rule Curve,226.0,500.0,0.0,500.0,50.0,500.0,3000.0,50.0,0.0,226.0,3000.0,226.0
1963-11-05,750.0,206.0,206.0,Rule Curve,206.0,500.0,0.0,500.0,50.0,500.0,3000.0,50.0,0.0,206.0,3000.0,206.0
1963-11-06,750.0,286.0,286.0,Rule Curve,286.0,500.0,0.0,500.0,50.0,500.0,3000.0,50.0,0.0,286.0,3000.0,286.0
1963-11-07,750.0,371.0,371.0,Rule Curve,371.0,500.0,0.0,500.0,50.0,500.0,3000.0,50.0,0.0,371.0,3000.0,371.0
1963-11-08,758.88,2240.0,500.0,Rule Curve,500.0,500.0,0.0,500.0,50.0,500.0,1823.0,50.0,0.0,2240.0,2214.0,1362.0
1963-11-09,758.28,1179.0,1326.0,Top of Dam,1326.0,1326.0,0.0,2277.0,50.0,2277.0,2950.0,50.0,0.0,1759.0,2967.0,1326.0
1963-11-10,756.74,642.0,998.0,Top of Dam,998.0,998.0,0.0,2156.0,50.0,2156.0,3000.0,50.0,0.0,1173.0,3000.0,998.0
1963-11-11,755.09,391.0,738.0,Top of Dam,738.0,738.0,0.0,1847.0,50.0,1847.0,3000.0,50.0,0.0,803.0,3000.0,738.0
1963-11-12,752.97,344.0,749.0,Top of Dam,641.0,749.0,0.0,1519.0,50.0,1723.0,3000.0,50.0,0.0,641.0,3000.0,749.0
1963-11-13,750.0,217.0,702.0,Top of Dam,379.0,702.0,0.0,1094.0,50.0,1573.0,3000.0,50.0,0.0,379.0,3000.0,702.0
1963-11-14,751.71,770.0,500.0,Rule Curve,500.0,500.0,0.0,500.0,50.0,1287.0,3000.0,50.0,0.0,770.0,3000.0,677.0
1963-11-15,752.11,728.0,662.0,Top of Dam,662.0,662.0,0.0,842.0,50.0,1561.0,3000.0,50.0,0.0,818.0,3000.0,662.0
1963-11-16,751.42,507.0,621.0,Top of Dam,619.0,621.0,0.0,921.0,50.0,1447.0,3000.0,50.0,0.0,619.0,3000.0,621.0
1963-11-17,750.61,456.0,584.0,Top of Dam,530.0,584.0,0.0,783.0,50.0,1244.0,3000.0,50.0,0.0,530.0,3000.0,584.0
1963-11-18,750.4,539.0,571.0,Top of Dam,570.0,571.0,0.0,621.0,50.0,1196.0,3000.0,50.0,0.0,570.0,3000.0,571.0
1963-11-19,750.34,512.0,520.0,Top of Dam,520.0,520.0,0.0,579.0,50.0,1238.0,3000.0,50.0,0.0,532.0,3000.0,520.0
1963-11-20,750.89,544.0,459.0,Top of Dam,459.0,459.0,0.0,568.0,50.0,1196.0,3000.0,50.0,0.0,562.0,3000.0,459.0
1963-11-21,750.82,419.0,430.0,Top of Dam,430.0,430.0,0.0,679.0,50.0,1244.0,3000.0,50.0,0.0,465.0,3000.0,430.0
1963-11-22,750.42,337.0,399.0,Top of Dam,379.0,399.0,0.0,664.0,50.0,1093.0,3000.0,50.0,0.0,379.0,3000.0,399.0
1963-11-23,750.5,372.0,360.0,Top of Dam,360.0,360.0,0.0,584.0,50.0,905.0,3000.0,50.0,0.0,393.0,3000.0,360.0
1963-11-24,750.56,336.0,327.0,Top of Dam,327.0,327.0,0.0,599.0,50.0,815.0,3000.0,50.0,0.0,361.0,3000.0,327.0
1963-11-25,750.45,282.0,298.0,Top of Dam,298.0,298.0,0.0,612.0,50.0,757.0,3000.0,50.0,0.0,311.0,3000.0,298.0
1963-11-26,750.39,260.0,270.0,Top of Dam,270.0,270.0,0.0,590.0,50.0,689.0,3000.0,50.0,0.0,283.0,3000.0,270.0
1963-11-27,750.37,242.0,245.0,Top of Dam,245.0,245.0,0.0,578.0,50.0,644.0,3000.0,50.0,0.0,262.0,3000.0,245.0
1963-11-28,750.32,212.0,219.0,Top of Dam,219.0,219.0,0.0,575.0,50.0,619.0,3000.0,50.0,0.0,231.0,3000.0,219.0
1963-11-29,750.31,195.0,196.0,Top of Dam,196.0,196.0,0.0,565.0,50.0,594.0,3000.0,50.0,0.0,211.0,3000.0,196.0
1963-11-30,750.26,169.0,178.0,Top of Dam,178.0,178.0,0.0,563.0,50.0,582.0,3000.0,50.0,0.0,185.0,3000.0,178.0
1963-12-01,750.2,150.0,159.0,Top of Dam,159.0,159.0,0.0,552.0,50.0,565.0,3000.0,50.0,0.0,163.0,3000.0,159.0
1963-12-02,750.14,140.0,149.0,Top of Dam,149.0,149.0,0.0,540.0,50.0,549.0,3000.0,50.0,0.0,150.0,3000.0,149.0
1963-12-03,750.0,122.0,144.0,Top of Dam,129.0,144.0,0.0,529.0,50.0,534.0,3000.0,50.0,0.0,129.0,3000.0,144.0
1963-12-04,750.0,128.0,128.0,Rule Curve,128.0,500.0,0.0,500.0,50.0,500.0,3000.0,50.0,0.0,128.0,3000.0,128.0
1963-12-05,750.0,150.0,150.0,Rule Curve,150.0,500.0,0.0,500.0,50.0,500.0,3000.0,50.0,0.0,150.0,3000.0,150.0
1963-12-06,750.0,350.0,350.0,Rule Curve,350.0,500.0,0.0,500.0,50.0,500.0,3000.0,50.0,0.0,350.0,3000.0,343.0
1963-12-07,750.0,259.0,259.0,Rule Curve,259.0,500.0,0.0,500.0,50.0,500.0,3000.0,50.0,0.0,259.0,3000.0,259.0
1963-12-08,750.0,395.0,395.0,Rule Curve,395.0,500.0,0.0,500.0,50.0,500.0,3000.0,50.0,0.0,395.0,3000.0,395.0
1963-12-09,750.0,458.0,458.0,Rule Curve,458.0,500.0,0.0,500.0,50.0,500.0,3000.0,50.0,0.0,458.0,3000.0,370.0
1963-12-10,750.0,355.0,355.0,Rule Curve,355.0,500.0,0.0,500.0,50.0,500.0,3000.0,50.0,0.0,355.0,3000.0,295.0
1963-12-11,750.0,270.0,270.0,Rule Curve,270.0,500.0,0.0,500.0,50.0,500.0,3000.0,50.0,0.0,270.0,3000.0,245.0
1963-12-12,750.0,235.0,235.0,Rule Curve,235.0,500.0,0.0,500.0,50.0,500.0,3000.0,50.0,0.0,235.0,3000.0,215.0
1963-12-13,750.0,205.0,205.0,Rule Curve,205.0,500.0,0.0,500.0,50.0,500.0,3000.0,50.0,0.0,205.0,3000.0,192.0
1963-12-14,750.0,180.0,180.0,Rule Curve,180.0,500.0,0.0,500.0,50.0,500.0,3000.0,50.0,0.0,180.0,3000.0,173.0
1963-12-15,750.0,165.0,165.0,Rule Curve,165.0,500.0,0.0,500.0,50.0,500.0,3000.0,50.0,0.0,165.0,3000.0,157.0
1963-12-16,750.0,148.0,148.0,Rule Curve,148.0,500.0,0.0,500.0,50.0,500.0,3000.0,50.0,0.0,148.0,3000.0,147.0
1963-12-17,750.0,134.0,134.0,Rule Curve,134.0,500.0,0.0,500.0,50.0,500.0,3000.0,50.0,0.0,134.0,3000.0,134.0
1963-12-18,750.0,134.0,134.0,Rule Curve,134.0,500.0,0.0,500.0,50.0,500.0,3000.0,50.0,0.0,134.0,3000.0,134.0
1963-12-19,750.0,134.0,134.0,Rule Curve,134.0,500.0,0.0,500.0,50.0,500.0,3000.0,50.0,0.0,134.0,3000.0,134.0
1963-12-20,750.0,195.0,195.0,Rule Curve,195.0,500.0,0.0,500.0,50.0,500.0,3000.0,50.0,0.0,195.0,3000.0,195.0
1963-12-21,750.0,232.0,232.0,Rule Curve,232.0,500.0,0.0,500.0,50.0,500.0,3000.0,50.0,0.0,232.0,3000.0,223.0
1963-12-22,750.0,214.0,214.0,Rule Curve,214.0,500.0,0.0,500.0,50.0,500.0,3000.0,50.0,0.0,214.0,3000.0,204.0
1963-12-23,750.0,197.0,197.0,Rule Curve,197.0,500.0,0.0,500.0,50.0,500.0,3000.0,50.0,0.0,197.0,3000.0,194.0
1963-12-24,750.0,175.0,175.0,Rule Curve,175.0,500.0,0.0,500.0,50.0,500.0,3000.0,50.0,0.0,175.0,3000.0,175.0
1963-12-25,750.0,185.0,185.0,Rule Curve,185.0,500.0,0.0,500.0,50.0,500.0,3000.0,50.0,0.0,185.0,3000.0,185.0
1963-12-26,750.0,241.0,241.0,Rule Curve,241.0,500.0,0.0,500.0,50.0,500.0,3000.0,50.0,0.0,241.0,3000.0,241.0
1963-12-27,750.0,274.0,274.0,Rule Curve,274.0,500.0,0.0,500.0,50.0,500.0,3000.0,50.0,0.0,274.0,3000.0,274.0
1963-12-28,750.47,573.0,500.0,Rule Curve,500.0,500.0,0.0,500.0,50.0,500.0,3000.0,50.0,0.0,573.0,3000.0,528.0
1963-12-29,751.18,566.0,456.0,Top of Dam,456.0,456.0,0.0,595.0,50.0,595.0,3000.0,50.0,0.0,590.0,3000.0,456.0
1963-12-30,751.14,420.0,427.0,Top of Dam,427.0,427.0,0.0,736.0,50.0,736.0,3000.0,50.0,0.0,481.0,3000.0,427.0
1963-12-31,750.0,283.0,459.0,Top of Dam,342.0,459.0,0.0,728.0,50.0,728.0,3000.0,50.0,0.0,342.0,3000.0,459.0
1964-01-01,750.0,369.0,369.0,Rule Curve,369.0,500.0,0.0,500.0,50.0,500.0,3000.0,50.0,0.0,369.0,3000.0,369.0
1964-01-02,750.33,551.0,500.0,Rule Curve,500.0,500.0,0.0,500.0,50.0,500.0,3000.0,50.0,0.0,551.0,3000.0,455.0
1964-01-03,750.42,409.0,396.0,Top of Dam,396.0,396.0,0.0,567.0,50.0,567.0,3000.0,50.0,0.0,426.0,3000.0,396.0
1964-01-04,750.0,379.0,444.0,Top of Dam,401.0,444.0,0.0,584.0,50.0,584.0,3000.0,50.0,0.0,401.0,3000.0,444.0
1964-01-05,750.0,322.0,322.0,Rule Curve,322.0,500.0,0.0,500.0,50.0,500.0,3000.0,50.0,0.0,322.0,3000.0,322.0
1964-01-06,757.03,1802.0,500.0,Rule Curve,500.0,500.0,0.0,500.0,50.0,500.0,1800.0,50.0,0.0,1802.0,2199.0,1470.0
1964-01-07,757.52,1702.0,1588.0,Top of Dam,1588.0,1588.0,0.0,1906.0,50.0,1906.0,2698.0,50.0,0.0,2135.0,2799.0,1588.0
1964-01-08,755.56,882.0,1311.0,Top of Dam,1311.0,1311.0,0.0,2004.0,50.0,2004.0,3000.0,50.0,0.0,1353.0,3000.0,1311.0
1964-01-09,754.49,855.0,1071.0,Top of Dam,1071.0,1071.0,0.0,1612.0,50.0,1612.0,3000.0,50.0,0.0,1184.0,3000.0,1071.0
1964-01-10,753.81,755.0,886.0,Top of Dam,886.0,886.0,0.0,1398.0,50.0,1637.0,3000.0,50.0,0.0,1012.0,3000.0,886.0
1964-01-11,752.92,591.0,754.0,Top of Dam,754.0,754.0,0.0,1261.0,50.0,1534.0,3000.0,50.0,0.0,804.0,3000.0,754.0
1964-01-12,752.08,517.0,661.0,Top of Dam,661.0,661.0,0.0,1083.0,50.0,1392.0,3000.0,50.0,0.0,675.0,3000.0,661.0
1964-01-13,751.56,490.0,577.0,Top of Dam,577.0,577.0,0.0,916.0,50.0,1357.0,3000.0,50.0,0.0,601.0,3000.0,577.0
1964-01-14,750.63,476.0,624.0,Top of Dam,557.0,624.0,0.0,811.0,50.0,1341.0,3000.0,50.0,0.0,557.0,3000.0,624.0
1964-01-15,750.0,409.0,506.0,Top of Dam,441.0,506.0,0.0,625.0,50.0,1316.0,3000.0,50.0,0.0,441.0,3000.0,506.0
1964-01-16,751.39,717.0,500.0,Rule Curve,500.0,500.0,0.0,500.0,50.0,1219.0,2921.0,50.0,0.0,717.0,2947.0,717.0
1964-01-17,757.03,1862.0,777.0,Top of Dam,777.0,777.0,0.0,777.0,50.0,1445.0,1849.0,50.0,0.0,1934.0,2232.0,2079.0
1964-01-18,756.35,1758.0,1906.0,Top of Dam,1906.0,1906.0,0.0,1906.0,50.0,2405.0,2339.0,50.0,0.0,2192.0,2559.0,3060.0
1964-01-19,773.2,5450.0,293.0,Top of Dam,293.0,293.0,0.0,1771.0,50.0,293.0,92.0,50.0,0.0,5835.0,1059.0,4235.0
1964-01-20,779.71,4326.0,1524.0,Top of Dam,1524.0,1524.0,0.0,3000.0,50.0,1524.0,1662.0,50.0,0.0,6430.0,2107.0,4550.0
1964-01-21,776.93,1749.0,3000.0,Top of Dam,3000.0,3000.0,0.0,3000.0,50.0,3000.0,3000.0,50.0,0.0,4787.0,3000.0,4344.0
1964-01-22,772.82,1239.0,2942.0,Top of Dam,2942.0,2942.0,0.0,3000.0,50.0,2942.0,2913.0,50.0,0.0,3860.0,2942.0,3719.0
1964-01-23,767.01,907.0,3000.0,Top of Dam,2960.0,3000.0,0.0,3000.0,50.0,3000.0,3000.0,50.0,0.0,2960.0,3000.0,3186.0
1964-01-24,762.15,1122.0,2579.0,Top of Dam,2478.0,2579.0,0.0,3000.0,50.0,2709.0,2565.0,50.0,0.0,2478.0,2709.0,2579.0
1964-01-25,759.57,1344.0,2041.0,Top of Dam,2041.0,2041.0,0.0,2715.0,50.0,2488.0,2232.0,50.0,0.0,2214.0,2488.0,2041.0
1964-01-26,757.86,1178.0,1599.0,Top of Dam,1599.0,1599.0,0.0,2413.0,50.0,2558.0,2659.0,50.0,0.0,1816.0,2772.0,1599.0
1964-01-27,756.09,966.0,1362.0,Top of Dam,1362.0,1362.0,0.0,2071.0,50.0,2463.0,2906.0,50.0,0.0,1464.0,2937.0,1362.0
1964-01-28,753.68,715.0,1196.0,Top of Dam,1080.0,1196.0,0.0,1719.0,50.0,2349.0,3000.0,50.0,0.0,1080.0,3000.0,1196.0
1964-01-29,752.98,887.0,1015.0,Top of Dam,1015.0,1015.0,0.0,1235.0,50.0,2253.0,2912.0,50.0,0.0,1092.0,2942.0,1015.0
1964-01-30,752.57,865.0,935.0,Top of Dam,935.0,935.0,0.0,1096.0,50.0,2214.0,3000.0,50.0,0.0,1027.0,3000.0,935.0
1964-01-31,752.5,788.0,801.0,Top of Dam,801.0,801.0,0.0,1015.0,50.0,2180.0,2825.0,50.0,0.0,927.0,2883.0,801.0
1964-02-01,753.83,910.0,670.0,Top of Dam,670.0,670.0,0.0,1000.0,50.0,2197.0,2948.0,75.0,0.0,1045.0,2966.0,670.0
1964-02-02,754.41,669.0,557.0,Top of Dam,557.0,557.0,0.0,1266.0,50.0,2225.0,3000.0,75.0,0.0,838.0,3000.0,557.0
1964-02-03,754.81,543.0,464.0,Top of Dam,464.0,464.0,0.0,1382.0,50.0,2236.0,3000.0,75.0,0.0,704.0,3000.0,464.0
1964-02-04,755.21,466.0,387.0,Top of Dam,387.0,387.0,0.0,1463.0,50.0,2159.0,3000.0,75.0,0.0,608.0,3000.0,387.0
1964-02-05,755.61,413.0,331.0,Top of Dam,331.0,331.0,0.0,1542.0,50.0,2010.0,3000.0,75.0,0.0,536.0,3000.0,331.0
1964-02-06,756.08,366.0,269.0,Top of Dam,269.0,269.0,0.0,1621.0,50.0,1934.0,3000.0,75.0,0.0,471.0,3000.0,269.0
1964-02-07,756.67,354.0,224.0,Top of Dam,224.0,224.0,0.0,1715.0,50.0,1921.0,3000.0,75.0,0.0,446.0,3000.0,224.0
1964-02-08,757.03,279.0,200.0,Top of Dam,200.0,200.0,0.0,1834.0,50.0,1968.0,3000.0,75.0,0.0,369.0,3000.0,200.0
1964-02-09,757.42,272.0,182.0,Top of Dam,182.0,182.0,0.0,1906.0,50.0,1994.0,3000.0,75.0,0.0,343.0,3000.0,182.0
1964-02-10,757.96,284.0,161.0,Top of Dam,161.0,161.0,0.0,1984.0,50.0,2043.0,3000.0,75.0,0.0,338.0,3000.0,161.0
1964-02-11,758.53,284.0,145.0,Top of Dam,145.0,145.0,0.0,2091.0,50.0,2128.0,3000.0,75.0,0.0,335.0,3000.0,145.0
1964-02-12,758.98,253.0,143.0,Top of Dam,143.0,143.0,0.0,2206.0,50.0,2230.0,3000.0,75.0,0.0,305.0,3000.0,143.0
1964-02-13,759.25,248.0,179.0,Top of Dam,179.0,179.0,0.0,2297.0,50.0,2312.0,3000.0,75.0,0.0,291.0,3000.0,179.0
1964-02-14,759.17,273.0,294.0,Rule Curve,294.0,2351.0,0.0,2351.0,50.0,2361.0,3000.0,75.0,0.0,294.0,3000.0,214.0
1964-02-15,760.0,386.0,175.0,Rule Curve,75.0,355.0,0.0,2334.0,50.0,2341.0,3000.0,75.0,0.0,355.0,3000.0,175.0
1964-02-16,760.02,421.0,415.0,Rule Curve,415.0,2500.0,0.0,2500.0,50.0,2500.0,3000.0,75.0,0.0,415.0,3000.0,208.0
1964-02-17,761.02,368.0,102.0,Rule Curve,75.0,317.0,0.0,2502.0,50.0,2499.0,3000.0,75.0,0.0,317.0,3000.0,102.0
1964-02-18,761.04,351.0,345.0,Rule Curve,345.0,2543.0,0.0,2602.0,50.0,2543.0,3000.0,75.0,0.0,345.0,3000.0,157.0
1964-02-19,761.98,333.0,75.0,Rule Curve,75.0,283.0,0.0,2604.0,50.0,2543.0,3000.0,75.0,0.0,283.0,3000.0,70.0
1964-02-20,762.01,302.0,293.0,Rule Curve,293.0,2582.0,0.0,2698.0,50.0,2582.0,3000.0,75.0,0.0,293.0,3000.0,111.0
1964-02-21,762.69,267.0,75.0,Rule Curve,75.0,216.0,0.0,2701.0,50.0,2580.0,3000.0,75.0,0.0,216.0,3000.0,2.0
1964-02-22,763.41,282.0,75.0,Rule Curve,75.0,248.0,0.0,2769.0,50.0,2610.0,3000.0,75.0,0.0,248.0,3000.0,54.0
1964-02-23,763.44,240.0,231.0,Rule Curve,231.0,2637.0,0.0,2841.0,50.0,2637.0,3000.0,75.0,0.0,231.0,3000.0,53.0
1964-02-24,763.95,225.0,75.0,Rule Curve,75.0,173.0,0.0,2844.0,50.0,2637.0,3000.0,75.0,0.0,173.0,3000.0,0.0
1964-02-25,764.4,210.0,75.0,Rule Curve,75.0,162.0,0.0,2895.0,50.0,2657.0,3000.0,75.0,0.0,162.0,3000.0,0.0
1964-02-26,764.81,200.0,75.0,Rule Curve,75.0,152.0,0.0,2940.0,50.0,2674.0,3000.0,75.0,0.0,152.0,3000.0,0.0
1964-02-27,765.14,179.0,75.0,Rule Curve,75.0,127.0,0.0,2981.0,50.0,2689.0,3000.0,75.0,0.0,127.0,3000.0,0.0
1964-02-28,765.58,212.0,75.0,Rule Curve,75.0,148.0,0.0,3000.0,50.0,2705.0,3000.0,75.0,0.0,148.0,3000.0,0.0
1964-02-29,765.85,162.0,75.0,Rule Curve,75.0,144.0,0.0,3000.0,50.0,2719.0,3000.0,75.0,0.0,144.0,3000.0,0.0
1964-03-01,766.63,313.0,75.0,Rule Curve,75.0,279.0,0.0,3000.0,50.0,2740.0,3000.0,75.0,0.0,279.0,3000.0,0.0
1964-03-02,766.62,293.0,297.0,Rule Curve,297.0,2768.0,0.0,3000.0,50.0,2768.0,3000.0,75.0,0.0,297.0,3000.0,69.0
1964-03-03,767.47,354.0,75.0,Rule Curve,75.0,313.0,0.0,3000.0,50.0,2771.0,3000.0,75.0,0.0,313.0,3000.0,0.0
1964-03-04,767.46,596.0,600.0,Rule Curve,600.0,2818.0,0.0,3000.0,50.0,2818.0,3000.0,75.0,0.0,600.0,3000.0,363.0
1964-03-05,768.53,953.0,575.0,Rule Curve,75.0,907.0,0.0,3000.0,50.0,2839.0,3000.0,75.0,0.0,907.0,3000.0,501.0
1964-03-06,768.44,739.0,772.0,Rule Curve,772.0,2867.0,0.0,3000.0,50.0,2867.0,3000.0,75.0,0.0,772.0,3000.0,440.0
1964-03-07,769.31,578.0,270.0,Rule Curve,75.0,553.0,0.0,3000.0,50.0,2855.0,3000.0,75.0,0.0,553.0,3000.0,270.0
1964-03-08,769.22,524.0,555.0,Rule Curve,555.0,2884.0,0.0,3000.0,50.0,2884.0,3000.0,75.0,0.0,555.0,3000.0,386.0
1964-03-09,770.08,611.0,309.0,Rule Curve,75.0,586.0,0.0,3000.0,50.0,2885.0,3000.0,75.0,0.0,586.0,3000.0,309.0
1964-03-10,770.0,606.0,636.0,Rule Curve,636.0,2915.0,0.0,3000.0,50.0,2915.0,3000.0,75.0,0.0,636.0,3000.0,476.0
1964-03-11,770.83,907.0,613.0,Rule Curve,75.0,882.0,0.0,3000.0,50.0,2928.0,3000.0,75.0,0.0,882.0,3000.0,613.0
1964-03-12,770.75,1009.0,1037.0,Rule Curve,1037.0,2962.0,0.0,3000.0,50.0,2962.0,3000.0,75.0,0.0,1037.0,3000.0,682.0
1964-03-13,771.55,740.0,458.0,Rule Curve,75.0,714.0,0.0,3000.0,50.0,2945.0,3000.0,75.0,0.0,714.0,3000.0,458.0
1964-03-14,771.48,794.0,820.0,Rule Curve,820.0,2974.0,0.0,3000.0,50.0,2974.0,3000.0,75.0,0.0,820.0,3000.0,663.0
1964-03-15,772.27,927.0,633.0,Rule Curve,75.0,901.0,0.0,3000.0,50.0,2978.0,3000.0,75.0,0.0,901.0,3000.0,579.0
1964-03-16,772.2,792.0,820.0,Rule Curve,820.0,2998.0,0.0,3000.0,50.0,2998.0,3000.0,75.0,0.0,820.0,3000.0,518.0
1964-03-17,772.97,704.0,394.0,Rule Curve,75.0,675.0,0.0,3000.0,50.0,2992.0,3000.0,75.0,0.0,675.0,3000.0,356.0
1964-03-18,772.9,588.0,615.0,Rule Curve,615.0,3000.0,0.0,3000.0,50.0,3000.0,3000.0,75.0,0.0,615.0,3000.0,328.0
1964-03-19,773.65,472.0,171.0,Rule Curve,75.0,443.0,0.0,3000.0,50.0,3000.0,3000.0,75.0,0.0,443.0,3000.0,171.0
1964-03-20,773.59,442.0,468.0,Rule Curve,468.0,3000.0,0.0,3000.0,50.0,3000.0,3000.0,75.0,0.0,468.0,3000.0,246.0
1964-03-21,774.32,409.0,113.0,Rule Curve,75.0,379.0,0.0,3000.0,50.0,3000.0,3000.0,75.0,0.0,379.0,3000.0,113.0
1964-03-22,774.26,399.0,423.0,Rule Curve,423.0,3000.0,0.0,3000.0,50.0,3000.0,3000.0,75.0,0.0,423.0,3000.0,208.0
1964-03-23,774.98,393.0,103.0,Rule Curve,75.0,363.0,0.0,3000.0,50.0,3000.0,3000.0,75.0,0.0,363.0,3000.0,103.0
1964-03-24,774.92,332.0,355.0,Rule Curve,355.0,3000.0,0.0,3000.0,50.0,3000.0,3000.0,75.0,0.0,355.0,3000.0,134.0
1964-03-25,775.47,294.0,75.0,Rule Curve,75.0,265.0,0.0,3000.0,50.0,3000.0,3000.0,75.0,0.0,265.0,3000.0,13.0
1964-03-26,775.46,279.0,280.0,Rule Curve,280.0,3000.0,0.0,3000.0,50.0,3000.0,3000.0,75.0,0.0,280.0,3000.0,68.0
1964-03-27,775.91,254.0,75.0,Rule Curve,75.0,210.0,0.0,3000.0,50.0,3000.0,3000.0,75.0,0.0,210.0,3000.0,0.0
1964-03-28,776.32,259.0,75.0,Rule Curve,75.0,230.0,0.0,3000.0,50.0,3000.0,3000.0,75.0,0.0,230.0,3000.0,0.0
1964-03-29,776.36,254.0,239.0,Rule Curve,239.0,3000.0,0.0,3000.0,50.0,3000.0,3000.0,75.0,0.0,239.0,3000.0,1.0
1964-03-30,776.83,289.0,75.0,Rule Curve,75.0,231.0,0.0,3000.0,50.0,3000.0,3000.0,75.0,0.0,231.0,3000.0,0.0
1964-03-31,777.36,296.0,75.0,Rule Curve,75.0,264.0,0.0,3000.0,50.0,3000.0,3000.0,75.0,0.0,264.0,3000.0,17.0
1964-04-01,777.36,334.0,333.0,Rule Curve,333.0,3000.0,0.0,3000.0,50.0,3000.0,3000.0,75.0,0.0,333.0,3000.0,125.0
1964-04-02,777.93,308.0,75.0,Rule Curve,75.0,266.0,0.0,3000.0,50.0,3000.0,3000.0,75.0,0.0,266.0,3000.0,3.0
1964-04-03,777.95,286.0,280.0,Rule Curve,280.0,3000.0,0.0,3000.0,50.0,3000.0,3000.0,75.0,0.0,280.0,3000.0,66.0
1964-04-04,778.35,252.0,75.0,Rule Curve,75.0,203.0,0.0,3000.0,50.0,3000.0,3000.0,75.0,0.0,203.0,3000.0,0.0
1964-04-05,778.75,260.0,75.0,Rule Curve,75.0,225.0,0.0,3000.0,50.0,3000.0,3000.0,75.0,0.0,225.0,3000.0,0.0
1964-04-06,779.11,240.0,75.0,Rule Curve,75.0,221.0,0.0,3000.0,50.0,3000.0,3000.0,75.0,0.0,221.0,3000.0,0.0
1964-04-07,779.13,240.0,229.0,Rule Curve,229.0,3000.0,0.0,3000.0,50.0,3000.0,3000.0,75.0,0.0,229.0,3000.0,1.0
1964-04-08,779.41,219.0,75.0,Rule Curve,75.0,161.0,0.0,3000.0,50.0,3000.0,3000.0,75.0,0.0,161.0,3000.0,0.0
1964-04-09,779.85,295.0,75.0,Rule Curve,75.0,237.0,0.0,3000.0,50.0,3000.0,3000.0,75.0,0.0,237.0,3000.0,0.0
1964-04-10,780.36,315.0,75.0,Rule Curve,75.0,282.0,0.0,3000.0,50.0,3000.0,3000.0,75.0,0.0,282.0,3000.0,39.0
1964-04-11,780.35,309.0,312.0,Rule Curve,312.0,3000.0,0.0,3000.0,50.0,3000.0,3000.0,75.0,0.0,312.0,3000.0,99.0
1964-04-12,780.78,269.0,75.0,Rule Curve,75.0,227.0,0.0,3000.0,50.0,3000.0,3000.0,75.0,0.0,227.0,3000.0,0.0
1964-04-13,781.18,266.0,75.0,Rule Curve,75.0,247.0,0.0,3000.0,50.0,3000.0,3000.0,75.0,0.0,247.0,3000.0,26.0
1964-04-14,781.19,248.0,245.0,Rule Curve,245.0,3000.0,0.0,3000.0,50.0,3000.0,3000.0,75.0,0.0,245.0,3000.0,44.0
1964-04-15,781.53,246.0,75.0,Rule Curve,75.0,197.0,0.0,3000.0,50.0,3000.0,3000.0,75.0,0.0,197.0,3000.0,0.0
1964-04-16,781.78,201.0,75.0,Rule Curve,75.0,162.0,0.0,3000.0,50.0,3000.0,3000.0,75.0,0.0,162.0,3000.0,0.0
1964-04-17,782.02,196.0,75.0,Rule Curve,75.0,153.0,0.0,3000.0,50.0,3000.0,3000.0,75.0,0.0,153.0,3000.0,0.0
1964-04-18,782.24,176.0,75.0,Rule Curve,75.0,132.0,0.0,3000.0,50.0,3000.0,3000.0,75.0,0.0,132.0,3000.0,0.0
1964-04-19,782.44,166.0,75.0,Rule Curve,75.0,113.0,0.0,3000.0,50.0,3000.0,3000.0,75.0,0.0,113.0,3000.0,0.0
1964-04-20,782.6,146.0,75.0,Rule Curve,75.0,83.0,0.0,3000.0,50.0,3000.0,3000.0,75.0,0.0,83.0,3000.0,0.0
1964-04-21,782.77,151.0,75.0,Rule Curve,75.0,75.0,0.0,3000.0,50.0,3000.0,3000.0,75.0,0.0,64.0,3000.0,0.0
1964-04-22,783.0,181.0,75.0,Rule Curve,75.0,75.0,0.0,3000.0,50.0,3000.0,3000.0,75.0,0.0,70.0,3000.0,0.0
1964-04-23,783.15,156.0,75.0,Rule Curve,75.0,75.0,0.0,3000.0,50.0,3000.0,3000.0,75.0,0.0,30.0,3000.0,0.0
1964-04-24,783.27,146.0,75.0,Rule Curve,75.0,75.0,0.0,3000.0,50.0,3000.0,3000.0,75.0,0.0,0.0,3000.0,0.0
1964-04-25,783.38,136.0,75.0,Rule Curve,75.0,75.0,0.0,3000.0,50.0,3000.0,3000.0,75.0,0.0,0.0,3000.0,0.0
1964-04-26,783.48,130.0,75.0,Rule Curve,75.0,75.0,0.0,3000.0,50.0,3000.0,3000.0,75.0,0.0,0.0,3000.0,0.0
1964-04-27,783.57,125.0,75.0,Rule Curve,75.0,75.0,0.0,3000.0,50.0,3000.0,3000.0,75.0,0.0,0.0,3000.0,0.0
1964-04-28,783.67,130.0,75.0,Rule Curve,75.0,75.0,0.0,3000.0,50.0,3000.0,3000.0,75.0,0.0,0.0,3000.0,0.0
1964-04-29,783.78,136.0,75.0,Rule Curve,75.0,75.0,0.0,3000.0,50.0,3000.0,3000.0,75.0,0.0,0.0,3000.0,0.0
1964-04-30,783.96,171.0,75.0,Rule Curve,75.0,75.0,0.0,3000.0,50.0,3000.0,3000.0,75.0,0.0,0.0,3000.0,0.0
1964-05-01,784.15,176.0,75.0,Rule Curve,75.0,75.0,0.0,3000.0,50.0,3000.0,3000.0,75.0,0.0,0.0,3000.0,0.0
1964-05-02,784.36,181.0,75.0,Rule Curve,75.0,75.0,0.0,3000.0,50.0,3000.0,3000.0,75.0,0.0,0.0,3000.0,0.0
1964-05-03,784.63,211.0,75.0,Rule Curve,75.0,75.0,0.0,3000.0,50.0,3000.0,3000.0,75.0,0.0,0.0,3000.0,0.0
1964-05-04,784.78,151.0,75.0,Rule Curve,75.0,75.0,0.0,3000.0,50.0,3000.0,3000.0,75.0,0.0,0.0,3000.0,0.0
1964-05-05,784.99,181.0,75.0,Rule Curve,75.0,75.0,0.0,3000.0,50.0,3000.0,3000.0,75.0,0.0,0.0,3000.0,0.0
1964-05-06,785.22,191.0,75.0,Rule Curve,75.0,75.0,0.0,3000.0,50.0,3000.0,3000.0,75.0,0.0,0.0,3000.0,0.0
1964-05-07,785.48,206.0,75.0,Rule Curve,75.0,75.0,0.0,3000.0,50.0,3000.0,3000.0,75.0,0.0,0.0,3000.0,0.0
1964-05-08,785.73,201.0,75.0,Rule Curve,75.0,75.0,0.0,3000.0,50.0,3000.0,3000.0,75.0,0.0,0.0,3000.0,0.0
1964-05-09,785.92,172.0,75.0,Rule Curve,75.0,75.0,0.0,3000.0,50.0,3000.0,3000.0,75.0,0.0,0.0,3000.0,0.0
1964-05-10,786.12,177.0,75.0,Rule Curve,75.0,75.0,0.0,3000.0,50.0,3000.0,3000.0,75.0,0.0,0.0,3000.0,0.0
1964-05-11,786.25,152.0,75.0,Rule Curve,75.0,75.0,0.0,3000.0,50.0,3000.0,3000.0,75.0,0.0,0.0,3000.0,0.0
1964-05-12,786.32,111.0,75.0,Rule Curve,75.0,75.0,0.0,3000.0,50.0,3000.0,3000.0,75.0,0.0,0.0,3000.0,0.0
1964-05-13,786.58,217.0,75.0,Rule Curve,75.0,75.0,0.0,3000.0,50.0,3000.0,3000.0,75.0,0.0,0.0,3000.0,0.0
1964-05-14,786.7,142.0,75.0,Rule Curve,75.0,75.0,0.0,3000.0,50.0,3000.0,3000.0,75.0,0.0,0.0,3000.0,0.0
1964-05-15,786.78,121.0,75.0,Rule Curve,75.0,75.0,0.0,3000.0,50.0,3000.0,3000.0,75.0,0.0,0.0,3000.0,0.0
1964-05-16,786.89,137.0,75.0,Rule Curve,75.0,75.0,0.0,3000.0,50.0,3000.0,3000.0,75.0,0.0,0.0,3000.0,0.0
1964-05-17,786.99,131.0,75.0,Rule Curve,75.0,75.0,0.0,3000.0,50.0,3000.0,3000.0,75.0,0.0,0.0,3000.0,0.0
1964-05-18,787.07,121.0,75.0,Rule Curve,75.0,75.0,0.0,3000.0,50.0,3000.0,3000.0,75.0,0.0,0.0,3000.0,0.0
1964-05-19,787.16,121.0,75.0,Rule Curve,75.0,75.0,0.0,3000.0,50.0,3000.0,3000.0,75.0,0.0,0.0,3000.0,0.0
1964-05-20,787.22,111.0,75.0,Rule Curve,75.0,75.0,0.0,3000.0,50.0,3000.0,3000.0,75.0,0.0,0.0,3000.0,0.0
1964-05-21,787.27,101.0,75.0,Rule Curve,75.0,75.0,0.0,3000.0,50.0,3000.0,3000.0,75.0,0.0,0.0,3000.0,0.0
1964-05-22,787.32,101.0,75.0,Rule Curve,75.0,75.0,0.0,3000.0,50.0,3000.0,3000.0,75.0,0.0,0.0,3000.0,0.0
1964-05-23,787.35,96.0,75.0,Rule Curve,75.0,75.0,0.0,3000.0,50.0,3000.0,3000.0,75.0,0.0,0.0,3000.0,0.0
1964-05-24,787.38,90.0,75.0,Rule Curve,75.0,75.0,0.0,3000.0,50.0,3000.0,3000.0,75.0,0.0,0.0,3000.0,0.0
1964-05-25,787.39,80.0,75.0,Rule Curve,75.0,75.0,0.0,3000.0,50.0,3000.0,3000.0,75.0,0.0,0.0,3000.0,0.0
1964-05-26,787.39,74.0,75.0,Rule Curve,75.0,75.0,0.0,3000.0,50.0,3000.0,3000.0,75.0,0.0,0.0,3000.0,0.0
1964-05-27,787.4,79.0,75.0,Rule Curve,75.0,75.0,0.0,3000.0,50.0,3000.0,3000.0,75.0,0.0,0.0,3000.0,0.0
1964-05-28,787.41,84.0,75.0,Rule Curve,75.0,75.0,0.0,3000.0,50.0,3000.0,3000.0,75.0,0.0,0.0,3000.0,0.0
1964-05-29,787.41,74.0,75.0,Rule Curve,75.0,75.0,0.0,3000.0,50.0,3000.0,3000.0,75.0,0.0,0.0,3000.0,0.0
1964-05-30,787.41,74.0,75.0,Rule Curve,75.0,75.0,0.0,3000.0,50.0,3000.0,3000.0,75.0,0.0,0.0,3000.0,0.0
1964-05-31,787.4,69.0,75.0,Rule Curve,75.0,75.0,0.0,3000.0,50.0,3000.0,3000.0,75.0,0.0,0.0,3000.0,0.0
1964-06-01,787.39,74.0,79.0,Rule Curve,79.0,79.0,0.0,3000.0,50.0,3000.0,3000.0,79.0,0.0,0.0,3000.0,0.0
1964-06-02,787.37,69.0,79.0,Rule Curve,79.0,79.0,0.0,3000.0,50.0,3000.0,3000.0,79.0,0.0,0.0,3000.0,0.0
1964-06-03,787.33,55.0,79.0,Rule Curve,79.0,79.0,0.0,3000.0,50.0,3000.0,3000.0,79.0,0.0,0.0,3000.0,0.0
1964-06-04,787.34,85.0,79.0,Rule Curve,79.0,79.0,0.0,3000.0,50.0,3000.0,3000.0,79.0,0.0,0.0,3000.0,0.0
1964-06-05,787.38,105.0,79.0,Rule Curve,79.0,79.0,0.0,3000.0,50.0,3000.0,3000.0,79.0,0.0,0.0,3000.0,0.0
1964-06-06,787.54,168.0,79.0,Rule Curve,79.0,79.0,0.0,3000.0,50.0,3000.0,3000.0,79.0,0.0,0.0,3000.0,0.0
1964-06-07,787.93,296.0,79.0,Rule Curve,79.0,79.0,0.0,3000.0,50.0,3000.0,3000.0,79.0,0.0,0.0,3000.0,0.0
1964-06-08,788.24,250.0,79.0,Rule Curve,79.0,79.0,0.0,3000.0,50.0,3000.0,3000.0,79.0,0.0,0.0,3000.0,0.0
1964-06-09,788.44,190.0,79.0,Rule Curve,79.0,79.0,0.0,3000.0,50.0,3000.0,3000.0,79.0,0.0,0.0,3000.0,0.0
1964-06-10,788.57,150.0,79.0,Rule Curve,79.0,79.0,0.0,3000.0,50.0,3000.0,3000.0,79.0,0.0,0.0,3000.0,0.0
1964-06-11,788.67,135.0,79.0,Rule Curve,79.0,79.0,0.0,3000.0,50.0,3000.0,3000.0,79.0,0.0,0.0,3000.0,0.0
1964-06-12,788.71,104.0,79.0,Rule Curve,79.0,79.0,0.0,3000.0,50.0,3000.0,3000.0,79.0,0.0,0.0,3000.0,0.0
1964-06-13,788.73,89.0,79.0,Rule Curve,79.0,79.0,0.0,3000.0,50.0,3000.0,3000.0,79.0,0.0,0.0,3000.0,0.0
1964-06-14,788.75,89.0,79.0,Rule Curve,79.0,79.0,0.0,3000.0,50.0,3000.0,3000.0,79.0,0.0,0.0,3000.0,0.0
1964-06-15,788.77,89.0,79.0,Rule Curve,79.0,79.0,0.0,3000.0,50.0,3000.0,3000.0,79.0,0.0,0.0,3000.0,0.0
1964-06-16,788.78,89.0,79.0,Rule Curve,79.0,79.0,0.0,3000.0,50.0,3000.0,3000.0,79.0,0.0,0.0,3000.0,0.0
1964-06-17,788.81,94.0,79.0,Rule Curve,79.0,79.0,0.0,3000.0,50.0,3000.0,3000.0,79.0,0.0,0.0,3000.0,0.0
1964-06-18,788.94,150.0,79.0,Rule Curve,79.0,79.0,0.0,3000.0,50.0,3000.0,3000.0,79.0,0.0,0.0,3000.0,0.0
1964-06-19,789.03,129.0,79.0,Rule Curve,79.0,79.0,0.0,3000.0,50.0,3000.0,3000.0,79.0,0.0,0.0,3000.0,0.0
1964-06-20,789.07,104.0,79.0,Rule Curve,79.0,79.0,0.0,3000.0,50.0,3000.0,3000.0,79.0,0.0,0.0,3000.0,0.0
1964-06-21,789.1,94.0,79.0,Rule Curve,79.0,79.0,0.0,3000.0,50.0,3000.0,3000.0,79.0,0.0,0.0,3000.0,0.0
1964-06-22,789.12,89.0,79.0,Rule Curve,79.0,79.0,0.0,3000.0,50.0,3000.0,3000.0,79.0,0.0,0.0,3000.0,0.0
1964-06-23,789.12,79.0,79.0,Rule Curve,79.0,79.0,0.0,3000.0,50.0,3000.0,3000.0,79.0,0.0,0.0,3000.0,0.0
1964-06-24,789.11,74.0,79.0,Rule Curve,79.0,79.0,0.0,3000.0,50.0,3000.0,3000.0,79.0,0.0,0.0,3000.0,0.0
1964-06-25,789.08,64.0,79.0,Rule Curve,79.0,79.0,0.0,3000.0,50.0,3000.0,3000.0,79.0,0.0,0.0,3000.0,0.0
1964-06-26,789.02,49.0,79.0,Rule Curve,79.0,79.0,0.0,3000.0,50.0,3000.0,3000.0,79.0,0.0,0.0,3000.0,0.0
1964-06-27,789.0,64.0,79.0,Rule Curve,79.0,79.0,0.0,3000.0,50.0,3000.0,3000.0,79.0,0.0,0.0,3000.0,0.0
1964-06-28,788.95,54.0,79.0,Rule Curve,79.0,79.0,0.0,3000.0,50.0,3000.0,3000.0,79.0,0.0,0.0,3000.0,0.0
1964-06-29,788.9,49.0,79.0,Rule Curve,79.0,79.0,0.0,3000.0,50.0,3000.0,3000.0,79.0,0.0,0.0,3000.0,0.0
1964-06-30,788.82,39.0,79.0,Rule Curve,79.0,79.0,0.0,3000.0,50.0,3000.0,3000.0,79.0,0.0,0.0,3000.0,0.0
1964-07-01,788.84,64.0,55.0,Rule Curve,55.0,55.0,0.0,3000.0,50.0,3000.0,3000.0,55.0,0.0,0.0,3000.0,0.0
1964-07-02,788.83,50.0,55.0,Rule Curve,55.0,55.0,0.0,3000.0,50.0,3000.0,3000.0,55.0,0.0,0.0,3000.0,0.0
1964-07-03,788.82,50.0,55.0,Rule Curve,55.0,55.0,0.0,3000.0,50.0,3000.0,3000.0,55.0,0.0,0.0,3000.0,0.0
1964-07-04,788.8,45.0,55.0,Rule Curve,55.0,55.0,0.0,3000.0,50.0,3000.0,3000.0,55.0,0.0,0.0,3000.0,0.0
1964-07-05,788.78,45.0,55.0,Rule Curve,55.0,55.0,0.0,3000.0,50.0,3000.0,3000.0,55.0,0.0,0.0,3000.0,0.0
1964-07-06,788.76,40.0,55.0,Rule Curve,55.0,55.0,0.0,3000.0,50.0,3000.0,3000.0,55.0,0.0,0.0,3000.0,0.0
1964-07-07,788.71,30.0,55.0,Rule Curve,55.0,55.0,0.0,3000.0,50.0,3000.0,3000.0,55.0,0.0,0.0,3000.0,0.0
1964-07-08,788.69,45.0,55.0,Rule Curve,55.0,55.0,0.0,3000.0,50.0,3000.0,3000.0,55.0,0.0,0.0,3000.0,0.0
1964-07-09,788.68,50.0,55.0,Rule Curve,55.0,55.0,0.0,3000.0,50.0,3000.0,3000.0,55.0,0.0,0.0,3000.0,0.0
1964-07-10,788.67,50.0,55.0,Rule Curve,55.0,55.0,0.0,3000.0,50.0,3000.0,3000.0,55.0,0.0,0.0,3000.0,0.0
1964-07-11,788.62,25.0,55.0,Rule Curve,55.0,55.0,0.0,3000.0,50.0,3000.0,3000.0,55.0,0.0,0.0,3000.0,0.0
1964-07-12,788.58,35.0,55.0,Rule Curve,55.0,55.0,0.0,3000.0,50.0,3000.0,3000.0,55.0,0.0,0.0,3000.0,0.0
1964-07-13,788.54,35.0,55.0,Rule Curve,55.0,55.0,0.0,3000.0,50.0,3000.0,3000.0,55.0,0.0,0.0,3000.0,0.0
1964-07-14,788.5,29.0,55.0,Rule Curve,55.0,55.0,0.0,3000.0,50.0,3000.0,3000.0,55.0,0.0,0.0,3000.0,0.0
1964-07-15,788.48,44.0,55.0,Rule Curve,55.0,55.0,0.0,3000.0,50.0,3000.0,3000.0,55.0,0.0,0.0,3000.0,0.0
1964-07-16,788.47,49.0,55.0,Rule Curve,55.0,55.0,0.0,3000.0,50.0,3000.0,3000.0,55.0,0.0,0.0,3000.0,0.0
1964-07-17,788.42,29.0,55.0,Rule Curve,55.0,55.0,0.0,3000.0,50.0,3000.0,3000.0,55.0,0.0,0.0,3000.0,0.0
1964-07-18,788.38,34.0,55.0,Rule Curve,55.0,55.0,0.0,3000.0,50.0,3000.0,3000.0,55.0,0.0,0.0,3000.0,0.0
1964-07-19,788.32,24.0,55.0,Rule Curve,55.0,55.0,0.0,3000.0,50.0,3000.0,3000.0,55.0,0.0,0.0,3000.0,0.0
1964-07-20,788.26,19.0,55.0,Rule Curve,55.0,55.0,0.0,3000.0,50.0,3000.0,3000.0,55.0,0.0,0.0,3000.0,0.0
1964-07-21,788.23,39.0,55.0,Rule Curve,55.0,55.0,0.0,3000.0,50.0,3000.0,3000.0,55.0,0.0,0.0,3000.0,0.0
1964-07-22,788.16,15.0,55.0,Rule Curve,55.0,55.0,0.0,3000.0,50.0,3000.0,3000.0,55.0,0.0,0.0,3000.0,0.0
1964-07-23,788.1,25.0,55.0,Rule Curve,55.0,55.0,0.0,3000.0,50.0,3000.0,3000.0,55.0,0.0,0.0,3000.0,0.0
1964-07-24,788.03,15.0,55.0,Rule Curve,55.0,55.0,0.0,3000.0,50.0,3000.0,3000.0,55.0,0.0,0.0,3000.0,0.0
1964-07-25,787.97,20.0,55.0,Rule Curve,55.0,55.0,0.0,3000.0,50.0,3000.0,3000.0,55.0,0.0,0.0,3000.0,0.0
1964-07-26,787.89,15.0,55.0,Rule Curve,55.0,55.0,0.0,3000.0,50.0,3000.0,3000.0,55.0,0.0,0.0,3000.0,0.0
1964-07-27,787.83,20.0,55.0,Rule Curve,55.0,55.0,0.0,3000.0,50.0,3000.0,3000.0,55.0,0.0,0.0,3000.0,0.0
1964-07-28,787.76,15.0,55.0,Rule Curve,55.0,55.0,0.0,3000.0,50.0,3000.0,3000.0,55.0,0.0,0.0,3000.0,0.0
1964-07-29,787.69,20.0,55.0,Rule Curve,55.0,55.0,0.0,3000.0,50.0,3000.0,3000.0,55.0,0.0,0.0,3000.0,0.0
1964-07-30,787.66,35.0,55.0,Rule Curve,55.0,55.0,0.0,3000.0,50.0,3000.0,3000.0,55.0,0.0,0.0,3000.0,0.0
1964-07-31,787.6,25.0,55.0,Rule Curve,55.0,55.0,0.0,3000.0,50.0,3000.0,3000.0,55.0,0.0,0.0,3000.0,0.0
1964-08-01,787.57,40.0,55.0,Rule Curve,55.0,55.0,0.0,3000.0,50.0,3000.0,3000.0,55.0,0.0,0.0,3000.0,0.0
1964-08-02,787.53,30.0,55.0,Rule Curve,55.0,55.0,0.0,3000.0,50.0,3000.0,3000.0,55.0,0.0,0.0,3000.0,0.0
1964-08-03,787.48,30.0,55.0,Rule Curve,55.0,55.0,0.0,3000.0,50.0,3000.0,3000.0,55.0,0.0,0.0,3000.0,0.0
1964-08-04,787.43,25.0,55.0,Rule Curve,55.0,55.0,0.0,3000.0,50.0,3000.0,3000.0,55.0,0.0,0.0,3000.0,0.0
1964-08-05,787.38,30.0,55.0,Rule Curve,55.0,55.0,0.0,3000.0,50.0,3000.0,3000.0,55.0,0.0,0.0,3000.0,0.0
1964-08-06,787.31,15.0,55.0,Rule Curve,55.0,55.0,0.0,3000.0,50.0,3000.0,3000.0,55.0,0.0,0.0,3000.0,0.0
1964-08-07,787.24,15.0,55.0,Rule Curve,55.0,55.0,0.0,3000.0,50.0,3000.0,3000.0,55.0,0.0,0.0,3000.0,0.0
1964-08-08,787.17,20.0,55.0,Rule Curve,55.0,55.0,0.0,3000.0,50.0,3000.0,3000.0,55.0,0.0,0.0,3000.0,0.0
1964-08-09,787.11,20.0,55.0,Rule Curve,55.0,55.0,0.0,3000.0,50.0,3000.0,3000.0,55.0,0.0,0.0,3000.0,0.0
1964-08-10,787.06,25.0,55.0,Rule Curve,55.0,55.0,0.0,3000.0,50.0,3000.0,3000.0,55.0,0.0,0.0,3000.0,0.0
1964-08-11,786.99,20.0,55.0,Rule Curve,55.0,55.0,0.0,3000.0,50.0,3000.0,3000.0,55.0,0.0,0.0,3000.0,0.0
1964-08-12,786.94,25.0,55.0,Rule Curve,55.0,55.0,0.0,3000.0,50.0,3000.0,3000.0,55.0,0.0,0.0,3000.0,0.0
1964-08-13,786.85,5.0,55.0,Rule Curve,55.0,55.0,0.0,3000.0,50.0,3000.0,3000.0,55.0,0.0,0.0,3000.0,0.0
1964-08-14,786.75,-1.0,55.0,Rule Curve,55.0,55.0,0.0,3000.0,50.0,3000.0,3000.0,55.0,0.0,0.0,3000.0,0.0
1964-08-15,786.67,16.0,55.0,Rule Curve,55.0,55.0,0.0,3000.0,50.0,3000.0,3000.0,55.0,0.0,0.0,3000.0,0.0
1964-08-16,786.57,-5.0,55.0,Rule Curve,55.0,55.0,0.0,3000.0,50.0,3000.0,3000.0,55.0,0.0,0.0,3000.0,0.0
1964-08-17,786.47,0.0,55.0,Rule Curve,55.0,55.0,0.0,3000.0,50.0,3000.0,3000.0,55.0,0.0,0.0,3000.0,0.0
1964-08-18,786.37,3.0,55.0,Rule Curve,55.0,55.0,0.0,3000.0,50.0,3000.0,3000.0,55.0,0.0,0.0,3000.0,0.0
1964-08-19,786.29,8.0,55.0,Rule Curve,55.0,55.0,0.0,3000.0,50.0,3000.0,3000.0,55.0,0.0,0.0,3000.0,0.0
1964-08-20,786.23,24.0,55.0,Rule Curve,55.0,55.0,0.0,3000.0,50.0,3000.0,3000.0,55.0,0.0,0.0,3000.0,0.0
1964-08-21,786.18,27.0,55.0,Rule Curve,55.0,55.0,0.0,3000.0,50.0,3000.0,3000.0,55.0,0.0,0.0,3000.0,0.0
1964-08-22,786.1,13.0,55.0,Rule Curve,55.0,55.0,0.0,3000.0,50.0,3000.0,3000.0,55.0,0.0,0.0,3000.0,0.0
1964-08-23,786.02,10.0,55.0,Rule Curve,55.0,55.0,0.0,3000.0,50.0,3000.0,3000.0,55.0,0.0,0.0,3000.0,0.0
1964-08-24,785.9,-5.0,55.0,Rule Curve,55.0,55.0,0.0,3000.0,50.0,3000.0,3000.0,55.0,0.0,0.0,3000.0,0.0
1964-08-25,785.85,28.0,55.0,Rule Curve,55.0,55.0,0.0,3000.0,50.0,3000.0,3000.0,55.0,0.0,0.0,3000.0,0.0
1964-08-26,785.77,15.0,55.0,Rule Curve,55.0,55.0,0.0,3000.0,50.0,3000.0,3000.0,55.0,0.0,0.0,3000.0,0.0
1964-08-27,785.7,20.0,55.0,Rule Curve,55.0,55.0,0.0,3000.0,50.0,3000.0,3000.0,55.0,0.0,0.0,3000.0,0.0
1964-08-28,785.62,17.0,55.0,Rule Curve,55.0,55.0,0.0,3000.0,50.0,3000.0,3000.0,55.0,0.0,0.0,3000.0,0.0
1964-08-29,785.55,19.0,55.0,Rule Curve,55.0,55.0,0.0,3000.0,50.0,3000.0,3000.0,55.0,0.0,0.0,3000.0,0.0
1964-08-30,785.48,19.0,55.0,Rule Curve,55.0,55.0,0.0,3000.0,50.0,3000.0,3000.0,55.0,0.0,0.0,3000.0,0.0
1964-08-31,785.41,21.0,55.0,Rule Curve,55.0,55.0,0.0,3000.0,50.0,3000.0,3000.0,55.0,0.0,0.0,3000.0,0.0
1964-09-01,785.33,13.0,54.0,Rule Curve,54.0,54.0,0.0,3000.0,50.0,3000.0,3000.0,54.0,0.0,0.0,3000.0,0.0
1964-09-02,785.25,13.0,54.0,Rule Curve,54.0,54.0,0.0,3000.0,50.0,3000.0,3000.0,54.0,0.0,0.0,3000.0,0.0
1964-09-03,785.19,23.0,54.0,Rule Curve,54.0,54.0,0.0,3000.0,50.0,3000.0,3000.0,54.0,0.0,0.0,3000.0,0.0
1964-09-04,785.1,10.0,54.0,Rule Curve,54.0,54.0,0.0,3000.0,50.0,3000.0,3000.0,54.0,0.0,0.0,3000.0,0.0
1964-09-05,785.01,12.0,54.0,Rule Curve,54.0,54.0,0.0,3000.0,50.0,3000.0,3000.0,54.0,0.0,0.0,3000.0,0.0
1964-09-06,784.93,14.0,54.0,Rule Curve,54.0,54.0,0.0,3000.0,50.0,3000.0,3000.0,54.0,0.0,0.0,3000.0,0.0
1964-09-07,784.84,6.0,54.0,Rule Curve,54.0,54.0,0.0,3000.0,50.0,3000.0,3000.0,54.0,0.0,0.0,3000.0,0.0
1964-09-08,784.76,13.0,54.0,Rule Curve,54.0,54.0,0.0,3000.0,50.0,3000.0,3000.0,54.0,0.0,0.0,3000.0,0.0
1964-09-09,784.68,13.0,54.0,Rule Curve,54.0,54.0,0.0,3000.0,50.0,3000.0,3000.0,54.0,0.0,0.0,3000.0,0.0
1964-09-10,784.58,5.0,54.0,Rule Curve,54.0,54.0,0.0,3000.0,50.0,3000.0,3000.0,54.0,0.0,0.0,3000.0,0.0
1964-09-11,784.49,12.0,54.0,Rule Curve,54.0,54.0,0.0,3000.0,50.0,3000.0,3000.0,54.0,0.0,0.0,3000.0,0.0
1964-09-12,784.41,14.0,54.0,Rule Curve,54.0,54.0,0.0,3000.0,50.0,3000.0,3000.0,54.0,0.0,0.0,3000.0,0.0
1964-09-13,784.33,6.0,50.0,Top of Dam,50.0,50.0,0.0,3000.0,50.0,3000.0,3000.0,54.0,0.0,0.0,3000.0,53.0
1964-09-14,783.86,13.0,255.0,Top of Dam,50.0,255.0,0.0,3000.0,50.0,3000.0,3000.0,54.0,0.0,14.0,3000.0,255.0
1964-09-15,783.39,8.0,269.0,Top of Dam,50.0,269.0,0.0,3000.0,50.0,3000.0,3000.0,54.0,0.0,8.0,3000.0,269.0
1964-09-16,782.92,23.0,276.0,Top of Dam,50.0,276.0,0.0,3000.0,50.0,3000.0,3000.0,54.0,0.0,23.0,3000.0,276.0
1964-09-17,782.44,31.0,249.0,Top of Dam,50.0,249.0,0.0,3000.0,50.0,3000.0,3000.0,54.0,0.0,31.0,3000.0,249.0
1964-09-18,781.96,28.0,248.0,Top of Dam,50.0,248.0,0.0,3000.0,50.0,3000.0,3000.0,54.0,0.0,28.0,3000.0,248.0
1964-09-19,781.47,8.0,255.0,Top of Dam,50.0,255.0,0.0,3000.0,50.0,3000.0,3000.0,54.0,0.0,8.0,3000.0,255.0
1964-09-20,780.98,13.0,259.0,Top of Dam,50.0,259.0,0.0,3000.0,50.0,3000.0,3000.0,54.0,0.0,13.0,3000.0,259.0
1964-09-21,780.49,38.0,260.0,Top of Dam,50.0,260.0,0.0,3000.0,50.0,3000.0,3000.0,54.0,0.0,38.0,3000.0,260.0
1964-09-22,779.99,20.0,247.0,Top of Dam,50.0,247.0,0.0,3000.0,50.0,3000.0,3000.0,54.0,0.0,20.0,3000.0,247.0
1964-09-23,779.48,20.0,277.0,Top of Dam,50.0,277.0,0.0,3000.0,50.0,3000.0,3000.0,54.0,0.0,20.0,3000.0,277.0
1964-09-24,778.97,23.0,279.0,Top of Dam,50.0,279.0,0.0,3000.0,50.0,3000.0,3000.0,54.0,0.0,23.0,3000.0,279.0
1964-09-25,778.45,23.0,259.0,Top of Dam,50.0,259.0,0.0,3000.0,50.0,3000.0,3000.0,54.0,0.0,23.0,3000.0,259.0
1964-09-26,777.92,3.0,239.0,Top of Dam,50.0,239.0,0.0,3000.0,50.0,3000.0,3000.0,54.0,0.0,3.0,3000.0,239.0
1964-09-27,777.39,8.0,222.0,Top of Dam,50.0,222.0,0.0,3000.0,50.0,3000.0,3000.0,54.0,0.0,8.0,3000.0,222.0
1964-09-28,776.85,18.0,243.0,Top of Dam,50.0,243.0,0.0,3000.0,50.0,3000.0,3000.0,54.0,0.0,18.0,3000.0,243.0
1964-09-29,776.3,17.0,267.0,Top of Dam,50.0,267.0,0.0,3000.0,50.0,3000.0,3000.0,54.0,0.0,17.0,3000.0,267.0
1964-09-30,775.74,23.0,264.0,Top of Dam,50.0,264.0,0.0,3000.0,50.0,3000.0,3000.0,54.0,0.0,23.0,3000.0,264.0
1964-10-01,775.18,28.0,254.0,Top of Dam,50.0,254.0,0.0,3000.0,50.0,3000.0,3000.0,50.0,0.0,28.0,3000.0,254.0
1964-10-02,774.61,17.0,247.0,Top of Dam,50.0,247.0,0.0,3000.0,50.0,3000.0,3000.0,50.0,0.0,17.0,3000.0,247.0
1964-10-03,774.03,23.0,257.0,Top of Dam,50.0,257.0,0.0,3000.0,50.0,3000.0,3000.0,50.0,0.0,23.0,3000.0,257.0
1964-10-04,773.43,12.0,254.0,Top of Dam,50.0,254.0,0.0,3000.0,50.0,3000.0,3000.0,50.0,0.0,12.0,3000.0,254.0
1964-10-05,772.83,17.0,259.0,Top of Dam,50.0,259.0,0.0,3000.0,50.0,3000.0,3000.0,50.0,0.0,17.0,3000.0,259.0
1964-10-06,772.22,23.0,269.0,Top of Dam,50.0,269.0,0.0,3000.0,50.0,2981.0,3000.0,50.0,0.0,23.0,3000.0,269.0
1964-10-07,771.59,12.0,245.0,Top of Dam,50.0,245.0,0.0,3000.0,50.0,2958.0,3000.0,50.0,0.0,12.0,3000.0,245.0
1964-10-08,770.95,28.0,254.0,Top of Dam,50.0,254.0,0.0,3000.0,50.0,2937.0,3000.0,50.0,0.0,28.0,3000.0,254.0
1964-10-09,770.3,28.0,257.0,Top of Dam,50.0,257.0,0.0,3000.0,50.0,2915.0,3000.0,50.0,0.0,28.0,3000.0,257.0
1964-10-10,769.63,21.0,257.0,Top of Dam,50.0,257.0,0.0,3000.0,50.0,2891.0,3000.0,50.0,0.0,21.0,3000.0,257.0
1964-10-11,768.96,15.0,251.0,Top of Dam,50.0,251.0,0.0,3000.0,50.0,2867.0,3000.0,50.0,0.0,15.0,3000.0,251.0
1964-10-12,768.26,6.0,253.0,Top of Dam,50.0,253.0,0.0,3000.0,50.0,2841.0,3000.0,50.0,0.0,6.0,3000.0,253.0
1964-10-13,767.55,9.0,260.0,Top of Dam,50.0,260.0,0.0,3000.0,50.0,2814.0,3000.0,50.0,0.0,9.0,3000.0,260.0
1964-10-14,766.83,19.0,265.0,Top of Dam,50.0,265.0,0.0,3000.0,50.0,2786.0,3000.0,50.0,0.0,19.0,3000.0,265.0
1964-10-15,766.09,9.0,233.0,Top of Dam,50.0,233.0,0.0,3000.0,50.0,2756.0,3000.0,50.0,0.0,9.0,3000.0,233.0
1964-10-16,765.34,19.0,255.0,Top of Dam,50.0,255.0,0.0,3000.0,50.0,2729.0,3000.0,50.0,0.0,19.0,3000.0,255.0
1964-10-17,764.57,19.0,257.0,Top of Dam,50.0,257.0,0.0,3000.0,50.0,2699.0,3000.0,50.0,0.0,19.0,3000.0,257.0
1964-10-18,763.78,14.0,251.0,Top of Dam,50.0,251.0,0.0,2957.0,50.0,2668.0,3000.0,50.0,0.0,14.0,3000.0,251.0
1964-10-19,762.97,24.0,261.0,Top of Dam,50.0,261.0,0.0,2878.0,50.0,2636.0,3000.0,50.0,0.0,24.0,3000.0,261.0
1964-10-20,762.14,14.0,250.0,Top of Dam,50.0,250.0,0.0,2797.0,50.0,2599.0,3000.0,50.0,0.0,14.0,3000.0,250.0
1964-10-21,761.28,19.0,257.0,Top of Dam,50.0,257.0,0.0,2714.0,50.0,2562.0,3000.0,50.0,0.0,19.0,3000.0,257.0
1964-10-22,760.4,14.0,251.0,Top of Dam,50.0,251.0,0.0,2628.0,50.0,2522.0,3000.0,50.0,0.0,14.0,3000.0,251.0
1964-10-23,759.49,20.0,257.0,Top of Dam,50.0,257.0,0.0,2540.0,50.0,2479.0,3000.0,50.0,0.0,20.0,3000.0,257.0
1964-10-24,758.54,13.0,250.0,Top of Dam,50.0,250.0,0.0,2398.0,50.0,2398.0,3000.0,50.0,0.0,13.0,3000.0,250.0
1964-10-25,757.55,23.0,258.0,Top of Dam,50.0,258.0,0.0,2208.0,50.0,2208.0,3000.0,50.0,0.0,23.0,3000.0,258.0
1964-10-26,756.49,18.0,256.0,Top of Dam,50.0,256.0,0.0,2010.0,50.0,2010.0,3000.0,50.0,0.0,18.0,3000.0,256.0
1964-10-27,755.37,23.0,260.0,Top of Dam,50.0,260.0,0.0,1798.0,50.0,1798.0,3000.0,50.0,0.0,23.0,3000.0,260.0
1964-10-28,754.18,33.0,269.0,Top of Dam,50.0,269.0,0.0,1574.0,50.0,1574.0,3000.0,50.0,0.0,33.0,3000.0,269.0
1964-10-29,752.9,33.0,270.0,Top of Dam,50.0,270.0,0.0,1336.0,50.0,1336.0,3000.0,50.0,0.0,33.0,3000.0,270.0
1964-10-30,751.94,33.0,199.0,Top of Dam,50.0,199.0,0.0,1080.0,50.0,1080.0,3000.0,50.0,0.0,33.0,3000.0,199.0
1964-10-31,751.13,23.0,155.0,Top of Dam,50.0,155.0,0.0,888.0,50.0,888.0,3000.0,50.0,0.0,46.0,3000.0,155.0
1964-11-01,750.63,43.0,121.0,Top of Dam,101.0,121.0,0.0,726.0,50.0,726.0,3000.0,50.0,0.0,101.0,3000.0,121.0
1964-11-02,750.42,68.0,100.0,Top of Dam,100.0,100.0,0.0,625.0,50.0,625.0,3000.0,50.0,0.0,100.0,3000.0,100.0
1964-11-03,750.2,53.0,86.0,Top of Dam,74.0,86.0,0.0,583.0,50.0,583.0,3000.0,50.0,0.0,74.0,3000.0,86.0
1964-11-04,750.1,58.0,73.0,Top of Dam,68.0,73.0,0.0,540.0,50.0,540.0,3000.0,50.0,0.0,68.0,3000.0,73.0
1964-11-05,750.09,58.0,60.0,Top of Dam,60.0,60.0,0.0,520.0,50.0,520.0,3000.0,50.0,0.0,63.0,3000.0,60.0
1964-11-06,750.05,48.0,54.0,Top of Dam,53.0,54.0,0.0,518.0,50.0,518.0,3000.0,50.0,0.0,53.0,3000.0,54.0
1964-11-07,749.93,33.0,50.0,Top of Dam,50.0,510.0,0.0,510.0,50.0,510.0,3000.0,50.0,0.0,35.0,3000.0,40.0
1964-11-08,749.88,43.0,50.0,Rule Curve,50.0,500.0,0.0,500.0,50.0,500.0,3000.0,50.0,0.0,40.0,3000.0,33.0
1964-11-09,749.87,48.0,50.0,Rule Curve,50.0,50.0,0.0,500.0,50.0,500.0,3000.0,50.0,0.0,42.0,3000.0,31.0
1964-11-10,750.0,104.0,85.0,Rule Curve,50.0,98.0,0.0,500.0,50.0,500.0,3000.0,50.0,0.0,98.0,3000.0,85.0
1964-11-11,750.0,278.0,278.0,Rule Curve,278.0,500.0,0.0,500.0,50.0,500.0,3000.0,50.0,0.0,278.0,3000.0,278.0
1964-11-12,750.0,391.0,391.0,Rule Curve,391.0,500.0,0.0,500.0,50.0,500.0,3000.0,50.0,0.0,391.0,3000.0,289.0
1964-11-13,750.0,260.0,260.0,Rule Curve,260.0,500.0,0.0,500.0,50.0,500.0,3000.0,50.0,0.0,260.0,3000.0,213.0
1964-11-14,750.0,191.0,191.0,Rule Curve,191.0,500.0,0.0,500.0,50.0,500.0,3000.0,50.0,0.0,191.0,3000.0,159.0
1964-11-15,750.0,162.0,162.0,Rule Curve,162.0,500.0,0.0,500.0,50.0,500.0,3000.0,50.0,0.0,162.0,3000.0,118.0
1964-11-16,750.0,100.0,100.0,Rule Curve,100.0,500.0,0.0,500.0,50.0,500.0,3000.0,50.0,0.0,100.0,3000.0,91.0
1964-11-17,750.0,66.0,66.0,Rule Curve,66.0,500.0,0.0,500.0,50.0,500.0,3000.0,50.0,0.0,66.0,3000.0,66.0
1964-11-18,750.0,81.0,81.0,Rule Curve,81.0,500.0,0.0,500.0,50.0,500.0,3000.0,50.0,0.0,81.0,3000.0,80.0
1964-11-19,750.0,70.0,70.0,Rule Curve,70.0,500.0,0.0,500.0,50.0,500.0,3000.0,50.0,0.0,70.0,3000.0,70.0
1964-11-20,750.0,64.0,64.0,Rule Curve,64.0,500.0,0.0,500.0,50.0,500.0,3000.0,50.0,0.0,64.0,3000.0,64.0
1964-11-21,750.0,76.0,76.0,Rule Curve,76.0,500.0,0.0,500.0,50.0,500.0,3000.0,50.0,0.0,76.0,3000.0,76.0
1964-11-22,750.0,88.0,88.0,Rule Curve,88.0,500.0,0.0,500.0,50.0,500.0,3000.0,50.0,0.0,88.0,3000.0,88.0
1964-11-23,750.0,138.0,138.0,Rule Curve,138.0,500.0,0.0,500.0,50.0,500.0,3000.0,50.0,0.0,138.0,3000.0,138.0
1964-11-24,750.0,373.0,373.0,Rule Curve,373.0,500.0,0.0,500.0,50.0,500.0,2907.0,50.0,0.0,373.0,2938.0,373.0
1964-11-25,751.65,760.0,500.0,Rule Curve,500.0,500.0,0.0,500.0,50.0,500.0,3000.0,50.0,0.0,760.0,3000.0,760.0
1964-11-26,751.67,834.0,830.0,Top of Dam,830.0,830.0,0.0,830.0,50.0,830.0,3000.0,50.0,0.0,921.0,3000.0,1094.0
1964-11-27,751.53,811.0,835.0,Top of Dam,835.0,835.0,0.0,835.0,50.0,835.0,3000.0,50.0,0.0,899.0,3000.0,1075.0
1964-11-28,756.22,1689.0,806.0,Top of Dam,806.0,806.0,0.0,806.0,50.0,806.0,2733.0,50.0,0.0,1769.0,2822.0,1569.0
1964-11-29,754.64,1420.0,1743.0,Top of Dam,1743.0,1743.0,0.0,1743.0,50.0,1743.0,2614.0,50.0,0.0,1794.0,2742.0,1845.0
1964-11-30,754.15,1332.0,1428.0,Top of Dam,1428.0,1428.0,0.0,1428.0,50.0,1428.0,1742.0,50.0,0.0,1598.0,2160.0,1874.0
1964-12-01,755.69,1636.0,1327.0,Top of Dam,1327.0,1327.0,0.0,1329.0,50.0,1327.0,494.0,50.0,0.0,1871.0,1327.0,1761.0
1964-12-02,756.86,1831.0,1580.0,Top of Dam,1580.0,1580.0,0.0,1638.0,50.0,1638.0,1530.0,50.0,0.0,2168.0,2019.0,1580.0
1964-12-03,755.87,1088.0,1302.0,Top of Dam,1302.0,1302.0,0.0,1871.0,50.0,1871.0,2387.0,50.0,0.0,1509.0,2591.0,1302.0
1964-12-04,754.54,783.0,1053.0,Top of Dam,1053.0,1053.0,0.0,1674.0,50.0,1674.0,2950.0,50.0,0.0,1133.0,2967.0,1053.0
1964-12-05,754.0,747.0,851.0,Top of Dam,851.0,851.0,0.0,1407.0,50.0,1407.0,2988.0,50.0,0.0,1007.0,2992.0,851.0
1964-12-06,753.09,553.0,722.0,Top of Dam,722.0,722.0,0.0,1301.0,50.0,1428.0,3000.0,50.0,0.0,779.0,3000.0,722.0
1964-12-07,751.93,447.0,649.0,Top of Dam,616.0,649.0,0.0,1118.0,50.0,1220.0,3000.0,50.0,0.0,616.0,3000.0,649.0
1964-12-08,750.0,465.0,770.0,Top of Dam,567.0,770.0,0.0,886.0,50.0,1163.0,3000.0,50.0,0.0,567.0,3000.0,770.0
1964-12-09,750.01,502.0,500.0,Rule Curve,500.0,500.0,0.0,500.0,50.0,1125.0,3000.0,50.0,0.0,502.0,3000.0,502.0
1964-12-10,753.13,1016.0,502.0,Top of Dam,502.0,502.0,0.0,502.0,50.0,1127.0,2318.0,50.0,0.0,1016.0,2545.0,941.0
1964-12-11,754.03,1109.0,944.0,Top of Dam,944.0,944.0,0.0,1127.0,50.0,1654.0,2500.0,50.0,0.0,1281.0,2666.0,944.0
1964-12-12,753.28,671.0,809.0,Top of Dam,809.0,809.0,0.0,1305.0,50.0,1648.0,3000.0,50.0,0.0,897.0,3000.0,809.0
1964-12-13,751.76,512.0,774.0,Top of Dam,692.0,774.0,0.0,1155.0,50.0,1397.0,3000.0,50.0,0.0,692.0,3000.0,774.0
1964-12-14,750.75,540.0,703.0,Top of Dam,633.0,703.0,0.0,853.0,50.0,1328.0,2739.0,50.0,0.0,633.0,2826.0,703.0
1964-12-15,751.35,704.0,610.0,Top of Dam,610.0,610.0,0.0,651.0,50.0,1370.0,2790.0,50.0,0.0,743.0,2860.0,610.0
1964-12-16,751.55,561.0,527.0,Top of Dam,527.0,527.0,0.0,769.0,50.0,1524.0,3000.0,50.0,0.0,631.0,3000.0,527.0
1964-12-17,750.9,424.0,529.0,Top of Dam,505.0,529.0,0.0,810.0,50.0,1334.0,3000.0,50.0,0.0,505.0,3000.0,529.0
1964-12-18,750.0,362.0,501.0,Top of Dam,408.0,501.0,0.0,681.0,50.0,1245.0,3000.0,50.0,0.0,408.0,3000.0,501.0
1964-12-19,750.2,531.0,500.0,Rule Curve,500.0,500.0,0.0,500.0,50.0,1096.0,2858.0,50.0,0.0,531.0,2905.0,531.0
1964-12-20,755.62,1507.0,541.0,Top of Dam,541.0,541.0,0.0,541.0,50.0,778.0,2168.0,50.0,0.0,1517.0,2445.0,1538.0
1964-12-21,770.01,4178.0,50.0,Top of Dam,50.0,50.0,0.0,1624.0,50.0,14.0,0.0,50.0,0.0,4511.0,0.0,5176.0
1964-12-22,788.2,8374.0,50.0,Top of Dam,50.0,50.0,0.0,3000.0,50.0,0.0,0.0,50.0,0.0,10083.0,0.0,8250.0
1964-12-23,798.57,6267.0,50.0,Top of Dam,50.0,50.0,0.0,3000.0,50.0,0.0,0.0,50.0,0.0,10750.0,0.0,9314.0
1964-12-24,798.48,4958.0,5019.0,Top of Dam,5019.0,5019.0,20692.0,3000.0,50.0,0.0,0.0,50.0,0.0,11513.0,0.0,10346.0
1964-12-25,797.38,3243.0,3935.0,Top of Dam,3935.0,3935.0,20298.0,3000.0,50.0,342.0,0.0,50.0,0.0,9778.0,525.0,9431.0
1964-12-26,797.27,3146.0,3212.0,Top of Dam,3212.0,3212.0,15611.0,3000.0,50.0,1262.0,0.0,50.0,0.0,9450.0,554.0,8581.0
1964-12-27,796.62,2272.0,2683.0,Top of Dam,2683.0,2683.0,15145.0,3000.0,50.0,2492.0,323.0,50.0,0.0,8555.0,1213.0,7876.0
1964-12-28,795.67,1386.0,1996.0,Top of Dam,1996.0,1996.0,12718.0,3000.0,50.0,1996.0,1284.0,50.0,0.0,7531.0,1855.0,7289.0
1964-12-29,794.19,1098.0,1991.0,Top of Dam,1991.0,1991.0,9461.0,3000.0,50.0,1991.0,1489.0,50.0,0.0,7040.0,1991.0,6845.0
1964-12-30,791.84,921.0,2341.0,Top of Dam,2341.0,2341.0,5244.0,3000.0,50.0,2341.0,2013.0,50.0,0.0,6566.0,2341.0,6377.0
1964-12-31,788.1,664.0,2780.0,Top of Dam,2850.0,2850.0,1001.0,3000.0,50.0,2850.0,2775.0,50.0,0.0,5835.0,2850.0,5828.0
1965-01-01,784.01,588.0,2757.0,Top of Dam,2757.0,2757.0,0.0,3000.0,50.0,2757.0,2635.0,50.0,0.0,5054.0,2757.0,5122.0
1965-01-02,779.84,694.0,2750.0,Top of Dam,2750.0,2750.0,0.0,3000.0,50.0,2750.0,2626.0,50.0,0.0,4438.0,2750.0,4383.0
1965-01-03,774.49,660.0,3000.0,Top of Dam,3000.0,3000.0,0.0,3000.0,50.0,3000.0,3000.0,50.0,0.0,3718.0,3000.0,3781.0
1965-01-04,767.88,540.0,3000.0,Top of Dam,2818.0,3000.0,0.0,3000.0,50.0,3000.0,3000.0,50.0,0.0,2818.0,3000.0,3219.0
1965-01-05,762.78,944.0,2532.0,Top of Dam,2402.0,2532.0,0.0,3000.0,50.0,2854.0,3000.0,50.0,0.0,2402.0,3000.0,2532.0
1965-01-06,760.55,1315.0,1930.0,Top of Dam,1930.0,1930.0,0.0,2778.0,50.0,2692.0,2784.0,50.0,0.0,2243.0,2856.0,1930.0
1965-01-07,758.12,939.0,1555.0,Top of Dam,1555.0,1555.0,0.0,2555.0,50.0,2555.0,3000.0,50.0,0.0,1662.0,3000.0,1555.0
1965-01-08,753.71,725.0,1659.0,Top of Dam,1243.0,1659.0,0.0,2124.0,50.0,2124.0,3000.0,50.0,0.0,1243.0,3000.0,1659.0
1965-01-09,751.19,805.0,1241.0,Top of Dam,1012.0,1241.0,0.0,1241.0,50.0,1971.0,3000.0,50.0,0.0,1012.0,3000.0,1425.0
1965-01-10,757.09,1867.0,737.0,Top of Dam,737.0,737.0,0.0,737.0,50.0,2075.0,1772.0,50.0,0.0,1929.0,2181.0,1805.0
1965-01-11,758.32,2146.0,1856.0,Top of Dam,1856.0,1856.0,0.0,1917.0,50.0,2544.0,2359.0,50.0,0.0,2584.0,2572.0,1856.0
1965-01-12,757.0,1192.0,1502.0,Top of Dam,1502.0,1502.0,0.0,2165.0,50.0,2507.0,2914.0,50.0,0.0,1727.0,2942.0,1502.0
1965-01-13,755.15,890.0,1284.0,Top of Dam,1284.0,1284.0,0.0,1899.0,50.0,2415.0,3000.0,50.0,0.0,1322.0,3000.0,1284.0
1965-01-14,753.4,795.0,1131.0,Top of Dam,1095.0,1131.0,0.0,1530.0,50.0,2264.0,3000.0,50.0,0.0,1095.0,3000.0,1131.0
1965-01-15,752.54,846.0,1000.0,Top of Dam,1000.0,1000.0,0.0,1180.0,50.0,2225.0,3000.0,50.0,0.0,1034.0,3000.0,1000.0
1965-01-16,752.16,827.0,892.0,Top of Dam,892.0,892.0,0.0,1007.0,50.0,2185.0,3000.0,50.0,0.0,964.0,3000.0,892.0
1965-01-17,751.79,737.0,800.0,Top of Dam,800.0,800.0,0.0,932.0,50.0,2147.0,3000.0,50.0,0.0,852.0,3000.0,800.0
1965-01-18,751.47,677.0,729.0,Top of Dam,729.0,729.0,0.0,857.0,50.0,2115.0,3000.0,50.0,0.0,771.0,3000.0,729.0
1965-01-19,751.03,616.0,688.0,Top of Dam,688.0,688.0,0.0,793.0,50.0,2086.0,3000.0,50.0,0.0,693.0,3000.0,688.0
1965-01-20,750.67,587.0,643.0,Top of Dam,640.0,643.0,0.0,706.0,50.0,2061.0,3000.0,50.0,0.0,640.0,3000.0,643.0
1965-01-21,750.48,605.0,634.0,Top of Dam,634.0,634.0,0.0,634.0,50.0,2047.0,3000.0,50.0,0.0,639.0,3000.0,708.0
1965-01-22,750.19,552.0,597.0,Top of Dam,577.0,597.0,0.0,597.0,50.0,2031.0,3000.0,50.0,0.0,577.0,3000.0,626.0
1965-01-23,752.63,936.0,539.0,Top of Dam,539.0,539.0,0.0,539.0,50.0,2062.0,2387.0,50.0,0.0,945.0,2591.0,965.0
1965-01-24,754.06,1286.0,1026.0,Top of Dam,1026.0,1026.0,0.0,1026.0,50.0,2264.0,2502.0,50.0,0.0,1428.0,2667.0,1209.0
1965-01-25,752.47,983.0,1271.0,Top of Dam,1211.0,1271.0,0.0,1312.0,50.0,2287.0,2581.0,50.0,0.0,1211.0,2721.0,1271.0
1965-01-26,751.96,906.0,994.0,Top of Dam,994.0,994.0,0.0,994.0,50.0,2195.0,2111.0,50.0,0.0,1039.0,2406.0,1304.0
1965-01-27,755.21,1212.0,608.0,Top of Dam,608.0,608.0,0.0,892.0,50.0,608.0,0.0,50.0,0.0,1315.0,608.0,1522.0
1965-01-28,762.34,1797.0,50.0,Top of Dam,50.0,50.0,0.0,1542.0,50.0,50.0,0.0,50.0,0.0,2102.0,0.0,1843.0
1965-01-29,766.45,1676.0,440.0,Top of Dam,440.0,440.0,0.0,2734.0,50.0,440.0,0.0,50.0,0.0,2563.0,440.0,2077.0
1965-01-30,764.44,1116.0,1737.0,Top of Dam,1737.0,1737.0,0.0,3000.0,50.0,1737.0,1109.0,50.0,0.0,2415.0,1737.0,2089.0
1965-01-31,761.78,890.0,1660.0,Top of Dam,1660.0,1660.0,0.0,2944.0,50.0,2117.0,1677.0,50.0,0.0,1982.0,2117.0,1660.0
1965-02-01,759.45,612.0,1234.0,Top of Dam,1234.0,1234.0,0.0,2678.0,50.0,2461.0,2193.0,75.0,0.0,1447.0,2461.0,1234.0
1965-02-02,758.1,586.0,921.0,Top of Dam,921.0,921.0,0.0,2391.0,50.0,2496.0,3000.0,75.0,0.0,1168.0,3000.0,921.0
1965-02-03,757.29,518.0,706.0,Top of Dam,706.0,706.0,0.0,2120.0,50.0,2423.0,3000.0,75.0,0.0,943.0,3000.0,706.0
1965-02-04,756.78,431.0,546.0,Top of Dam,546.0,546.0,0.0,1957.0,50.0,2371.0,3000.0,75.0,0.0,749.0,3000.0,546.0
1965-02-05,756.73,412.0,423.0,Top of Dam,423.0,423.0,0.0,1855.0,50.0,2307.0,3000.0,75.0,0.0,646.0,3000.0,423.0
1965-02-06,756.81,362.0,344.0,Top of Dam,344.0,344.0,0.0,1845.0,50.0,2153.0,3000.0,75.0,0.0,546.0,3000.0,344.0
1965-02-07,756.92,314.0,290.0,Top of Dam,290.0,290.0,0.0,1861.0,50.0,2068.0,3000.0,75.0,0.0,459.0,3000.0,290.0
1965-02-08,757.29,325.0,240.0,Top of Dam,240.0,240.0,0.0,1883.0,50.0,2021.0,3000.0,75.0,0.0,432.0,3000.0,240.0
1965-02-09,757.8,315.0,197.0,Top of Dam,197.0,197.0,0.0,1958.0,50.0,2049.0,3000.0,75.0,0.0,405.0,3000.0,197.0
1965-02-10,758.26,275.0,167.0,Top of Dam,167.0,167.0,0.0,2060.0,50.0,2120.0,3000.0,75.0,0.0,359.0,3000.0,167.0
1965-02-11,758.67,249.0,149.0,Top of Dam,149.0,149.0,0.0,2152.0,50.0,2190.0,3000.0,75.0,0.0,324.0,3000.0,149.0
1965-02-12,759.09,242.0,138.0,Top of Dam,138.0,138.0,0.0,2234.0,50.0,2260.0,3000.0,75.0,0.0,306.0,3000.0,138.0
1965-02-13,759.56,248.0,129.0,Top of Dam,129.0,129.0,0.0,2319.0,50.0,2335.0,3000.0,75.0,0.0,301.0,3000.0,129.0
1965-02-14,760.08,253.0,120.0,Top of Dam,120.0,120.0,0.0,2412.0,50.0,2423.0,3000.0,75.0,0.0,300.0,3000.0,120.0
1965-02-15,760.6,249.0,108.0,Top of Dam,108.0,108.0,0.0,2508.0,50.0,2489.0,3000.0,75.0,0.0,295.0,3000.0,108.0
1965-02-16,761.13,237.0,96.0,Top of Dam,96.0,96.0,0.0,2560.0,50.0,2513.0,3000.0,75.0,0.0,285.0,3000.0,96.0
1965-02-17,761.62,222.0,86.0,Top of Dam,86.0,86.0,0.0,2613.0,50.0,2536.0,3000.0,75.0,0.0,271.0,3000.0,86.0
1965-02-18,762.11,207.0,73.0,Top of Dam,73.0,73.0,0.0,2662.0,50.0,2557.0,3000.0,75.0,0.0,256.0,3000.0,73.0
1965-02-19,762.58,202.0,67.0,Top of Dam,67.0,67.0,0.0,2711.0,50.0,2578.0,3000.0,75.0,0.0,250.0,3000.0,67.0
1965-02-20,762.97,184.0,73.0,Top of Dam,73.0,73.0,0.0,2758.0,50.0,2597.0,3000.0,75.0,0.0,232.0,3000.0,73.0
1965-02-21,762.84,189.0,228.0,Rule Curve,228.0,2615.0,0.0,2797.0,50.0,2615.0,3000.0,75.0,0.0,228.0,3000.0,61.0
1965-02-22,763.35,224.0,75.0,Rule Curve,75.0,205.0,0.0,2784.0,50.0,2612.0,3000.0,75.0,0.0,205.0,3000.0,0.0
1965-02-23,763.69,174.0,75.0,Rule Curve,75.0,159.0,0.0,2835.0,50.0,2629.0,3000.0,75.0,0.0,159.0,3000.0,0.0
1965-02-24,763.99,164.0,75.0,Rule Curve,75.0,136.0,0.0,2869.0,50.0,2643.0,3000.0,75.0,0.0,136.0,3000.0,0.0
1965-02-25,764.25,154.0,75.0,Rule Curve,75.0,110.0,0.0,2899.0,50.0,2654.0,3000.0,75.0,0.0,110.0,3000.0,0.0
1965-02-26,764.69,207.0,75.0,Rule Curve,75.0,145.0,0.0,2925.0,50.0,2669.0,3000.0,75.0,0.0,145.0,3000.0,0.0
1965-02-27,765.75,480.0,147.0,Rule Curve,75.0,415.0,0.0,2969.0,50.0,2706.0,3000.0,75.0,0.0,415.0,3000.0,147.0
1965-02-28,765.75,400.0,400.0,Rule Curve,400.0,2742.0,0.0,3000.0,50.0,2742.0,3000.0,75.0,0.0,400.0,3000.0,167.0
1965-03-01,766.57,326.0,75.0,Rule Curve,75.0,282.0,0.0,3000.0,50.0,2737.0,3000.0,75.0,0.0,282.0,3000.0,66.0
1965-03-02,766.58,285.0,282.0,Rule Curve,282.0,2762.0,0.0,3000.0,50.0,2762.0,3000.0,75.0,0.0,282.0,3000.0,73.0
1965-03-03,767.15,255.0,75.0,Rule Curve,75.0,209.0,0.0,3000.0,50.0,2760.0,3000.0,75.0,0.0,209.0,3000.0,0.0
1965-03-04,767.58,225.0,75.0,Rule Curve,75.0,191.0,0.0,3000.0,50.0,2783.0,3000.0,75.0,0.0,191.0,3000.0,0.0
1965-03-05,767.95,207.0,75.0,Rule Curve,75.0,175.0,0.0,3000.0,50.0,2799.0,3000.0,75.0,0.0,175.0,3000.0,0.0
1965-03-06,768.26,183.0,75.0,Rule Curve,75.0,148.0,0.0,3000.0,50.0,2812.0,3000.0,75.0,0.0,148.0,3000.0,0.0
1965-03-07,768.53,173.0,75.0,Rule Curve,75.0,126.0,0.0,3000.0,50.0,2824.0,3000.0,75.0,0.0,126.0,3000.0,0.0
1965-03-08,768.75,153.0,75.0,Rule Curve,75.0,92.0,0.0,3000.0,50.0,2833.0,3000.0,75.0,0.0,92.0,3000.0,0.0
1965-03-09,768.96,148.0,75.0,Rule Curve,75.0,75.0,0.0,3000.0,50.0,2841.0,3000.0,75.0,0.0,67.0,3000.0,0.0
1965-03-10,769.15,143.0,75.0,Rule Curve,75.0,75.0,0.0,3000.0,50.0,2849.0,3000.0,75.0,0.0,40.0,3000.0,0.0
1965-03-11,769.33,138.0,75.0,Rule Curve,75.0,75.0,0.0,3000.0,50.0,2856.0,3000.0,75.0,0.0,13.0,3000.0,0.0
1965-03-12,769.48,128.0,75.0,Rule Curve,75.0,75.0,0.0,3000.0,50.0,2862.0,3000.0,75.0,0.0,0.0,3000.0,0.0
1965-03-13,769.61,122.0,75.0,Rule Curve,75.0,75.0,0.0,3000.0,50.0,2867.0,3000.0,75.0,0.0,0.0,3000.0,0.0
1965-03-14,769.71,109.0,75.0,Rule Curve,75.0,75.0,0.0,3000.0,50.0,2871.0,3000.0,75.0,0.0,0.0,3000.0,0.0
1965-03-15,769.82,114.0,75.0,Rule Curve,75.0,75.0,0.0,3000.0,50.0,2875.0,3000.0,75.0,0.0,0.0,3000.0,0.0
1965-03-16,769.9,104.0,75.0,Rule Curve,75.0,75.0,0.0,3000.0,50.0,2879.0,3000.0,75.0,0.0,0.0,3000.0,0.0
1965-03-17,769.99,104.0,75.0,Rule Curve,75.0,75.0,0.0,3000.0,50.0,2882.0,3000.0,75.0,0.0,0.0,3000.0,0.0
1965-03-18,770.05,99.0,75.0,Rule Curve,75.0,75.0,0.0,3000.0,50.0,2884.0,3000.0,75.0,0.0,0.0,3000.0,0.0
1965-03-19,770.12,99.0,75.0,Rule Curve,75.0,75.0,0.0,3000.0,50.0,2887.0,3000.0,75.0,0.0,0.0,3000.0,0.0
1965-03-20,770.16,89.0,75.0,Rule Curve,75.0,75.0,0.0,3000.0,50.0,2889.0,3000.0,75.0,0.0,0.0,3000.0,0.0
1965-03-21,770.22,94.0,75.0,Rule Curve,75.0,75.0,0.0,3000.0,50.0,2890.0,3000.0,75.0,0.0,0.0,3000.0,0.0
1965-03-22,770.26,89.0,75.0,Rule Curve,75.0,75.0,0.0,3000.0,50.0,2892.0,3000.0,75.0,0.0,0.0,3000.0,0.0
1965-03-23,770.3,89.0,75.0,Rule Curve,75.0,75.0,0.0,3000.0,50.0,2893.0,3000.0,75.0,0.0,0.0,3000.0,0.0
1965-03-24,770.32,84.0,75.0,Rule Curve,75.0,75.0,0.0,3000.0,50.0,2895.0,3000.0,75.0,0.0,0.0,3000.0,0.0
1965-03-25,770.38,94.0,75.0,Rule Curve,75.0,75.0,0.0,3000.0,50.0,2896.0,3000.0,75.0,0.0,0.0,3000.0,0.0
1965-03-26,770.69,185.0,75.0,Rule Curve,75.0,75.0,0.0,3000.0,50.0,2903.0,3000.0,75.0,0.0,0.0,3000.0,0.0
1965-03-27,771.06,205.0,75.0,Rule Curve,75.0,75.0,0.0,3000.0,50.0,2915.0,3000.0,75.0,0.0,0.0,3000.0,0.0
1965-03-28,771.23,134.0,75.0,Rule Curve,75.0,75.0,0.0,3000.0,50.0,2924.0,3000.0,75.0,0.0,0.0,3000.0,0.0
1965-03-29,771.37,124.0,75.0,Rule Curve,75.0,75.0,0.0,3000.0,50.0,2929.0,3000.0,75.0,0.0,0.0,3000.0,0.0
1965-03-30,771.48,114.0,75.0,Rule Curve,75.0,75.0,0.0,3000.0,50.0,2933.0,3000.0,75.0,0.0,0.0,3000.0,0.0
1965-03-31,771.62,124.0,75.0,Rule Curve,75.0,75.0,0.0,3000.0,50.0,2938.0,3000.0,75.0,0.0,0.0,3000.0,0.0
1965-04-01,772.22,297.0,75.0,Rule Curve,75.0,75.0,0.0,3000.0,50.0,2951.0,3000.0,75.0,0.0,0.0,3000.0,0.0
1965-04-02,772.77,297.0,75.0,Rule Curve,75.0,75.0,0.0,3000.0,50.0,2972.0,3000.0,75.0,0.0,0.0,3000.0,0.0
1965-04-03,773.09,206.0,75.0,Rule Curve,75.0,75.0,0.0,3000.0,50.0,2988.0,3000.0,75.0,0.0,0.0,3000.0,0.0
1965-04-04,773.34,176.0,75.0,Rule Curve,75.0,75.0,0.0,3000.0,50.0,2999.0,3000.0,75.0,0.0,0.0,3000.0,0.0
1965-04-05,773.56,165.0,75.0,Rule Curve,75.0,75.0,0.0,3000.0,50.0,3000.0,3000.0,75.0,0.0,0.0,3000.0,0.0
1965-04-06,773.76,153.0,75.0,Rule Curve,75.0,75.0,0.0,3000.0,50.0,3000.0,3000.0,75.0,0.0,0.0,3000.0,0.0
1965-04-07,773.9,133.0,75.0,Rule Curve,75.0,75.0,0.0,3000.0,50.0,3000.0,3000.0,75.0,0.0,0.0,3000.0,0.0
1965-04-08,774.04,133.0,75.0,Rule Curve,75.0,75.0,0.0,3000.0,50.0,3000.0,3000.0,75.0,0.0,0.0,3000.0,0.0
1965-04-09,774.54,274.0,75.0,Rule Curve,75.0,75.0,0.0,3000.0,50.0,3000.0,3000.0,75.0,0.0,0.0,3000.0,0.0
1965-04-10,775.11,304.0,75.0,Rule Curve,75.0,75.0,0.0,3000.0,50.0,3000.0,3000.0,75.0,0.0,0.0,3000.0,0.0
1965-04-11,775.69,311.0,75.0,Rule Curve,75.0,75.0,0.0,3000.0,50.0,3000.0,3000.0,75.0,0.0,0.0,3000.0,0.0
1965-04-12,776.14,261.0,75.0,Rule Curve,75.0,75.0,0.0,3000.0,50.0,3000.0,3000.0,75.0,0.0,0.0,3000.0,0.0
1965-04-13,776.47,225.0,75.0,Rule Curve,75.0,75.0,0.0,3000.0,50.0,3000.0,3000.0,75.0,0.0,0.0,3000.0,0.0
1965-04-14,776.73,195.0,75.0,Rule Curve,75.0,75.0,0.0,3000.0,50.0,3000.0,3000.0,75.0,0.0,0.0,3000.0,0.0
1965-04-15,776.95,175.0,75.0,Rule Curve,75.0,75.0,0.0,3000.0,50.0,3000.0,3000.0,75.0,0.0,0.0,3000.0,0.0
1965-04-16,777.18,170.0,75.0,Rule Curve,75.0,75.0,0.0,3000.0,50.0,3000.0,3000.0,75.0,0.0,0.0,3000.0,0.0
1965-04-17,777.35,145.0,75.0,Rule Curve,75.0,75.0,0.0,3000.0,50.0,3000.0,3000.0,75.0,0.0,0.0,3000.0,0.0
1965-04-18,778.01,342.0,75.0,Rule Curve,75.0,75.0,0.0,3000.0,50.0,3000.0,3000.0,75.0,0.0,0.0,3000.0,0.0
1965-04-19,779.36,702.0,75.0,Rule Curve,75.0,75.0,0.0,3000.0,50.0,3000.0,3000.0,75.0,0.0,0.0,3000.0,0.0
1965-04-20,780.34,555.0,75.0,Rule Curve,75.0,75.0,0.0,3000.0,50.0,3000.0,3000.0,75.0,0.0,0.0,3000.0,0.0
1965-04-21,781.36,555.0,75.0,Rule Curve,75.0,110.0,0.0,3000.0,50.0,3000.0,3000.0,75.0,0.0,110.0,3000.0,0.0
1965-04-22,782.17,475.0,75.0,Rule Curve,75.0,140.0,0.0,3000.0,50.0,3000.0,3000.0,75.0,0.0,140.0,3000.0,0.0
1965-04-23,782.94,425.0,75.0,Rule Curve,75.0,174.0,0.0,3000.0,50.0,3000.0,3000.0,75.0,0.0,174.0,3000.0,0.0
1965-04-24,783.37,304.0,75.0,Rule Curve,75.0,120.0,0.0,3000.0,50.0,3000.0,3000.0,75.0,0.0,120.0,3000.0,0.0
1965-04-25,783.71,264.0,75.0,Rule Curve,75.0,111.0,0.0,3000.0,50.0,3000.0,3000.0,75.0,0.0,111.0,3000.0,0.0
1965-04-26,783.97,223.0,75.0,Rule Curve,75.0,88.0,0.0,3000.0,50.0,3000.0,3000.0,75.0,0.0,88.0,3000.0,0.0
1965-04-27,784.22,203.0,75.0,Rule Curve,75.0,75.0,0.0,3000.0,50.0,3000.0,3000.0,75.0,0.0,74.0,3000.0,0.0
1965-04-28,784.44,183.0,75.0,Rule Curve,75.0,75.0,0.0,3000.0,50.0,3000.0,3000.0,75.0,0.0,53.0,3000.0,0.0
1965-04-29,784.62,168.0,75.0,Rule Curve,75.0,75.0,0.0,3000.0,50.0,3000.0,3000.0,75.0,0.0,30.0,3000.0,0.0
1965-04-30,784.78,153.0,75.0,Rule Curve,75.0,75.0,0.0,3000.0,50.0,3000.0,3000.0,75.0,0.0,2.0,3000.0,0.0
1965-05-01,784.94,158.0,75.0,Rule Curve,75.0,75.0,0.0,3000.0,50.0,3000.0,3000.0,75.0,0.0,0.0,3000.0,0.0
1965-05-02,785.09,148.0,75.0,Rule Curve,75.0,75.0,0.0,3000.0,50.0,3000.0,3000.0,75.0,0.0,0.0,3000.0,0.0
1965-05-03,785.15,107.0,75.0,Rule Curve,75.0,75.0,0.0,3000.0,50.0,3000.0,3000.0,75.0,0.0,0.0,3000.0,0.0
1965-05-04,785.3,148.0,75.0,Rule Curve,75.0,75.0,0.0,3000.0,50.0,3000.0,3000.0,75.0,0.0,0.0,3000.0,0.0
1965-05-05,785.48,168.0,75.0,Rule Curve,75.0,75.0,0.0,3000.0,50.0,3000.0,3000.0,75.0,0.0,0.0,3000.0,0.0
1965-05-06,785.67,173.0,75.0,Rule Curve,75.0,75.0,0.0,3000.0,50.0,3000.0,3000.0,75.0,0.0,0.0,3000.0,0.0
1965-05-07,785.83,153.0,75.0,Rule Curve,75.0,75.0,0.0,3000.0,50.0,3000.0,3000.0,75.0,0.0,0.0,3000.0,0.0
1965-05-08,785.96,143.0,75.0,Rule Curve,75.0,75.0,0.0,3000.0,50.0,3000.0,3000.0,75.0,0.0,0.0,3000.0,0.0
1965-05-09,786.06,129.0,75.0,Rule Curve,75.0,75.0,0.0,3000.0,50.0,3000.0,3000.0,75.0,0.0,0.0,3000.0,0.0
1965-05-10,786.16,129.0,75.0,Rule Curve,75.0,75.0,0.0,3000.0,50.0,3000.0,3000.0,75.0,0.0,0.0,3000.0,0.0
1965-05-11,786.23,114.0,75.0,Rule Curve,75.0,75.0,0.0,3000.0,50.0,3000.0,3000.0,75.0,0.0,0.0,3000.0,0.0
1965-05-12,786.29,106.0,75.0,Rule Curve,75.0,75.0,0.0,3000.0,50.0,3000.0,3000.0,75.0,0.0,0.0,3000.0,0.0
1965-05-13,786.34,103.0,75.0,Rule Curve,75.0,75.0,0.0,3000.0,50.0,3000.0,3000.0,75.0,0.0,0.0,3000.0,0.0
1965-05-14,786.37,94.0,75.0,Rule Curve,75.0,75.0,0.0,3000.0,50.0,3000.0,3000.0,75.0,0.0,0.0,3000.0,0.0
1965-05-15,786.4,89.0,75.0,Rule Curve,75.0,75.0,0.0,3000.0,50.0,3000.0,3000.0,75.0,0.0,0.0,3000.0,0.0
1965-05-16,786.49,124.0,75.0,Rule Curve,75.0,75.0,0.0,3000.0,50.0,3000.0,3000.0,75.0,0.0,0.0,3000.0,0.0
1965-05-17,786.53,99.0,75.0,Rule Curve,75.0,75.0,0.0,3000.0,50.0,3000.0,3000.0,75.0,0.0,0.0,3000.0,0.0
1965-05-18,786.56,89.0,75.0,Rule Curve,75.0,75.0,0.0,3000.0,50.0,3000.0,3000.0,75.0,0.0,0.0,3000.0,0.0
1965-05-19,786.66,135.0,75.0,Rule Curve,75.0,75.0,0.0,3000.0,50.0,3000.0,3000.0,75.0,0.0,0.0,3000.0,0.0
1965-05-20,786.77,135.0,75.0,Rule Curve,75.0,75.0,0.0,3000.0,50.0,3000.0,3000.0,75.0,0.0,0.0,3000.0,0.0
1965-05-21,786.86,124.0,75.0,Rule Curve,75.0,75.0,0.0,3000.0,50.0,3000.0,3000.0,75.0,0.0,0.0,3000.0,0.0
1965-05-22,786.94,119.0,75.0,Rule Curve,75.0,75.0,0.0,3000.0,50.0,3000.0,3000.0,75.0,0.0,0.0,3000.0,0.0
1965-05-23,787.03,124.0,75.0,Rule Curve,75.0,75.0,0.0,3000.0,50.0,3000.0,3000.0,75.0,0.0,0.0,3000.0,0.0
1965-05-24,787.07,99.0,75.0,Rule Curve,75.0,75.0,0.0,3000.0,50.0,3000.0,3000.0,75.0,0.0,0.0,3000.0,0.0
1965-05-25,787.11,94.0,75.0,Rule Curve,75.0,75.0,0.0,3000.0,50.0,3000.0,3000.0,75.0,0.0,0.0,3000.0,0.0
1965-05-26,787.14,94.0,75.0,Rule Curve,75.0,75.0,0.0,3000.0,50.0,3000.0,3000.0,75.0,0.0,0.0,3000.0,0.0
1965-05-27,787.15,79.0,75.0,Rule Curve,75.0,75.0,0.0,3000.0,50.0,3000.0,3000.0,75.0,0.0,0.0,3000.0,0.0
1965-05-28,787.14,74.0,75.0,Rule Curve,75.0,75.0,0.0,3000.0,50.0,3000.0,3000.0,75.0,0.0,0.0,3000.0,0.0
1965-05-29,787.14,74.0,75.0,Rule Curve,75.0,75.0,0.0,3000.0,50.0,3000.0,3000.0,75.0,0.0,0.0,3000.0,
1965-05-30,787.13,69.0,75.0,Rule Curve,75.0,75.0,0.0,3000.0,50.0,3000.0,3000.0,75.0,0.0,0.0,3000.0,
1965-05-31,787.12,69.0,75.0,Rule Curve,75.0,75.0,0.0,3000.0,50.0,3000.0,3000.0,75.0,0.0,0.0,3000.0,
