Date,Elevation,Inflow,Outflow,Zone,Min limit,Max limit
1963-01-02,693.0,868.0,868.0,Rule Curve,0.0,13674.0
1963-01-03,693.0,1439.0,1439.0,Rule Curve,0.0,14245.0
1963-01-04,693.0,1553.0,1553.0,Rule Curve,0.0,14359.0
1963-01-05,693.0,1595.0,1595.0,Rule Curve,0.0,14401.0
1963-01-06,693.0,1585.0,1585.0,Rule Curve,0.0,14391.0
1963-01-07,693.0,1554.0,1554.0,Rule Curve,0.0,14360.0
1963-01-08,693.0,1544.0,1544.0,Rule Curve,0.0,14349.0
1963-01-09,693.0,1490.0,1490.0,Rule Curve,0.0,14296.0
1963-01-10,693.0,1414.0,1414.0,Rule Curve,0.0,14220.0
1963-01-11,693.0,1369.0,1369.0,Rule Curve,0.0,14175.0
1963-01-12,693.0,1326.0,1326.0,Rule Curve,0.0,14132.0
1963-01-13,693.0,1361.0,1361.0,Rule Curve,0.0,14167.0
1963-01-14,693.0,1267.0,1267.0,Rule Curve,0.0,14073.0
1963-01-15,693.0,1354.0,1354.0,Rule Curve,0.0,14160.0
1963-01-16,693.0,1306.0,1306.0,Rule Curve,0.0,14112.0
1963-01-17,693.0,1280.0,1280.0,Rule Curve,0.0,14086.0
1963-01-18,693.0,1253.0,1253.0,Rule Curve,0.0,14059.0
1963-01-19,693.0,1234.0,1234.0,Rule Curve,0.0,14040.0
1963-01-20,693.0,1208.0,1208.0,Rule Curve,0.0,14014.0
1963-01-21,693.0,1202.0,1202.0,Rule Curve,0.0,14008.0
1963-01-22,693.0,1200.0,1200.0,Rule Curve,0.0,14006.0
1963-01-23,693.0,1350.0,1350.0,Rule Curve,0.0,14156.0
1963-01-24,693.0,1350.0,1350.0,Rule Curve,0.0,14156.0
1963-01-25,693.0,1350.0,1350.0,Rule Curve,0.0,14156.0
1963-01-26,693.0,1350.0,1350.0,Rule Curve,0.0,14156.0
1963-01-27,693.0,1350.0,1350.0,Rule Curve,0.0,14156.0
1963-01-28,693.0,1350.0,1350.0,Rule Curve,0.0,14156.0
1963-01-29,693.0,1350.0,1350.0,Rule Curve,0.0,14156.0
1963-01-30,693.0,1350.0,1350.0,Rule Curve,0.0,14156.0
1963-01-31,693.0,1350.0,1350.0,Rule Curve,0.0,14156.0
1963-02-01,693.0,4281.0,4281.0,Rule Curve,0.0,17087.0
1963-02-02,693.0,6496.0,6496.0,Rule Curve,0.0,19302.0
1963-02-03,693.0,7257.0,7257.0,Rule Curve,0.0,20063.0
1963-02-04,693.0,6880.0,6880.0,Rule Curve,0.0,19686.0
1963-02-05,693.0,5913.0,5913.0,Rule Curve,0.0,18719.0
1963-02-06,693.0,4703.0,4703.0,Rule Curve,0.0,17509.0
1963-02-07,693.0,3631.0,3631.0,Rule Curve,0.0,16436.0
1963-02-08,693.0,2559.0,2559.0,Rule Curve,0.0,15365.0
1963-02-09,693.0,1681.0,1681.0,Rule Curve,0.0,14487.0
1963-02-10,693.0,1200.0,1200.0,Rule Curve,0.0,14006.0
1963-02-11,693.0,1200.0,1200.0,Rule Curve,0.0,14006.0
1963-02-12,693.0,1200.0,1200.0,Rule Curve,0.0,14006.0
1963-02-13,693.0,1350.0,1350.0,Rule Curve,0.0,14156.0
1963-02-14,693.0,1350.0,1350.0,Rule Curve,0.0,14156.0
1963-02-15,693.0,1350.0,1350.0,Rule Curve,0.0,14156.0
1963-02-16,693.0,1350.0,1350.0,Rule Curve,0.0,14156.0
1963-02-17,693.0,1350.0,1350.0,Rule Curve,0.0,14156.0
1963-02-18,693.0,1350.0,1350.0,Rule Curve,0.0,14156.0
1963-02-19,693.0,1350.0,1350.0,Rule Curve,0.0,14156.0
1963-02-20,693.0,1350.0,1350.0,Rule Curve,0.0,14156.0
1963-02-21,693.0,1350.0,1350.0,Rule Curve,0.0,14156.0
1963-02-22,693.0,1350.0,1350.0,Rule Curve,0.0,14156.0
1963-02-23,693.0,1350.0,1350.0,Rule Curve,0.0,14156.0
1963-02-24,693.0,1350.0,1350.0,Rule Curve,0.0,14156.0
1963-02-25,693.0,1350.0,1350.0,Rule Curve,0.0,14156.0
1963-02-26,693.0,1350.0,1350.0,Rule Curve,0.0,14156.0
1963-02-27,693.0,1350.0,1350.0,Rule Curve,0.0,14156.0
1963-02-28,693.0,1350.0,1350.0,Rule Curve,0.0,14156.0
1963-03-01,693.0,1350.0,1350.0,Rule Curve,0.0,14156.0
1963-03-02,693.0,1350.0,1350.0,Rule Curve,0.0,14156.0
1963-03-03,693.0,1350.0,1350.0,Rule Curve,0.0,14156.0
1963-03-04,693.0,1350.0,1350.0,Rule Curve,0.0,14156.0
1963-03-05,693.0,1350.0,1350.0,Rule Curve,0.0,14156.0
1963-03-06,693.0,1350.0,1350.0,Rule Curve,0.0,14156.0
1963-03-07,693.0,1350.0,1350.0,Rule Curve,0.0,14156.0
1963-03-08,693.0,1350.0,1350.0,Rule Curve,0.0,14156.0
1963-03-09,693.0,1350.0,1350.0,Rule Curve,0.0,14156.0
1963-03-10,693.0,1350.0,1350.0,Rule Curve,0.0,14156.0
1963-03-11,693.0,1350.0,1350.0,Rule Curve,0.0,14156.0
1963-03-12,693.0,1350.0,1350.0,Rule Curve,0.0,14156.0
1963-03-13,693.0,1350.0,1350.0,Rule Curve,0.0,14156.0
1963-03-14,693.0,1350.0,1350.0,Rule Curve,0.0,14156.0
1963-03-15,693.0,1350.0,1350.0,Rule Curve,0.0,14156.0
1963-03-16,693.0,1350.0,1350.0,Rule Curve,0.0,14156.0
1963-03-17,693.0,1350.0,1350.0,Rule Curve,0.0,14156.0
1963-03-18,693.0,1350.0,1350.0,Rule Curve,0.0,14156.0
1963-03-19,693.0,1350.0,1350.0,Rule Curve,0.0,14156.0
1963-03-20,693.0,1350.0,1350.0,Rule Curve,0.0,14156.0
1963-03-21,693.0,1350.0,1350.0,Rule Curve,0.0,14156.0
1963-03-22,693.0,1350.0,1350.0,Rule Curve,0.0,14156.0
1963-03-23,693.0,1350.0,1350.0,Rule Curve,0.0,14156.0
1963-03-24,693.0,1350.0,1350.0,Rule Curve,0.0,14156.0
1963-03-25,693.0,1350.0,1350.0,Rule Curve,0.0,14156.0
1963-03-26,693.0,1350.0,1350.0,Rule Curve,0.0,14156.0
1963-03-27,693.0,1350.0,1350.0,Rule Curve,0.0,14156.0
1963-03-28,693.0,1350.0,1350.0,Rule Curve,0.0,14156.0
1963-03-29,693.0,1350.0,1350.0,Rule Curve,0.0,14156.0
1963-03-30,693.0,2700.0,2700.0,Rule Curve,0.0,15506.0
1963-03-31,693.0,4995.0,4995.0,Rule Curve,0.0,17801.0
1963-04-01,693.0,3146.0,3146.0,Rule Curve,0.0,15952.0
1963-04-02,693.0,2680.0,2680.0,Rule Curve,0.0,15486.0
1963-04-03,693.0,2752.0,2752.0,Rule Curve,0.0,15558.0
1963-04-04,693.0,3179.0,3179.0,Rule Curve,0.0,15985.0
1963-04-05,693.0,3798.0,3798.0,Rule Curve,0.0,16604.0
1963-04-06,693.0,5058.0,5058.0,Rule Curve,0.0,17864.0
1963-04-07,693.0,4608.0,4608.0,Rule Curve,0.0,17414.0
1963-04-08,693.0,3890.0,3890.0,Rule Curve,0.0,16696.0
1963-04-09,693.0,3720.0,3720.0,Rule Curve,0.0,16526.0
1963-04-10,693.0,3520.0,3520.0,Rule Curve,0.0,16326.0
1963-04-11,693.0,3070.0,3070.0,Rule Curve,0.0,15876.0
1963-04-12,693.0,3050.0,3050.0,Rule Curve,0.0,15856.0
1963-04-13,693.0,2690.0,2690.0,Rule Curve,0.0,15496.0
1963-04-14,693.0,2950.0,2950.0,Rule Curve,0.0,15756.0
1963-04-15,693.0,1475.0,1475.0,Rule Curve,0.0,14281.0
1963-04-16,693.0,1350.0,1350.0,Rule Curve,0.0,14156.0
1963-04-17,693.0,1350.0,1350.0,Rule Curve,0.0,14156.0
1963-04-18,693.0,1350.0,1350.0,Rule Curve,0.0,14156.0
1963-04-19,693.0,1350.0,1350.0,Rule Curve,0.0,14156.0
1963-04-20,693.0,1350.0,1350.0,Rule Curve,0.0,14156.0
1963-04-21,693.0,1350.0,1350.0,Rule Curve,0.0,14156.0
1963-04-22,693.0,1350.0,1350.0,Rule Curve,0.0,14156.0
1963-04-23,693.0,1350.0,1350.0,Rule Curve,0.0,14156.0
1963-04-24,693.0,1350.0,1350.0,Rule Curve,0.0,14156.0
1963-04-25,693.0,1350.0,1350.0,Rule Curve,0.0,14156.0
1963-04-26,693.0,1350.0,1350.0,Rule Curve,0.0,14156.0
1963-04-27,693.0,1350.0,1350.0,Rule Curve,0.0,14156.0
1963-04-28,693.0,1350.0,1350.0,Rule Curve,0.0,14156.0
1963-04-29,693.0,1350.0,1350.0,Rule Curve,0.0,14156.0
1963-04-30,693.0,1350.0,1350.0,Rule Curve,0.0,14156.0
1963-05-01,693.0,1350.0,1350.0,Rule Curve,0.0,14156.0
1963-05-02,693.0,1350.0,1350.0,Rule Curve,0.0,14156.0
1963-05-03,693.0,1350.0,1350.0,Rule Curve,0.0,14156.0
1963-05-04,693.0,1350.0,1350.0,Rule Curve,0.0,14156.0
1963-05-05,693.0,1350.0,1350.0,Rule Curve,0.0,14156.0
1963-05-06,693.0,1566.0,1566.0,Rule Curve,0.0,14371.0
1963-05-07,693.0,7065.0,7065.0,Rule Curve,0.0,19871.0
1963-05-08,693.0,11913.0,11913.0,Rule Curve,0.0,24719.0
1963-05-09,693.0,13157.0,13157.0,Rule Curve,0.0,25963.0
1963-05-10,693.0,14403.0,14403.0,Rule Curve,0.0,27209.0
1963-05-11,693.0,7201.0,7201.0,Rule Curve,0.0,20007.0
1963-05-12,693.0,6763.0,6763.0,Rule Curve,0.0,19568.0
1963-05-13,693.0,5391.0,5391.0,Rule Curve,0.0,18197.0
1963-05-14,693.0,4877.0,4877.0,Rule Curve,0.0,17683.0
1963-05-15,693.0,4855.0,4855.0,Rule Curve,0.0,17661.0
1963-05-16,693.0,4209.0,4209.0,Rule Curve,0.0,17014.0
1963-05-17,693.0,4292.0,4292.0,Rule Curve,0.0,17097.0
1963-05-18,693.0,4790.0,4790.0,Rule Curve,0.0,17596.0
1963-05-19,693.0,5493.0,5493.0,Rule Curve,0.0,18299.0
1963-05-20,693.0,5578.0,5578.0,Rule Curve,0.0,18383.0
1963-05-21,693.0,5458.0,5458.0,Rule Curve,0.0,18263.0
1963-05-22,693.0,5203.0,5203.0,Rule Curve,0.0,18009.0
1963-05-23,693.0,4401.0,4401.0,Rule Curve,0.0,17207.0
1963-05-24,693.0,3601.0,3601.0,Rule Curve,0.0,16407.0
1963-05-25,693.0,3218.0,3218.0,Rule Curve,0.0,16023.0
1963-05-26,693.0,2918.0,2918.0,Rule Curve,0.0,15724.0
1963-05-27,693.0,2559.0,2559.0,Rule Curve,0.0,15365.0
1963-05-28,693.0,2604.0,2604.0,Rule Curve,0.0,15409.0
1963-05-29,693.0,2378.0,2378.0,Rule Curve,0.0,15184.0
1963-05-30,693.0,2316.0,2316.0,Rule Curve,0.0,15122.0
1963-05-31,693.0,2188.0,2188.0,Rule Curve,0.0,14993.0
1963-06-01,693.0,2064.0,2064.0,Rule Curve,0.0,14870.0
1963-06-02,693.0,2048.0,2048.0,Rule Curve,0.0,14854.0
1963-06-03,693.0,2031.0,2031.0,Rule Curve,0.0,14837.0
1963-06-04,693.0,1990.0,1990.0,Rule Curve,0.0,14796.0
1963-06-05,693.0,2304.0,2304.0,Rule Curve,0.0,15110.0
1963-06-06,693.0,2215.0,2215.0,Rule Curve,0.0,15020.0
1963-06-07,693.0,2183.0,2183.0,Rule Curve,0.0,14989.0
1963-06-08,693.0,1853.0,1853.0,Rule Curve,0.0,14659.0
1963-06-09,693.0,1839.0,1839.0,Rule Curve,0.0,14645.0
1963-06-10,693.0,2016.0,2016.0,Rule Curve,0.0,14822.0
1963-06-11,693.0,1847.0,1847.0,Rule Curve,0.0,14653.0
1963-06-12,693.0,1677.0,1677.0,Rule Curve,0.0,14483.0
1963-06-13,693.0,1635.0,1635.0,Rule Curve,0.0,14440.0
1963-06-14,693.0,1564.0,1564.0,Rule Curve,0.0,14370.0
1963-06-15,693.0,1470.0,1470.0,Rule Curve,0.0,14276.0
1963-06-16,693.0,1421.0,1421.0,Rule Curve,0.0,14227.0
1963-06-17,693.0,1451.0,1451.0,Rule Curve,0.0,14257.0
1963-06-18,693.0,1350.0,1350.0,Rule Curve,0.0,14156.0
1963-06-19,693.0,1350.0,1350.0,Rule Curve,0.0,14156.0
1963-06-20,693.0,1365.0,1365.0,Rule Curve,0.0,14170.0
1963-06-21,693.0,1650.0,1650.0,Rule Curve,0.0,14456.0
1963-06-22,693.0,1979.0,1979.0,Rule Curve,0.0,14784.0
1963-06-23,693.0,1817.0,1817.0,Rule Curve,0.0,14623.0
1963-06-24,693.0,1858.0,1858.0,Rule Curve,0.0,14663.0
1963-06-25,693.0,1500.0,1500.0,Rule Curve,0.0,14306.0
1963-06-26,693.0,1370.0,1370.0,Rule Curve,0.0,14176.0
1963-06-27,693.0,1505.0,1505.0,Rule Curve,0.0,14311.0
1963-06-28,693.0,1564.0,1564.0,Rule Curve,0.0,14370.0
1963-06-29,693.0,1622.0,1622.0,Rule Curve,0.0,14428.0
1963-06-30,693.0,1699.0,1699.0,Rule Curve,0.0,14505.0
1963-07-01,693.0,1560.0,1560.0,Rule Curve,0.0,14366.0
1963-07-02,693.0,1435.0,1435.0,Rule Curve,0.0,14241.0
1963-07-03,693.0,1382.0,1382.0,Rule Curve,0.0,14187.0
1963-07-04,693.0,1350.0,1350.0,Rule Curve,0.0,14156.0
1963-07-05,693.0,1350.0,1350.0,Rule Curve,0.0,14156.0
1963-07-06,693.0,1350.0,1350.0,Rule Curve,0.0,14156.0
1963-07-07,693.0,1385.0,1385.0,Rule Curve,0.0,14190.0
1963-07-08,693.0,1465.0,1465.0,Rule Curve,0.0,14271.0
1963-07-09,693.0,1421.0,1421.0,Rule Curve,0.0,14227.0
1963-07-10,693.0,1376.0,1376.0,Rule Curve,0.0,14182.0
1963-07-11,693.0,1404.0,1404.0,Rule Curve,0.0,14210.0
1963-07-12,693.0,1354.0,1354.0,Rule Curve,0.0,14160.0
1963-07-13,693.0,1350.0,1350.0,Rule Curve,0.0,14156.0
1963-07-14,693.0,1350.0,1350.0,Rule Curve,0.0,14156.0
1963-07-15,693.0,1350.0,1350.0,Rule Curve,0.0,14156.0
1963-07-16,693.0,1350.0,1350.0,Rule Curve,0.0,14156.0
1963-07-17,693.0,1350.0,1350.0,Rule Curve,0.0,14156.0
1963-07-18,693.0,1350.0,1350.0,Rule Curve,0.0,14156.0
1963-07-19,693.0,1350.0,1350.0,Rule Curve,0.0,14156.0
1963-07-20,693.0,1350.0,1350.0,Rule Curve,0.0,14156.0
1963-07-21,693.0,1350.0,1350.0,Rule Curve,0.0,14156.0
1963-07-22,693.0,1350.0,1350.0,Rule Curve,0.0,14156.0
1963-07-23,693.0,1350.0,1350.0,Rule Curve,0.0,14156.0
1963-07-24,693.0,1350.0,1350.0,Rule Curve,0.0,14156.0
1963-07-25,693.0,1350.0,1350.0,Rule Curve,0.0,14156.0
1963-07-26,693.0,1350.0,1350.0,Rule Curve,0.0,14156.0
1963-07-27,693.0,1350.0,1350.0,Rule Curve,0.0,14156.0
1963-07-28,693.0,1350.0,1350.0,Rule Curve,0.0,14156.0
1963-07-29,693.0,1350.0,1350.0,Rule Curve,0.0,14156.0
1963-07-30,693.0,1350.0,1350.0,Rule Curve,0.0,14156.0
1963-07-31,693.0,1350.0,1350.0,Rule Curve,0.0,14156.0
1963-08-01,693.0,1350.0,1350.0,Rule Curve,0.0,14156.0
1963-08-02,693.0,1350.0,1350.0,Rule Curve,0.0,14156.0
1963-08-03,693.0,1350.0,1350.0,Rule Curve,0.0,14156.0
1963-08-04,693.0,1350.0,1350.0,Rule Curve,0.0,14156.0
1963-08-05,693.0,1350.0,1350.0,Rule Curve,0.0,14156.0
1963-08-06,693.0,1350.0,1350.0,Rule Curve,0.0,14156.0
1963-08-07,693.0,1350.0,1350.0,Rule Curve,0.0,14156.0
1963-08-08,693.0,1350.0,1350.0,Rule Curve,0.0,14156.0
1963-08-09,693.0,1350.0,1350.0,Rule Curve,0.0,14156.0
1963-08-10,693.0,1350.0,1350.0,Rule Curve,0.0,14156.0
1963-08-11,693.0,1350.0,1350.0,Rule Curve,0.0,14156.0
1963-08-12,693.0,1350.0,1350.0,Rule Curve,0.0,14156.0
1963-08-13,693.0,1350.0,1350.0,Rule Curve,0.0,14156.0
1963-08-14,693.0,1350.0,1350.0,Rule Curve,0.0,14156.0
1963-08-15,693.0,1350.0,1350.0,Rule Curve,0.0,14156.0
1963-08-16,693.0,1350.0,1350.0,Rule Curve,0.0,14156.0
1963-08-17,693.0,1350.0,1350.0,Rule Curve,0.0,14156.0
1963-08-18,693.0,1350.0,1350.0,Rule Curve,0.0,14156.0
1963-08-19,693.0,1350.0,1350.0,Rule Curve,0.0,14156.0
1963-08-20,693.0,1350.0,1350.0,Rule Curve,0.0,14156.0
1963-08-21,693.0,1350.0,1350.0,Rule Curve,0.0,14156.0
1963-08-22,693.0,1350.0,1350.0,Rule Curve,0.0,14156.0
1963-08-23,693.0,1350.0,1350.0,Rule Curve,0.0,14156.0
1963-08-24,693.0,1350.0,1350.0,Rule Curve,0.0,14156.0
1963-08-25,693.0,1350.0,1350.0,Rule Curve,0.0,14156.0
1963-08-26,693.0,1350.0,1350.0,Rule Curve,0.0,14156.0
1963-08-27,693.0,1350.0,1350.0,Rule Curve,0.0,14156.0
1963-08-28,693.0,1350.0,1350.0,Rule Curve,0.0,14156.0
1963-08-29,693.0,1350.0,1350.0,Rule Curve,0.0,14156.0
1963-08-30,693.0,1350.0,1350.0,Rule Curve,0.0,14156.0
1963-08-31,693.0,1350.0,1350.0,Rule Curve,0.0,14156.0
1963-09-01,693.0,1350.0,1350.0,Rule Curve,0.0,14156.0
1963-09-02,693.0,1350.0,1350.0,Rule Curve,0.0,14156.0
1963-09-03,693.0,1350.0,1350.0,Rule Curve,0.0,14156.0
1963-09-04,693.0,1350.0,1350.0,Rule Curve,0.0,14156.0
1963-09-05,693.0,1350.0,1350.0,Rule Curve,0.0,14156.0
1963-09-06,693.0,1350.0,1350.0,Rule Curve,0.0,14156.0
1963-09-07,693.0,1350.0,1350.0,Rule Curve,0.0,14156.0
1963-09-08,693.0,1350.0,1350.0,Rule Curve,0.0,14156.0
1963-09-09,693.0,1350.0,1350.0,Rule Curve,0.0,14156.0
1963-09-10,693.0,1350.0,1350.0,Rule Curve,0.0,14156.0
1963-09-11,693.0,1350.0,1350.0,Rule Curve,0.0,14156.0
1963-09-12,693.0,1350.0,1350.0,Rule Curve,0.0,14156.0
1963-09-13,693.0,1350.0,1350.0,Rule Curve,0.0,14156.0
1963-09-14,693.0,1350.0,1350.0,Rule Curve,0.0,14156.0
1963-09-15,693.0,2700.0,2700.0,Rule Curve,0.0,15506.0
1963-09-16,693.0,4489.0,4489.0,Rule Curve,0.0,17295.0
1963-09-17,693.0,4079.0,4079.0,Rule Curve,0.0,16885.0
1963-09-18,693.0,3950.0,3950.0,Rule Curve,0.0,16756.0
1963-09-19,693.0,3891.0,3891.0,Rule Curve,0.0,16697.0
1963-09-20,693.0,3740.0,3740.0,Rule Curve,0.0,16546.0
1963-09-21,693.0,3674.0,3674.0,Rule Curve,0.0,16479.0
1963-09-22,693.0,3639.0,3639.0,Rule Curve,0.0,16445.0
1963-09-23,693.0,3746.0,3746.0,Rule Curve,0.0,16552.0
1963-09-24,693.0,3753.0,3753.0,Rule Curve,0.0,16559.0
1963-09-25,693.0,3973.0,3973.0,Rule Curve,0.0,16778.0
1963-09-26,693.0,4525.0,4525.0,Rule Curve,0.0,17331.0
1963-09-27,693.0,4647.0,4647.0,Rule Curve,0.0,17453.0
1963-09-28,693.0,4310.0,4310.0,Rule Curve,0.0,17116.0
1963-09-29,693.0,4452.0,4452.0,Rule Curve,0.0,17258.0
1963-09-30,693.0,4454.0,4454.0,Rule Curve,0.0,17260.0
1963-10-01,693.0,4436.0,4436.0,Rule Curve,0.0,17242.0
1963-10-02,693.0,4502.0,4502.0,Rule Curve,0.0,17308.0
1963-10-03,693.0,4505.0,4505.0,Rule Curve,0.0,17311.0
1963-10-04,693.0,4506.0,4506.0,Rule Curve,0.0,17312.0
1963-10-05,693.0,4514.0,4514.0,Rule Curve,0.0,17320.0
1963-10-06,693.0,4551.0,4551.0,Rule Curve,0.0,17357.0
1963-10-07,693.0,4543.0,4543.0,Rule Curve,0.0,17349.0
1963-10-08,693.0,4535.0,4535.0,Rule Curve,0.0,17341.0
1963-10-09,693.0,4561.0,4561.0,Rule Curve,0.0,17366.0
1963-10-10,693.0,4550.0,4550.0,Rule Curve,0.0,17356.0
1963-10-11,693.0,4486.0,4486.0,Rule Curve,0.0,17292.0
1963-10-12,693.0,4516.0,4516.0,Rule Curve,0.0,17322.0
1963-10-13,693.0,4550.0,4550.0,Rule Curve,0.0,17356.0
1963-10-14,693.0,4465.0,4465.0,Rule Curve,0.0,17271.0
1963-10-15,693.0,4418.0,4418.0,Rule Curve,0.0,17224.0
1963-10-16,693.0,4441.0,4441.0,Rule Curve,0.0,17247.0
1963-10-17,693.0,4465.0,4465.0,Rule Curve,0.0,17271.0
1963-10-18,693.0,4381.0,4381.0,Rule Curve,0.0,17187.0
1963-10-19,693.0,4354.0,4354.0,Rule Curve,0.0,17159.0
1963-10-20,693.0,4379.0,4379.0,Rule Curve,0.0,17184.0
1963-10-21,693.0,4442.0,4442.0,Rule Curve,0.0,17248.0
1963-10-22,693.0,4637.0,4637.0,Rule Curve,0.0,17443.0
1963-10-23,693.0,4915.0,4915.0,Rule Curve,0.0,17721.0
1963-10-24,693.0,4831.0,4831.0,Rule Curve,0.0,17637.0
1963-10-25,693.0,5081.0,5081.0,Rule Curve,0.0,17887.0
1963-10-26,693.0,4985.0,4985.0,Rule Curve,0.0,17791.0
1963-10-27,693.0,4860.0,4860.0,Rule Curve,0.0,17666.0
1963-10-28,693.0,4720.0,4720.0,Rule Curve,0.0,17526.0
1963-10-29,693.0,4687.0,4687.0,Rule Curve,0.0,17492.0
1963-10-30,693.0,4644.0,4644.0,Rule Curve,0.0,17450.0
1963-10-31,693.0,4579.0,4579.0,Rule Curve,0.0,17385.0
1963-11-01,693.0,4586.0,4586.0,Rule Curve,0.0,17391.0
1963-11-02,693.0,4619.0,4619.0,Rule Curve,0.0,17425.0
1963-11-03,693.0,4591.0,4591.0,Rule Curve,0.0,17397.0
1963-11-04,693.0,4827.0,4827.0,Rule Curve,0.0,17633.0
1963-11-05,693.0,5179.0,5179.0,Rule Curve,0.0,17985.0
1963-11-06,693.0,5475.0,5475.0,Rule Curve,0.0,18281.0
1963-11-07,693.0,6506.0,6506.0,Rule Curve,0.0,19312.0
1963-11-08,693.0,11282.0,11282.0,Rule Curve,0.0,24088.0
1963-11-09,693.0,11751.0,11751.0,Rule Curve,0.0,24557.0
1963-11-10,693.0,11865.0,11865.0,Rule Curve,0.0,24671.0
1963-11-11,693.0,8989.0,8989.0,Rule Curve,0.0,21795.0
1963-11-12,693.0,8684.0,8684.0,Rule Curve,0.0,21490.0
1963-11-13,693.0,7963.0,7963.0,Rule Curve,0.0,20769.0
1963-11-14,693.0,9243.0,9243.0,Rule Curve,0.0,22048.0
1963-11-15,693.0,9861.0,9861.0,Rule Curve,0.0,22666.0
1963-11-16,693.0,9903.0,9903.0,Rule Curve,0.0,22709.0
1963-11-17,693.0,9672.0,9672.0,Rule Curve,0.0,22478.0
1963-11-18,693.0,9496.0,9496.0,Rule Curve,0.0,22302.0
1963-11-19,693.0,9107.0,9107.0,Rule Curve,0.0,21913.0
1963-11-20,693.0,7405.0,7405.0,Rule Curve,0.0,20211.0
1963-11-21,693.0,6395.0,6395.0,Rule Curve,0.0,19201.0
1963-11-22,693.0,5979.0,5979.0,Rule Curve,0.0,18785.0
1963-11-23,693.0,6805.0,6805.0,Rule Curve,0.0,19611.0
1963-11-24,693.0,7025.0,7025.0,Rule Curve,0.0,19831.0
1963-11-25,693.0,6618.0,6618.0,Rule Curve,0.0,19424.0
1963-11-26,693.0,5822.0,5822.0,Rule Curve,0.0,18628.0
1963-11-27,693.0,5636.0,5636.0,Rule Curve,0.0,18441.0
1963-11-28,693.0,5202.0,5202.0,Rule Curve,0.0,18008.0
1963-11-29,693.0,4729.0,4729.0,Rule Curve,0.0,17535.0
1963-11-30,693.0,4678.0,4678.0,Rule Curve,0.0,17484.0
1963-12-01,693.0,4010.0,4010.0,Rule Curve,0.0,16816.0
1963-12-02,693.0,3571.0,3571.0,Rule Curve,0.0,16377.0
1963-12-03,693.0,3115.0,3115.0,Rule Curve,0.0,15921.0
1963-12-04,693.0,2641.0,2641.0,Rule Curve,0.0,15446.0
1963-12-05,693.0,2528.0,2528.0,Rule Curve,0.0,15334.0
1963-12-06,693.0,3668.0,3668.0,Rule Curve,0.0,16474.0
1963-12-07,693.0,3376.0,3376.0,Rule Curve,0.0,16182.0
1963-12-08,693.0,3372.0,3372.0,Rule Curve,0.0,16178.0
1963-12-09,693.0,3255.0,3255.0,Rule Curve,0.0,16060.0
1963-12-10,693.0,2932.0,2932.0,Rule Curve,0.0,15738.0
1963-12-11,693.0,3031.0,3031.0,Rule Curve,0.0,15837.0
1963-12-12,693.0,2608.0,2608.0,Rule Curve,0.0,15414.0
1963-12-13,693.0,2436.0,2436.0,Rule Curve,0.0,15242.0
1963-12-14,693.0,2353.0,2353.0,Rule Curve,0.0,15159.0
1963-12-15,693.0,2174.0,2174.0,Rule Curve,0.0,14980.0
1963-12-16,693.0,1955.0,1955.0,Rule Curve,0.0,14761.0
1963-12-17,693.0,1913.0,1913.0,Rule Curve,0.0,14718.0
1963-12-18,693.0,1761.0,1761.0,Rule Curve,0.0,14567.0
1963-12-19,693.0,1805.0,1805.0,Rule Curve,0.0,14611.0
1963-12-20,693.0,2091.0,2091.0,Rule Curve,0.0,14897.0
1963-12-21,693.0,1350.0,1350.0,Rule Curve,0.0,14156.0
1963-12-22,693.0,1350.0,1350.0,Rule Curve,0.0,14156.0
1963-12-23,693.0,1350.0,1350.0,Rule Curve,0.0,14156.0
1963-12-24,693.0,1350.0,1350.0,Rule Curve,0.0,14156.0
1963-12-25,693.0,1350.0,1350.0,Rule Curve,0.0,14156.0
1963-12-26,693.0,1350.0,1350.0,Rule Curve,0.0,14156.0
1963-12-27,693.0,1350.0,1350.0,Rule Curve,0.0,14156.0
1963-12-28,693.0,1350.0,1350.0,Rule Curve,0.0,14156.0
1963-12-29,693.0,1350.0,1350.0,Rule Curve,0.0,14156.0
1963-12-30,693.0,1350.0,1350.0,Rule Curve,0.0,14156.0
1963-12-31,693.0,1350.0,1350.0,Rule Curve,0.0,14156.0
1964-01-01,693.0,1350.0,1350.0,Rule Curve,0.0,14156.0
1964-01-02,693.0,1350.0,1350.0,Rule Curve,0.0,14156.0
1964-01-03,693.0,1350.0,1350.0,Rule Curve,0.0,14156.0
1964-01-04,693.0,1350.0,1350.0,Rule Curve,0.0,14156.0
1964-01-05,693.0,1350.0,1350.0,Rule Curve,0.0,14156.0
1964-01-06,693.0,1350.0,1350.0,Rule Curve,0.0,14156.0
1964-01-07,693.0,1350.0,1350.0,Rule Curve,0.0,14156.0
1964-01-08,693.0,1469.0,1469.0,Rule Curve,0.0,14275.0
1964-01-09,693.0,4400.0,4400.0,Rule Curve,0.0,17206.0
1964-01-10,693.0,4400.0,4400.0,Rule Curve,0.0,17206.0
1964-01-11,693.0,4400.0,4400.0,Rule Curve,0.0,17206.0
1964-01-12,693.0,4400.0,4400.0,Rule Curve,0.0,17206.0
1964-01-13,693.0,4071.0,4071.0,Rule Curve,0.0,16877.0
1964-01-14,693.0,4113.0,4113.0,Rule Curve,0.0,16919.0
1964-01-15,693.0,4004.0,4004.0,Rule Curve,0.0,16810.0
1964-01-16,693.0,4196.0,4196.0,Rule Curve,0.0,17002.0
1964-01-17,693.0,5772.0,5772.0,Rule Curve,0.0,18578.0
1964-01-18,693.0,5775.0,5775.0,Rule Curve,0.0,18581.0
1964-01-19,693.0,5646.0,5646.0,Rule Curve,0.0,18452.0
1964-01-20,693.0,4400.0,4400.0,Rule Curve,0.0,17206.0
1964-01-21,693.0,5662.0,5662.0,Rule Curve,0.0,18468.0
1964-01-22,693.0,6407.0,6407.0,Rule Curve,0.0,19213.0
1964-01-23,693.0,6596.0,6596.0,Rule Curve,0.0,19402.0
1964-01-24,693.0,6431.0,6431.0,Rule Curve,0.0,19237.0
1964-01-25,693.0,6459.0,6459.0,Rule Curve,0.0,19265.0
1964-01-26,693.0,6864.0,6864.0,Rule Curve,0.0,19670.0
1964-01-27,693.0,7031.0,7031.0,Rule Curve,0.0,19837.0
1964-01-28,693.0,7111.0,7111.0,Rule Curve,0.0,19917.0
1964-01-29,693.0,7029.0,7029.0,Rule Curve,0.0,19835.0
1964-01-30,693.0,6876.0,6876.0,Rule Curve,0.0,19681.0
1964-01-31,693.0,6692.0,6692.0,Rule Curve,0.0,19498.0
1964-02-01,693.0,6610.0,6610.0,Rule Curve,0.0,19416.0
1964-02-02,693.0,5859.0,5859.0,Rule Curve,0.0,18665.0
1964-02-03,693.0,4371.0,4371.0,Rule Curve,0.0,17177.0
1964-02-04,693.0,3216.0,3216.0,Rule Curve,0.0,16022.0
1964-02-05,693.0,2253.0,2253.0,Rule Curve,0.0,15059.0
1964-02-06,693.0,1532.0,1532.0,Rule Curve,0.0,14337.0
1964-02-07,693.0,1200.0,1200.0,Rule Curve,0.0,14006.0
1964-02-08,693.0,1200.0,1200.0,Rule Curve,0.0,14006.0
1964-02-09,693.0,1200.0,1200.0,Rule Curve,0.0,14006.0
1964-02-10,693.0,1350.0,1350.0,Rule Curve,0.0,14156.0
1964-02-11,693.0,1350.0,1350.0,Rule Curve,0.0,14156.0
1964-02-12,693.0,1350.0,1350.0,Rule Curve,0.0,14156.0
1964-02-13,693.0,1350.0,1350.0,Rule Curve,0.0,14156.0
1964-02-14,693.0,1350.0,1350.0,Rule Curve,0.0,14156.0
1964-02-15,693.0,1350.0,1350.0,Rule Curve,0.0,14156.0
1964-02-16,693.0,1350.0,1350.0,Rule Curve,0.0,14156.0
1964-02-17,693.0,1350.0,1350.0,Rule Curve,0.0,14156.0
1964-02-18,693.0,1350.0,1350.0,Rule Curve,0.0,14156.0
1964-02-19,693.0,1350.0,1350.0,Rule Curve,0.0,14156.0
1964-02-20,693.0,1350.0,1350.0,Rule Curve,0.0,14156.0
1964-02-21,693.0,1350.0,1350.0,Rule Curve,0.0,14156.0
1964-02-22,693.0,1350.0,1350.0,Rule Curve,0.0,14156.0
1964-02-23,693.0,1350.0,1350.0,Rule Curve,0.0,14156.0
1964-02-24,693.0,1350.0,1350.0,Rule Curve,0.0,14156.0
1964-02-25,693.0,1350.0,1350.0,Rule Curve,0.0,14156.0
1964-02-26,693.0,1350.0,1350.0,Rule Curve,0.0,14156.0
1964-02-27,693.0,1350.0,1350.0,Rule Curve,0.0,14156.0
1964-02-28,693.0,1350.0,1350.0,Rule Curve,0.0,14156.0
1964-02-29,693.0,1350.0,1350.0,Rule Curve,0.0,14156.0
1964-03-01,693.0,1350.0,1350.0,Rule Curve,0.0,14156.0
1964-03-02,693.0,1350.0,1350.0,Rule Curve,0.0,14156.0
1964-03-03,693.0,1350.0,1350.0,Rule Curve,0.0,14156.0
1964-03-04,693.0,1350.0,1350.0,Rule Curve,0.0,14156.0
1964-03-05,693.0,1350.0,1350.0,Rule Curve,0.0,14156.0
1964-03-06,693.0,1350.0,1350.0,Rule Curve,0.0,14156.0
1964-03-07,693.0,1350.0,1350.0,Rule Curve,0.0,14156.0
1964-03-08,693.0,1350.0,1350.0,Rule Curve,0.0,14156.0
1964-03-09,693.0,1350.0,1350.0,Rule Curve,0.0,14156.0
1964-03-10,693.0,1350.0,1350.0,Rule Curve,0.0,14156.0
1964-03-11,693.0,1350.0,1350.0,Rule Curve,0.0,14156.0
1964-03-12,693.0,1350.0,1350.0,Rule Curve,0.0,14156.0
1964-03-13,693.0,1350.0,1350.0,Rule Curve,0.0,14156.0
1964-03-14,693.0,1350.0,1350.0,Rule Curve,0.0,14156.0
1964-03-15,693.0,1350.0,1350.0,Rule Curve,0.0,14156.0
1964-03-16,693.0,1350.0,1350.0,Rule Curve,0.0,14156.0
1964-03-17,693.0,1350.0,1350.0,Rule Curve,0.0,14156.0
1964-03-18,693.0,1350.0,1350.0,Rule Curve,0.0,14156.0
1964-03-19,693.0,1350.0,1350.0,Rule Curve,0.0,14156.0
1964-03-20,693.0,1350.0,1350.0,Rule Curve,0.0,14156.0
1964-03-21,693.0,1350.0,1350.0,Rule Curve,0.0,14156.0
1964-03-22,693.0,1350.0,1350.0,Rule Curve,0.0,14156.0
1964-03-23,693.0,1350.0,1350.0,Rule Curve,0.0,14156.0
1964-03-24,693.0,1350.0,1350.0,Rule Curve,0.0,14156.0
1964-03-25,693.0,1350.0,1350.0,Rule Curve,0.0,14156.0
1964-03-26,693.0,1350.0,1350.0,Rule Curve,0.0,14156.0
1964-03-27,693.0,1350.0,1350.0,Rule Curve,0.0,14156.0
1964-03-28,693.0,1350.0,1350.0,Rule Curve,0.0,14156.0
1964-03-29,693.0,2165.0,2165.0,Rule Curve,0.0,14970.0
1964-03-30,693.0,2854.0,2854.0,Rule Curve,0.0,15660.0
1964-03-31,693.0,3416.0,3416.0,Rule Curve,0.0,16221.0
1964-04-01,693.0,3955.0,3955.0,Rule Curve,0.0,16760.0
1964-04-02,693.0,3474.0,3474.0,Rule Curve,0.0,16280.0
1964-04-03,693.0,3176.0,3176.0,Rule Curve,0.0,15981.0
1964-04-04,693.0,2918.0,2918.0,Rule Curve,0.0,15723.0
1964-04-05,693.0,2847.0,2847.0,Rule Curve,0.0,15653.0
1964-04-06,693.0,2681.0,2681.0,Rule Curve,0.0,15487.0
1964-04-07,693.0,2697.0,2697.0,Rule Curve,0.0,15503.0
1964-04-08,693.0,2597.0,2597.0,Rule Curve,0.0,15403.0
1964-04-09,693.0,2937.0,2937.0,Rule Curve,0.0,15743.0
1964-04-10,693.0,3280.0,3280.0,Rule Curve,0.0,16086.0
1964-04-11,693.0,3560.0,3560.0,Rule Curve,0.0,16366.0
1964-04-12,693.0,3360.0,3360.0,Rule Curve,0.0,16166.0
1964-04-13,693.0,3300.0,3300.0,Rule Curve,0.0,16106.0
1964-04-14,693.0,3387.0,3387.0,Rule Curve,0.0,16193.0
1964-04-15,693.0,1694.0,1694.0,Rule Curve,0.0,14499.0
1964-04-16,693.0,1350.0,1350.0,Rule Curve,0.0,14156.0
1964-04-17,693.0,1350.0,1350.0,Rule Curve,0.0,14156.0
1964-04-18,693.0,1350.0,1350.0,Rule Curve,0.0,14156.0
1964-04-19,693.0,1350.0,1350.0,Rule Curve,0.0,14156.0
1964-04-20,693.0,1350.0,1350.0,Rule Curve,0.0,14156.0
1964-04-21,693.0,1350.0,1350.0,Rule Curve,0.0,14156.0
1964-04-22,693.0,1350.0,1350.0,Rule Curve,0.0,14156.0
1964-04-23,693.0,1350.0,1350.0,Rule Curve,0.0,14156.0
1964-04-24,693.0,1350.0,1350.0,Rule Curve,0.0,14156.0
1964-04-25,693.0,1350.0,1350.0,Rule Curve,0.0,14156.0
1964-04-26,693.0,1350.0,1350.0,Rule Curve,0.0,14156.0
1964-04-27,693.0,1350.0,1350.0,Rule Curve,0.0,14156.0
1964-04-28,693.0,1350.0,1350.0,Rule Curve,0.0,14156.0
1964-04-29,693.0,1350.0,1350.0,Rule Curve,0.0,14156.0
1964-04-30,693.0,1350.0,1350.0,Rule Curve,0.0,14156.0
1964-05-01,693.0,1350.0,1350.0,Rule Curve,0.0,14156.0
1964-05-02,693.0,1350.0,1350.0,Rule Curve,0.0,14156.0
1964-05-03,693.0,1350.0,1350.0,Rule Curve,0.0,14156.0
1964-05-04,693.0,1350.0,1350.0,Rule Curve,0.0,14156.0
1964-05-05,693.0,1350.0,1350.0,Rule Curve,0.0,14156.0
1964-05-06,693.0,1350.0,1350.0,Rule Curve,0.0,14156.0
1964-05-07,693.0,1350.0,1350.0,Rule Curve,0.0,14156.0
1964-05-08,693.0,1350.0,1350.0,Rule Curve,0.0,14156.0
1964-05-09,693.0,1350.0,1350.0,Rule Curve,0.0,14156.0
1964-05-10,693.0,1350.0,1350.0,Rule Curve,0.0,14156.0
1964-05-11,693.0,1350.0,1350.0,Rule Curve,0.0,14156.0
1964-05-12,693.0,1350.0,1350.0,Rule Curve,0.0,14156.0
1964-05-13,693.0,1350.0,1350.0,Rule Curve,0.0,14156.0
1964-05-14,693.0,1350.0,1350.0,Rule Curve,0.0,14156.0
1964-05-15,693.0,1350.0,1350.0,Rule Curve,0.0,14156.0
1964-05-16,693.0,1350.0,1350.0,Rule Curve,0.0,14156.0
1964-05-17,693.0,1350.0,1350.0,Rule Curve,0.0,14156.0
1964-05-18,693.0,1350.0,1350.0,Rule Curve,0.0,14156.0
1964-05-19,693.0,1350.0,1350.0,Rule Curve,0.0,14156.0
1964-05-20,693.0,1350.0,1350.0,Rule Curve,0.0,14156.0
1964-05-21,693.0,2700.0,2700.0,Rule Curve,0.0,15506.0
1964-05-22,693.0,5400.0,5400.0,Rule Curve,0.0,18206.0
1964-05-23,693.0,9527.0,9527.0,Rule Curve,0.0,22332.0
1964-05-24,693.0,4763.0,4763.0,Rule Curve,0.0,17569.0
1964-05-25,693.0,4145.0,4145.0,Rule Curve,0.0,16950.0
1964-05-26,693.0,4067.0,4067.0,Rule Curve,0.0,16873.0
1964-05-27,693.0,4008.0,4008.0,Rule Curve,0.0,16814.0
1964-05-28,693.0,4104.0,4104.0,Rule Curve,0.0,16910.0
1964-05-29,693.0,3921.0,3921.0,Rule Curve,0.0,16727.0
1964-05-30,693.0,4292.0,4292.0,Rule Curve,0.0,17098.0
1964-05-31,693.0,4990.0,4990.0,Rule Curve,0.0,17795.0
1964-06-01,693.0,5864.0,5864.0,Rule Curve,0.0,18670.0
1964-06-02,693.0,5679.0,5679.0,Rule Curve,0.0,18484.0
1964-06-03,693.0,5294.0,5294.0,Rule Curve,0.0,18099.0
1964-06-04,693.0,5442.0,5442.0,Rule Curve,0.0,18247.0
1964-06-05,693.0,5929.0,5929.0,Rule Curve,0.0,18734.0
1964-06-06,693.0,7345.0,7345.0,Rule Curve,0.0,20151.0
1964-06-07,693.0,9256.0,9256.0,Rule Curve,0.0,22061.0
1964-06-08,693.0,8984.0,8984.0,Rule Curve,0.0,21789.0
1964-06-09,693.0,7206.0,7206.0,Rule Curve,0.0,20012.0
1964-06-10,693.0,6202.0,6202.0,Rule Curve,0.0,19008.0
1964-06-11,693.0,5816.0,5816.0,Rule Curve,0.0,18622.0
1964-06-12,693.0,5344.0,5344.0,Rule Curve,0.0,18150.0
1964-06-13,693.0,4882.0,4882.0,Rule Curve,0.0,17688.0
1964-06-14,693.0,4836.0,4836.0,Rule Curve,0.0,17642.0
1964-06-15,693.0,4756.0,4756.0,Rule Curve,0.0,17562.0
1964-06-16,693.0,4600.0,4600.0,Rule Curve,0.0,17406.0
1964-06-17,693.0,4624.0,4624.0,Rule Curve,0.0,17430.0
1964-06-18,693.0,5251.0,5251.0,Rule Curve,0.0,18056.0
1964-06-19,693.0,5343.0,5343.0,Rule Curve,0.0,18149.0
1964-06-20,693.0,4924.0,4924.0,Rule Curve,0.0,17730.0
1964-06-21,693.0,4470.0,4470.0,Rule Curve,0.0,17276.0
1964-06-22,693.0,4207.0,4207.0,Rule Curve,0.0,17013.0
1964-06-23,693.0,3737.0,3737.0,Rule Curve,0.0,16543.0
1964-06-24,693.0,3729.0,3729.0,Rule Curve,0.0,16535.0
1964-06-25,693.0,3696.0,3696.0,Rule Curve,0.0,16501.0
1964-06-26,693.0,3546.0,3546.0,Rule Curve,0.0,16352.0
1964-06-27,693.0,3109.0,3109.0,Rule Curve,0.0,15915.0
1964-06-28,693.0,2708.0,2708.0,Rule Curve,0.0,15514.0
1964-06-29,693.0,2674.0,2674.0,Rule Curve,0.0,15480.0
1964-06-30,693.0,2648.0,2648.0,Rule Curve,0.0,15453.0
1964-07-01,693.0,2335.0,2335.0,Rule Curve,0.0,15141.0
1964-07-02,693.0,2462.0,2462.0,Rule Curve,0.0,15268.0
1964-07-03,693.0,2375.0,2375.0,Rule Curve,0.0,15181.0
1964-07-04,693.0,2204.0,2204.0,Rule Curve,0.0,15010.0
1964-07-05,693.0,2093.0,2093.0,Rule Curve,0.0,14899.0
1964-07-06,693.0,2000.0,2000.0,Rule Curve,0.0,14805.0
1964-07-07,693.0,1767.0,1767.0,Rule Curve,0.0,14573.0
1964-07-08,693.0,1870.0,1870.0,Rule Curve,0.0,14675.0
1964-07-09,693.0,2005.0,2005.0,Rule Curve,0.0,14810.0
1964-07-10,693.0,1792.0,1792.0,Rule Curve,0.0,14598.0
1964-07-11,693.0,1665.0,1665.0,Rule Curve,0.0,14470.0
1964-07-12,693.0,1659.0,1659.0,Rule Curve,0.0,14465.0
1964-07-13,693.0,1729.0,1729.0,Rule Curve,0.0,14534.0
1964-07-14,693.0,1658.0,1658.0,Rule Curve,0.0,14464.0
1964-07-15,693.0,1629.0,1629.0,Rule Curve,0.0,14435.0
1964-07-16,693.0,1607.0,1607.0,Rule Curve,0.0,14413.0
1964-07-17,693.0,1541.0,1541.0,Rule Curve,0.0,14347.0
1964-07-18,693.0,1415.0,1415.0,Rule Curve,0.0,14221.0
1964-07-19,693.0,1350.0,1350.0,Rule Curve,0.0,14156.0
1964-07-20,693.0,1350.0,1350.0,Rule Curve,0.0,14156.0
1964-07-21,693.0,1350.0,1350.0,Rule Curve,0.0,14156.0
1964-07-22,693.0,1350.0,1350.0,Rule Curve,0.0,14156.0
1964-07-23,693.0,1350.0,1350.0,Rule Curve,0.0,14156.0
1964-07-24,693.0,1350.0,1350.0,Rule Curve,0.0,14156.0
1964-07-25,693.0,1350.0,1350.0,Rule Curve,0.0,14156.0
1964-07-26,693.0,1350.0,1350.0,Rule Curve,0.0,14156.0
1964-07-27,693.0,1350.0,1350.0,Rule Curve,0.0,14156.0
1964-07-28,693.0,1350.0,1350.0,Rule Curve,0.0,14156.0
1964-07-29,693.0,1350.0,1350.0,Rule Curve,0.0,14156.0
1964-07-30,693.0,1350.0,1350.0,Rule Curve,0.0,14156.0
1964-07-31,693.0,1350.0,1350.0,Rule Curve,0.0,14156.0
1964-08-01,693.0,1350.0,1350.0,Rule Curve,0.0,14156.0
1964-08-02,693.0,1350.0,1350.0,Rule Curve,0.0,14156.0
1964-08-03,693.0,1350.0,1350.0,Rule Curve,0.0,14156.0
1964-08-04,693.0,1350.0,1350.0,Rule Curve,0.0,14156.0
1964-08-05,693.0,1350.0,1350.0,Rule Curve,0.0,14156.0
1964-08-06,693.0,1350.0,1350.0,Rule Curve,0.0,14156.0
1964-08-07,693.0,1350.0,1350.0,Rule Curve,0.0,14156.0
1964-08-08,693.0,1350.0,1350.0,Rule Curve,0.0,14156.0
1964-08-09,693.0,1350.0,1350.0,Rule Curve,0.0,14156.0
1964-08-10,693.0,1350.0,1350.0,Rule Curve,0.0,14156.0
1964-08-11,693.0,1350.0,1350.0,Rule Curve,0.0,14156.0
1964-08-12,693.0,1350.0,1350.0,Rule Curve,0.0,14156.0
1964-08-13,693.0,1350.0,1350.0,Rule Curve,0.0,14156.0
1964-08-14,693.0,1350.0,1350.0,Rule Curve,0.0,14156.0
1964-08-15,693.0,1350.0,1350.0,Rule Curve,0.0,14156.0
1964-08-16,693.0,1350.0,1350.0,Rule Curve,0.0,14156.0
1964-08-17,693.0,1350.0,1350.0,Rule Curve,0.0,14156.0
1964-08-18,693.0,1350.0,1350.0,Rule Curve,0.0,14156.0
1964-08-19,693.0,1350.0,1350.0,Rule Curve,0.0,14156.0
1964-08-20,693.0,1350.0,1350.0,Rule Curve,0.0,14156.0
1964-08-21,693.0,1350.0,1350.0,Rule Curve,0.0,14156.0
1964-08-22,693.0,1350.0,1350.0,Rule Curve,0.0,14156.0
1964-08-23,693.0,1350.0,1350.0,Rule Curve,0.0,14156.0
1964-08-24,693.0,1350.0,1350.0,Rule Curve,0.0,14156.0
1964-08-25,693.0,1350.0,1350.0,Rule Curve,0.0,14156.0
1964-08-26,693.0,1350.0,1350.0,Rule Curve,0.0,14156.0
1964-08-27,693.0,1350.0,1350.0,Rule Curve,0.0,14156.0
1964-08-28,693.0,1350.0,1350.0,Rule Curve,0.0,14156.0
1964-08-29,693.0,1350.0,1350.0,Rule Curve,0.0,14156.0
1964-08-30,693.0,1350.0,1350.0,Rule Curve,0.0,14156.0
1964-08-31,693.0,1350.0,1350.0,Rule Curve,0.0,14156.0
1964-09-01,693.0,1350.0,1350.0,Rule Curve,0.0,14156.0
1964-09-02,693.0,1350.0,1350.0,Rule Curve,0.0,14156.0
1964-09-03,693.0,1350.0,1350.0,Rule Curve,0.0,14156.0
1964-09-04,693.0,1350.0,1350.0,Rule Curve,0.0,14156.0
1964-09-05,693.0,1350.0,1350.0,Rule Curve,0.0,14156.0
1964-09-06,693.0,1350.0,1350.0,Rule Curve,0.0,14156.0
1964-09-07,693.0,1350.0,1350.0,Rule Curve,0.0,14156.0
1964-09-08,693.0,1350.0,1350.0,Rule Curve,0.0,14156.0
1964-09-09,693.0,1350.0,1350.0,Rule Curve,0.0,14156.0
1964-09-10,693.0,1350.0,1350.0,Rule Curve,0.0,14156.0
1964-09-11,693.0,1350.0,1350.0,Rule Curve,0.0,14156.0
1964-09-12,693.0,1350.0,1350.0,Rule Curve,0.0,14156.0
1964-09-13,693.0,1350.0,1350.0,Rule Curve,0.0,14156.0
1964-09-14,693.0,1350.0,1350.0,Rule Curve,0.0,14156.0
1964-09-15,693.0,2700.0,2700.0,Rule Curve,0.0,15506.0
1964-09-16,693.0,4106.0,4106.0,Rule Curve,0.0,16912.0
1964-09-17,693.0,4170.0,4170.0,Rule Curve,0.0,16976.0
1964-09-18,693.0,4045.0,4045.0,Rule Curve,0.0,16851.0
1964-09-19,693.0,4146.0,4146.0,Rule Curve,0.0,16952.0
1964-09-20,693.0,4781.0,4781.0,Rule Curve,0.0,17587.0
1964-09-21,693.0,4827.0,4827.0,Rule Curve,0.0,17633.0
1964-09-22,693.0,4522.0,4522.0,Rule Curve,0.0,17328.0
1964-09-23,693.0,4847.0,4847.0,Rule Curve,0.0,17653.0
1964-09-24,693.0,4814.0,4814.0,Rule Curve,0.0,17620.0
1964-09-25,693.0,4823.0,4823.0,Rule Curve,0.0,17629.0
1964-09-26,693.0,4609.0,4609.0,Rule Curve,0.0,17415.0
1964-09-27,693.0,4654.0,4654.0,Rule Curve,0.0,17460.0
1964-09-28,693.0,4776.0,4776.0,Rule Curve,0.0,17582.0
1964-09-29,693.0,4899.0,4899.0,Rule Curve,0.0,17705.0
1964-09-30,693.0,5121.0,5121.0,Rule Curve,0.0,17927.0
1964-10-01,693.0,4732.0,4732.0,Rule Curve,0.0,17538.0
1964-10-02,693.0,4875.0,4875.0,Rule Curve,0.0,17681.0
1964-10-03,693.0,4763.0,4763.0,Rule Curve,0.0,17568.0
1964-10-04,693.0,4752.0,4752.0,Rule Curve,0.0,17558.0
1964-10-05,693.0,4696.0,4696.0,Rule Curve,0.0,17502.0
1964-10-06,693.0,4663.0,4663.0,Rule Curve,0.0,17469.0
1964-10-07,693.0,4819.0,4819.0,Rule Curve,0.0,17624.0
1964-10-08,693.0,4820.0,4820.0,Rule Curve,0.0,17626.0
1964-10-09,693.0,4750.0,4750.0,Rule Curve,0.0,17556.0
1964-10-10,693.0,4697.0,4697.0,Rule Curve,0.0,17503.0
1964-10-11,693.0,4725.0,4725.0,Rule Curve,0.0,17530.0
1964-10-12,693.0,4774.0,4774.0,Rule Curve,0.0,17580.0
1964-10-13,693.0,4622.0,4622.0,Rule Curve,0.0,17428.0
1964-10-14,693.0,4884.0,4884.0,Rule Curve,0.0,17690.0
1964-10-15,693.0,4713.0,4713.0,Rule Curve,0.0,17519.0
1964-10-16,693.0,4669.0,4669.0,Rule Curve,0.0,17475.0
1964-10-17,693.0,4648.0,4648.0,Rule Curve,0.0,17454.0
1964-10-18,693.0,4737.0,4737.0,Rule Curve,0.0,17543.0
1964-10-19,693.0,4732.0,4732.0,Rule Curve,0.0,17538.0
1964-10-20,693.0,4737.0,4737.0,Rule Curve,0.0,17542.0
1964-10-21,693.0,4622.0,4622.0,Rule Curve,0.0,17427.0
1964-10-22,693.0,4625.0,4625.0,Rule Curve,0.0,17431.0
1964-10-23,693.0,4571.0,4571.0,Rule Curve,0.0,17376.0
1964-10-24,693.0,4591.0,4591.0,Rule Curve,0.0,17397.0
1964-10-25,693.0,4769.0,4769.0,Rule Curve,0.0,17575.0
1964-10-26,693.0,4707.0,4707.0,Rule Curve,0.0,17513.0
1964-10-27,693.0,4803.0,4803.0,Rule Curve,0.0,17609.0
1964-10-28,693.0,4826.0,4826.0,Rule Curve,0.0,17632.0
1964-10-29,693.0,4696.0,4696.0,Rule Curve,0.0,17502.0
1964-10-30,693.0,4966.0,4966.0,Rule Curve,0.0,17772.0
1964-10-31,693.0,4670.0,4670.0,Rule Curve,0.0,17476.0
1964-11-01,693.0,4783.0,4783.0,Rule Curve,0.0,17589.0
1964-11-02,693.0,5198.0,5198.0,Rule Curve,0.0,18004.0
1964-11-03,693.0,5030.0,5030.0,Rule Curve,0.0,17836.0
1964-11-04,693.0,5029.0,5029.0,Rule Curve,0.0,17835.0
1964-11-05,693.0,4915.0,4915.0,Rule Curve,0.0,17721.0
1964-11-06,693.0,4766.0,4766.0,Rule Curve,0.0,17572.0
1964-11-07,693.0,4755.0,4755.0,Rule Curve,0.0,17561.0
1964-11-08,693.0,4735.0,4735.0,Rule Curve,0.0,17541.0
1964-11-09,693.0,4847.0,4847.0,Rule Curve,0.0,17653.0
1964-11-10,693.0,5081.0,5081.0,Rule Curve,0.0,17887.0
1964-11-11,693.0,5463.0,5463.0,Rule Curve,0.0,18269.0
1964-11-12,693.0,5492.0,5492.0,Rule Curve,0.0,18298.0
1964-11-13,693.0,5318.0,5318.0,Rule Curve,0.0,18124.0
1964-11-14,693.0,5159.0,5159.0,Rule Curve,0.0,17965.0
1964-11-15,693.0,2580.0,2580.0,Rule Curve,0.0,15385.0
1964-11-16,693.0,1576.0,1576.0,Rule Curve,0.0,14381.0
1964-11-17,693.0,3053.0,3053.0,Rule Curve,0.0,15859.0
1964-11-18,693.0,2843.0,2843.0,Rule Curve,0.0,15649.0
1964-11-19,693.0,2704.0,2704.0,Rule Curve,0.0,15510.0
1964-11-20,693.0,2955.0,2955.0,Rule Curve,0.0,15761.0
1964-11-21,693.0,3188.0,3188.0,Rule Curve,0.0,15993.0
1964-11-22,693.0,3257.0,3257.0,Rule Curve,0.0,16062.0
1964-11-23,693.0,3455.0,3455.0,Rule Curve,0.0,16261.0
1964-11-24,693.0,5647.0,5647.0,Rule Curve,0.0,18453.0
1964-11-25,693.0,8536.0,8536.0,Rule Curve,0.0,21342.0
1964-11-26,693.0,6282.0,6282.0,Rule Curve,0.0,19088.0
1964-11-27,693.0,5331.0,5331.0,Rule Curve,0.0,18137.0
1964-11-28,693.0,6572.0,6572.0,Rule Curve,0.0,19378.0
1964-11-29,693.0,7829.0,7829.0,Rule Curve,0.0,20635.0
1964-11-30,693.0,9001.0,9001.0,Rule Curve,0.0,21807.0
1964-12-01,693.0,7077.0,7077.0,Rule Curve,0.0,19883.0
1964-12-02,693.0,10768.0,10768.0,Rule Curve,0.0,23573.0
1964-12-03,693.0,12685.0,12685.0,Rule Curve,0.0,25491.0
1964-12-04,693.0,11652.0,11652.0,Rule Curve,0.0,24458.0
1964-12-05,693.0,10534.0,10534.0,Rule Curve,0.0,23340.0
1964-12-06,693.0,9474.0,9474.0,Rule Curve,0.0,22279.0
1964-12-07,693.0,8523.0,8523.0,Rule Curve,0.0,21329.0
1964-12-08,693.0,6442.0,6442.0,Rule Curve,0.0,19248.0
1964-12-09,693.0,6738.0,6738.0,Rule Curve,0.0,19544.0
1964-12-10,693.0,8984.0,8984.0,Rule Curve,0.0,21790.0
1964-12-11,693.0,9782.0,9782.0,Rule Curve,0.0,22588.0
1964-12-12,693.0,9532.0,9532.0,Rule Curve,0.0,22337.0
1964-12-13,693.0,8036.0,8036.0,Rule Curve,0.0,20842.0
1964-12-14,693.0,7182.0,7182.0,Rule Curve,0.0,19988.0
1964-12-15,693.0,8164.0,8164.0,Rule Curve,0.0,20970.0
1964-12-16,693.0,4082.0,4082.0,Rule Curve,0.0,16888.0
1964-12-17,693.0,2041.0,2041.0,Rule Curve,0.0,14847.0
1964-12-18,693.0,1350.0,1350.0,Rule Curve,0.0,14156.0
1964-12-19,693.0,1350.0,1350.0,Rule Curve,0.0,14156.0
1964-12-20,693.0,1350.0,1350.0,Rule Curve,0.0,14156.0
1964-12-21,693.0,1200.0,1200.0,Rule Curve,0.0,14006.0
1964-12-22,693.0,1200.0,1200.0,Rule Curve,0.0,14006.0
1964-12-23,693.0,1200.0,1200.0,Rule Curve,0.0,14006.0
1964-12-24,693.0,1200.0,1200.0,Rule Curve,0.0,14006.0
1964-12-25,693.0,2802.0,2802.0,Rule Curve,0.0,15608.0
1964-12-26,693.0,2952.0,2952.0,Rule Curve,0.0,15758.0
1964-12-27,693.0,6470.0,6470.0,Rule Curve,0.0,19275.0
1964-12-28,693.0,9040.0,9040.0,Rule Curve,0.0,21846.0
1964-12-29,693.0,8865.0,8865.0,Rule Curve,0.0,21671.0
1964-12-30,693.0,10138.0,10138.0,Rule Curve,0.0,22943.0
1964-12-31,693.0,11969.0,11969.0,Rule Curve,0.0,24775.0
1965-01-01,693.0,12538.0,12538.0,Rule Curve,0.0,25344.0
1965-01-02,693.0,14172.0,14172.0,Rule Curve,0.0,26978.0
1965-01-03,693.0,14287.0,14287.0,Rule Curve,0.0,27093.0
1965-01-04,693.0,16000.0,16000.0,Rule Curve,0.0,28806.0
1965-01-05,693.0,16000.0,16000.0,Rule Curve,0.0,28806.0
1965-01-06,693.0,15231.0,15231.0,Rule Curve,0.0,28036.0
1965-01-07,693.0,16000.0,16000.0,Rule Curve,0.0,28806.0
1965-01-08,693.0,16000.0,16000.0,Rule Curve,0.0,28806.0
1965-01-09,693.0,16000.0,16000.0,Rule Curve,0.0,28806.0
1965-01-10,693.0,11629.0,11629.0,Rule Curve,0.0,24435.0
1965-01-11,693.0,13718.0,13718.0,Rule Curve,0.0,26524.0
1965-01-12,693.0,15693.0,15693.0,Rule Curve,0.0,28498.0
1965-01-13,693.0,16000.0,16000.0,Rule Curve,0.0,28806.0
1965-01-14,693.0,16000.0,16000.0,Rule Curve,0.0,28806.0
1965-01-15,693.0,16000.0,16000.0,Rule Curve,0.0,28806.0
1965-01-16,693.0,16000.0,16000.0,Rule Curve,0.0,28806.0
1965-01-17,693.0,16000.0,16000.0,Rule Curve,0.0,28806.0
1965-01-18,693.0,16000.0,16000.0,Rule Curve,0.0,28806.0
1965-01-19,693.0,16000.0,16000.0,Rule Curve,0.0,28806.0
1965-01-20,693.0,16000.0,16000.0,Rule Curve,0.0,28806.0
1965-01-21,693.0,16000.0,16000.0,Rule Curve,0.0,28806.0
1965-01-22,693.0,16000.0,16000.0,Rule Curve,0.0,28806.0
1965-01-23,693.0,13818.0,13818.0,Rule Curve,0.0,26624.0
1965-01-24,693.0,14226.0,14226.0,Rule Curve,0.0,27032.0
1965-01-25,693.0,14510.0,14510.0,Rule Curve,0.0,27316.0
1965-01-26,693.0,12834.0,12834.0,Rule Curve,0.0,25640.0
1965-01-27,693.0,3245.0,3245.0,Rule Curve,0.0,16051.0
1965-01-28,693.0,1200.0,1200.0,Rule Curve,0.0,14006.0
1965-01-29,693.0,2347.0,2347.0,Rule Curve,0.0,15153.0
1965-01-30,693.0,9266.0,9266.0,Rule Curve,0.0,22072.0
1965-01-31,693.0,11290.0,11290.0,Rule Curve,0.0,24096.0
1965-02-01,693.0,13127.0,13127.0,Rule Curve,0.0,25933.0
1965-02-02,693.0,14127.0,14127.0,Rule Curve,0.0,26932.0
1965-02-03,693.0,15604.0,15604.0,Rule Curve,0.0,28410.0
1965-02-04,693.0,16000.0,16000.0,Rule Curve,0.0,28806.0
1965-02-05,693.0,16000.0,16000.0,Rule Curve,0.0,28806.0
1965-02-06,693.0,16000.0,16000.0,Rule Curve,0.0,28806.0
1965-02-07,693.0,16000.0,16000.0,Rule Curve,0.0,28806.0
1965-02-08,693.0,16000.0,16000.0,Rule Curve,0.0,28806.0
1965-02-09,693.0,16000.0,16000.0,Rule Curve,0.0,28806.0
1965-02-10,693.0,16000.0,16000.0,Rule Curve,0.0,28806.0
1965-02-11,693.0,12115.0,12115.0,Rule Curve,0.0,24920.0
1965-02-12,693.0,8461.0,8461.0,Rule Curve,0.0,21267.0
1965-02-13,693.0,5840.0,5840.0,Rule Curve,0.0,18646.0
1965-02-14,693.0,3976.0,3976.0,Rule Curve,0.0,16782.0
1965-02-15,693.0,2693.0,2693.0,Rule Curve,0.0,15499.0
1965-02-16,693.0,1859.0,1859.0,Rule Curve,0.0,14665.0
1965-02-17,693.0,1248.0,1248.0,Rule Curve,0.0,14053.0
1965-02-18,693.0,1200.0,1200.0,Rule Curve,0.0,14006.0
1965-02-19,693.0,1200.0,1200.0,Rule Curve,0.0,14006.0
1965-02-20,693.0,1200.0,1200.0,Rule Curve,0.0,14006.0
1965-02-21,693.0,1350.0,1350.0,Rule Curve,0.0,14156.0
1965-02-22,693.0,1350.0,1350.0,Rule Curve,0.0,14156.0
1965-02-23,693.0,1350.0,1350.0,Rule Curve,0.0,14156.0
1965-02-24,693.0,1350.0,1350.0,Rule Curve,0.0,14156.0
1965-02-25,693.0,1350.0,1350.0,Rule Curve,0.0,14156.0
1965-02-26,693.0,1350.0,1350.0,Rule Curve,0.0,14156.0
1965-02-27,693.0,1350.0,1350.0,Rule Curve,0.0,14156.0
1965-02-28,693.0,1350.0,1350.0,Rule Curve,0.0,14156.0
1965-03-01,693.0,1350.0,1350.0,Rule Curve,0.0,14156.0
1965-03-02,693.0,1350.0,1350.0,Rule Curve,0.0,14156.0
1965-03-03,693.0,1350.0,1350.0,Rule Curve,0.0,14156.0
1965-03-04,693.0,1350.0,1350.0,Rule Curve,0.0,14156.0
1965-03-05,693.0,1350.0,1350.0,Rule Curve,0.0,14156.0
1965-03-06,693.0,1350.0,1350.0,Rule Curve,0.0,14156.0
1965-03-07,693.0,1350.0,1350.0,Rule Curve,0.0,14156.0
1965-03-08,693.0,1350.0,1350.0,Rule Curve,0.0,14156.0
1965-03-09,693.0,1350.0,1350.0,Rule Curve,0.0,14156.0
1965-03-10,693.0,1350.0,1350.0,Rule Curve,0.0,14156.0
1965-03-11,693.0,1350.0,1350.0,Rule Curve,0.0,14156.0
1965-03-12,693.0,1350.0,1350.0,Rule Curve,0.0,14156.0
1965-03-13,693.0,1350.0,1350.0,Rule Curve,0.0,14156.0
1965-03-14,693.0,1350.0,1350.0,Rule Curve,0.0,14156.0
1965-03-15,693.0,1350.0,1350.0,Rule Curve,0.0,14156.0
1965-03-16,693.0,1350.0,1350.0,Rule Curve,0.0,14156.0
1965-03-17,693.0,1350.0,1350.0,Rule Curve,0.0,14156.0
1965-03-18,693.0,1350.0,1350.0,Rule Curve,0.0,14156.0
1965-03-19,693.0,1350.0,1350.0,Rule Curve,0.0,14156.0
1965-03-20,693.0,1350.0,1350.0,Rule Curve,0.0,14156.0
1965-03-21,693.0,1350.0,1350.0,Rule Curve,0.0,14156.0
1965-03-22,693.0,1350.0,1350.0,Rule Curve,0.0,14156.0
1965-03-23,693.0,1350.0,1350.0,Rule Curve,0.0,14156.0
1965-03-24,693.0,1350.0,1350.0,Rule Curve,0.0,14156.0
1965-03-25,693.0,1350.0,1350.0,Rule Curve,0.0,14156.0
1965-03-26,693.0,1350.0,1350.0,Rule Curve,0.0,14156.0
1965-03-27,693.0,1350.0,1350.0,Rule Curve,0.0,14156.0
1965-03-28,693.0,1350.0,1350.0,Rule Curve,0.0,14156.0
1965-03-29,693.0,1350.0,1350.0,Rule Curve,0.0,14156.0
1965-03-30,693.0,1350.0,1350.0,Rule Curve,0.0,14156.0
1965-03-31,693.0,1350.0,1350.0,Rule Curve,0.0,14156.0
1965-04-01,693.0,1350.0,1350.0,Rule Curve,0.0,14156.0
1965-04-02,693.0,1350.0,1350.0,Rule Curve,0.0,14156.0
1965-04-03,693.0,1350.0,1350.0,Rule Curve,0.0,14156.0
1965-04-04,693.0,1350.0,1350.0,Rule Curve,0.0,14156.0
1965-04-05,693.0,1350.0,1350.0,Rule Curve,0.0,14156.0
1965-04-06,693.0,1350.0,1350.0,Rule Curve,0.0,14156.0
1965-04-07,693.0,1350.0,1350.0,Rule Curve,0.0,14156.0
1965-04-08,693.0,1350.0,1350.0,Rule Curve,0.0,14156.0
1965-04-09,693.0,1350.0,1350.0,Rule Curve,0.0,14156.0
1965-04-10,693.0,1350.0,1350.0,Rule Curve,0.0,14156.0
1965-04-11,693.0,1350.0,1350.0,Rule Curve,0.0,14156.0
1965-04-12,693.0,1350.0,1350.0,Rule Curve,0.0,14156.0
1965-04-13,693.0,1350.0,1350.0,Rule Curve,0.0,14156.0
1965-04-14,693.0,1350.0,1350.0,Rule Curve,0.0,14156.0
1965-04-15,693.0,1350.0,1350.0,Rule Curve,0.0,14156.0
1965-04-16,693.0,1350.0,1350.0,Rule Curve,0.0,14156.0
1965-04-17,693.0,1350.0,1350.0,Rule Curve,0.0,14156.0
1965-04-18,693.0,1350.0,1350.0,Rule Curve,0.0,14156.0
1965-04-19,693.0,1350.0,1350.0,Rule Curve,0.0,14156.0
1965-04-20,693.0,1350.0,1350.0,Rule Curve,0.0,14156.0
1965-04-21,693.0,1350.0,1350.0,Rule Curve,0.0,14156.0
1965-04-22,693.0,1350.0,1350.0,Rule Curve,0.0,14156.0
1965-04-23,693.0,1350.0,1350.0,Rule Curve,0.0,14156.0
1965-04-24,693.0,1350.0,1350.0,Rule Curve,0.0,14156.0
1965-04-25,693.0,1350.0,1350.0,Rule Curve,0.0,14156.0
1965-04-26,693.0,1350.0,1350.0,Rule Curve,0.0,14156.0
1965-04-27,693.0,1350.0,1350.0,Rule Curve,0.0,14156.0
1965-04-28,693.0,1350.0,1350.0,Rule Curve,0.0,14156.0
1965-04-29,693.0,1350.0,1350.0,Rule Curve,0.0,14156.0
1965-04-30,693.0,1350.0,1350.0,Rule Curve,0.0,14156.0
1965-05-01,693.0,1350.0,1350.0,Rule Curve,0.0,14156.0
1965-05-02,693.0,1350.0,1350.0,Rule Curve,0.0,14156.0
1965-05-03,693.0,1350.0,1350.0,Rule Curve,0.0,14156.0
1965-05-04,693.0,1350.0,1350.0,Rule Curve,0.0,14156.0
1965-05-05,693.0,1350.0,1350.0,Rule Curve,0.0,14156.0
1965-05-06,693.0,1350.0,1350.0,Rule Curve,0.0,14156.0
1965-05-07,693.0,1350.0,1350.0,Rule Curve,0.0,14156.0
1965-05-08,693.0,1350.0,1350.0,Rule Curve,0.0,14156.0
1965-05-09,693.0,1350.0,1350.0,Rule Curve,0.0,14156.0
1965-05-10,693.0,1350.0,1350.0,Rule Curve,0.0,14156.0
1965-05-11,693.0,1350.0,1350.0,Rule Curve,0.0,14156.0
1965-05-12,693.0,1350.0,1350.0,Rule Curve,0.0,14156.0
1965-05-13,693.0,1350.0,1350.0,Rule Curve,0.0,14156.0
1965-05-14,693.0,1350.0,1350.0,Rule Curve,0.0,14156.0
1965-05-15,693.0,1350.0,1350.0,Rule Curve,0.0,14156.0
1965-05-16,693.0,1350.0,1350.0,Rule Curve,0.0,14156.0
1965-05-17,693.0,1350.0,1350.0,Rule Curve,0.0,14156.0
1965-05-18,693.0,1350.0,1350.0,Rule Curve,0.0,14156.0
1965-05-19,693.0,1350.0,1350.0,Rule Curve,0.0,14156.0
1965-05-20,693.0,1350.0,1350.0,Rule Curve,0.0,14156.0
1965-05-21,693.0,1350.0,1350.0,Rule Curve,0.0,14156.0
1965-05-22,693.0,1350.0,1350.0,Rule Curve,0.0,14156.0
1965-05-23,693.0,1350.0,1350.0,Rule Curve,0.0,14156.0
1965-05-24,693.0,1350.0,1350.0,Rule Curve,0.0,14156.0
1965-05-25,693.0,1350.0,1350.0,Rule Curve,0.0,14156.0
1965-05-26,693.0,1350.0,1350.0,Rule Curve,0.0,14156.0
1965-05-27,693.0,1350.0,1350.0,Rule Curve,0.0,14156.0
1965-05-28,693.0,1350.0,1350.0,Rule Curve,0.0,14156.0
1965-05-29,693.0,1350.0,1350.0,Rule Curve,0.0,14156.0
1965-05-30,693.0,2486.0,2486.0,Rule Curve,0.0,15292.0
1965-05-31,693.0,2723.0,2723.0,Rule Curve,0.0,15529.0
