Date,Elevation,Inflow,Outflow,Zone,Min limit,Max limit,Dam-Max Evacuation Release,Flood Min,Monroe Regulation Goal Max,Dam-BiOp MinTrib and Withdrawals by WY,MainstemFlowAug,FIRO_SPACE,Draft to RC
1963-01-02,353.0,394.0,394.0,Rule Curve,394.0,700.0,700.0,50.0,1806.0,30.0,0.0,394.0,390.0
1963-01-03,353.0,420.0,420.0,Rule Curve,420.0,700.0,700.0,50.0,1832.0,30.0,0.0,420.0,343.0
1963-01-04,353.0,331.0,331.0,Rule Curve,331.0,700.0,700.0,50.0,1742.0,30.0,0.0,331.0,283.0
1963-01-05,353.0,255.0,254.0,Rule Curve,254.0,700.0,700.0,50.0,1666.0,30.0,0.0,254.0,248.0
1963-01-06,353.0,239.0,239.0,Rule Curve,239.0,700.0,700.0,50.0,1651.0,30.0,0.0,239.0,235.0
1963-01-07,353.0,224.0,224.0,Rule Curve,224.0,700.0,700.0,50.0,1636.0,30.0,0.0,224.0,223.0
1963-01-08,353.0,217.0,216.0,Rule Curve,216.0,700.0,700.0,50.0,1628.0,30.0,0.0,216.0,211.0
1963-01-09,353.0,216.0,216.0,Rule Curve,216.0,700.0,700.0,50.0,1627.0,30.0,0.0,216.0,202.0
1963-01-10,353.0,176.0,176.0,Rule Curve,176.0,700.0,700.0,50.0,1587.0,30.0,0.0,176.0,175.0
1963-01-11,353.0,191.0,190.0,Rule Curve,190.0,700.0,700.0,50.0,1602.0,30.0,0.0,190.0,168.0
1963-01-12,353.0,179.0,179.0,Rule Curve,179.0,700.0,700.0,50.0,1590.0,30.0,0.0,179.0,162.0
1963-01-13,353.0,109.0,108.0,Rule Curve,108.0,700.0,700.0,50.0,1520.0,30.0,0.0,108.0,108.0
1963-01-14,353.0,174.0,174.0,Rule Curve,174.0,700.0,700.0,50.0,1585.0,30.0,0.0,174.0,173.0
1963-01-15,353.0,174.0,174.0,Rule Curve,174.0,700.0,700.0,50.0,1585.0,30.0,0.0,174.0,173.0
1963-01-16,353.0,173.0,173.0,Rule Curve,173.0,700.0,700.0,50.0,1584.0,30.0,0.0,173.0,172.0
1963-01-17,353.0,177.0,177.0,Rule Curve,177.0,700.0,700.0,50.0,1588.0,30.0,0.0,177.0,176.0
1963-01-18,353.0,177.0,177.0,Rule Curve,177.0,700.0,700.0,50.0,1588.0,30.0,0.0,177.0,160.0
1963-01-19,353.0,157.0,157.0,Rule Curve,157.0,700.0,700.0,50.0,1568.0,30.0,0.0,157.0,145.0
1963-01-20,353.0,121.0,120.0,Rule Curve,120.0,700.0,700.0,50.0,1532.0,30.0,0.0,120.0,120.0
1963-01-21,353.0,133.0,133.0,Rule Curve,133.0,700.0,700.0,50.0,1544.0,30.0,0.0,133.0,132.0
1963-01-22,353.0,134.0,134.0,Rule Curve,134.0,700.0,700.0,50.0,1546.0,30.0,0.0,134.0,133.0
1963-01-23,353.0,139.0,139.0,Rule Curve,139.0,700.0,700.0,50.0,1551.0,30.0,0.0,139.0,138.0
1963-01-24,353.0,132.0,132.0,Rule Curve,132.0,700.0,700.0,50.0,1544.0,30.0,0.0,132.0,131.0
1963-01-25,353.0,158.0,157.0,Rule Curve,157.0,700.0,700.0,50.0,1569.0,30.0,0.0,157.0,144.0
1963-01-26,353.0,132.0,132.0,Rule Curve,132.0,700.0,700.0,50.0,1544.0,30.0,0.0,132.0,131.0
1963-01-27,353.0,117.0,117.0,Rule Curve,117.0,700.0,700.0,50.0,1528.0,30.0,0.0,117.0,116.0
1963-01-28,353.0,142.0,142.0,Rule Curve,142.0,700.0,700.0,50.0,1554.0,30.0,0.0,142.0,141.0
1963-01-29,353.0,132.0,131.0,Rule Curve,131.0,700.0,700.0,50.0,1543.0,30.0,0.0,131.0,131.0
1963-01-30,353.0,265.0,265.0,Rule Curve,265.0,700.0,700.0,50.0,1676.0,30.0,0.0,265.0,264.0
1963-01-31,353.7,1087.0,700.0,Rule Curve,700.0,700.0,700.0,50.0,2498.0,30.0,0.0,1087.0,1086.0
1963-02-01,356.72,3349.0,962.0,Rule Curve,962.0,962.0,962.0,50.0,4151.0,50.0,0.0,3478.0,3080.0
1963-02-02,358.12,3670.0,2095.0,Top of Dam,2095.0,2095.0,2095.0,50.0,3784.0,50.0,0.0,4376.0,4178.0
1963-02-03,359.79,4783.0,2481.0,Top of Dam,2481.0,2481.0,2481.0,50.0,3358.0,50.0,0.0,5801.0,4329.0
1963-02-04,360.78,4511.0,2897.0,Top of Dam,2897.0,2897.0,2897.0,50.0,3211.0,50.0,0.0,6080.0,4026.0
1963-02-05,360.82,3210.0,3145.0,Top of Dam,3145.0,3145.0,3145.0,50.0,3339.0,50.0,0.0,5098.0,3394.0
1963-02-06,360.62,2225.0,2556.0,Top of Dam,2556.0,2556.0,3155.0,50.0,3804.0,50.0,0.0,3922.0,2556.0
1963-02-07,360.53,1644.0,1781.0,Top of Dam,1781.0,1781.0,3105.0,50.0,4248.0,50.0,0.0,3010.0,1781.0
1963-02-08,360.53,1272.0,1272.0,Top of Dam,1272.0,1272.0,3084.0,50.0,4568.0,50.0,0.0,2374.0,1272.0
1963-02-09,360.53,875.0,869.0,Top of Dam,869.0,869.0,3083.0,50.0,4771.0,50.0,0.0,1763.0,869.0
1963-02-10,360.73,888.0,563.0,Top of Dam,563.0,563.0,3084.0,50.0,4754.0,50.0,0.0,1564.0,563.0
1963-02-11,360.94,732.0,373.0,Top of Dam,373.0,373.0,3132.0,50.0,4857.0,50.0,0.0,1302.0,373.0
1963-02-12,361.14,587.0,238.0,Top of Dam,238.0,238.0,3186.0,50.0,4942.0,50.0,0.0,1065.0,238.0
1963-02-13,361.42,645.0,128.0,Top of Dam,128.0,128.0,3221.0,50.0,4829.0,50.0,0.0,1017.0,128.0
1963-02-14,361.74,623.0,50.0,Top of Dam,50.0,50.0,3263.0,50.0,4846.0,50.0,0.0,955.0,32.0
1963-02-15,362.0,528.0,50.0,Top of Dam,50.0,50.0,3310.0,50.0,4897.0,50.0,0.0,834.0,1.0
1963-02-16,362.16,513.0,172.0,Top of Dam,172.0,172.0,3350.0,50.0,4801.0,50.0,0.0,760.0,172.0
1963-02-17,362.09,606.0,759.0,Rule Curve,759.0,3375.0,3375.0,50.0,4627.0,50.0,0.0,759.0,331.0
1963-02-18,362.59,1192.0,175.0,Rule Curve,50.0,1069.0,3363.0,50.0,4572.0,50.0,0.0,1069.0,179.0
1963-02-19,362.59,1298.0,1298.0,Rule Curve,1298.0,3438.0,3438.0,50.0,4590.0,50.0,0.0,1298.0,310.0
1963-02-20,363.14,1191.0,50.0,Rule Curve,50.0,982.0,3438.0,50.0,4891.0,50.0,0.0,982.0,0.0
1963-02-21,363.16,974.0,928.0,Rule Curve,928.0,3521.0,3521.0,50.0,4990.0,50.0,0.0,928.0,0.0
1963-02-22,363.49,784.0,50.0,Rule Curve,50.0,538.0,3524.0,50.0,5047.0,50.0,0.0,538.0,0.0
1963-02-23,363.78,706.0,50.0,Rule Curve,50.0,489.0,3573.0,50.0,5214.0,50.0,0.0,489.0,0.0
1963-02-24,364.01,573.0,50.0,Rule Curve,50.0,369.0,3617.0,50.0,5372.0,50.0,0.0,369.0,0.0
1963-02-25,364.27,706.0,50.0,Rule Curve,50.0,448.0,3652.0,50.0,5313.0,50.0,0.0,448.0,0.0
1963-02-26,364.51,666.0,50.0,Rule Curve,50.0,407.0,3691.0,50.0,5346.0,50.0,0.0,407.0,0.0
1963-02-27,364.73,585.0,50.0,Rule Curve,50.0,320.0,3727.0,50.0,5422.0,50.0,0.0,320.0,0.0
1963-02-28,364.92,535.0,50.0,Rule Curve,50.0,241.0,3759.0,50.0,5471.0,50.0,0.0,241.0,0.0
1963-03-01,365.08,477.0,50.0,Rule Curve,50.0,116.0,3787.0,50.0,5500.0,50.0,0.0,116.0,0.0
1963-03-02,365.29,649.0,50.0,Rule Curve,50.0,219.0,3811.0,50.0,5498.0,50.0,0.0,219.0,0.0
1963-03-03,365.5,620.0,50.0,Rule Curve,50.0,177.0,3841.0,50.0,5567.0,50.0,0.0,177.0,0.0
1963-03-04,365.66,508.0,50.0,Rule Curve,50.0,50.0,3870.0,50.0,5639.0,50.0,0.0,43.0,0.0
1963-03-05,365.8,438.0,50.0,Rule Curve,50.0,50.0,3894.0,50.0,5693.0,50.0,0.0,0.0,0.0
1963-03-06,365.92,387.0,50.0,Rule Curve,50.0,50.0,3913.0,50.0,5731.0,50.0,0.0,0.0,0.0
1963-03-07,366.03,372.0,50.0,Rule Curve,50.0,50.0,3930.0,50.0,5764.0,50.0,0.0,0.0,0.0
1963-03-08,366.12,317.0,50.0,Rule Curve,50.0,50.0,3946.0,50.0,5794.0,50.0,0.0,0.0,0.0
1963-03-09,366.21,327.0,50.0,Rule Curve,50.0,50.0,3958.0,50.0,5820.0,50.0,0.0,0.0,0.0
1963-03-10,366.3,353.0,50.0,Rule Curve,50.0,50.0,3970.0,50.0,5847.0,50.0,0.0,0.0,0.0
1963-03-11,366.38,297.0,50.0,Rule Curve,50.0,50.0,3984.0,50.0,5868.0,50.0,0.0,0.0,0.0
1963-03-12,366.45,277.0,50.0,Rule Curve,50.0,50.0,3995.0,50.0,5887.0,50.0,0.0,0.0,0.0
1963-03-13,366.52,277.0,50.0,Rule Curve,50.0,50.0,4005.0,50.0,5901.0,50.0,0.0,0.0,0.0
1963-03-14,366.6,307.0,50.0,Rule Curve,50.0,50.0,4015.0,50.0,5909.0,50.0,0.0,0.0,0.0
1963-03-15,366.73,448.0,50.0,Rule Curve,50.0,50.0,4027.0,50.0,5908.0,50.0,0.0,0.0,0.0
1963-03-16,366.84,395.0,50.0,Rule Curve,50.0,50.0,4045.0,50.0,5919.0,50.0,0.0,0.0,0.0
1963-03-17,366.96,402.0,50.0,Rule Curve,50.0,50.0,4060.0,50.0,5960.0,50.0,0.0,0.0,0.0
1963-03-18,367.05,351.0,50.0,Rule Curve,50.0,50.0,4076.0,50.0,6002.0,50.0,0.0,0.0,0.0
1963-03-19,367.13,321.0,50.0,Rule Curve,50.0,50.0,4089.0,50.0,6029.0,50.0,0.0,0.0,0.0
1963-03-20,367.2,296.0,50.0,Rule Curve,50.0,50.0,4101.0,50.0,6048.0,50.0,0.0,0.0,0.0
1963-03-21,367.29,331.0,50.0,Rule Curve,50.0,50.0,4111.0,50.0,6059.0,50.0,0.0,0.0,0.0
1963-03-22,367.39,389.0,50.0,Rule Curve,50.0,50.0,4123.0,50.0,6032.0,50.0,0.0,0.0,0.0
1963-03-23,367.57,666.0,50.0,Rule Curve,50.0,50.0,4137.0,50.0,5999.0,50.0,0.0,0.0,0.0
1963-03-24,367.75,641.0,50.0,Rule Curve,50.0,50.0,4163.0,50.0,6049.0,50.0,0.0,0.0,0.0
1963-03-25,367.89,500.0,50.0,Rule Curve,50.0,50.0,4189.0,50.0,6111.0,50.0,0.0,0.0,0.0
1963-03-26,368.04,559.0,50.0,Rule Curve,50.0,50.0,4208.0,50.0,5997.0,50.0,0.0,0.0,0.0
1963-03-27,368.34,1113.0,50.0,Rule Curve,50.0,50.0,4229.0,50.0,5605.0,50.0,0.0,0.0,0.0
1963-03-28,368.89,2013.0,50.0,Rule Curve,50.0,50.0,4271.0,50.0,4725.0,50.0,0.0,0.0,0.0
1963-03-29,370.1,4574.0,50.0,Rule Curve,50.0,2321.0,4349.0,50.0,3466.0,50.0,0.0,2321.0,0.0
1963-03-30,371.24,7826.0,3335.0,Rule Curve,50.0,3335.0,4520.0,50.0,3335.0,50.0,0.0,6869.0,4050.0
1963-03-31,371.89,6090.0,3490.0,Top of Dam,3490.0,3490.0,4682.0,50.0,3819.0,50.0,0.0,6406.0,3490.0
1963-04-01,372.13,3676.0,2663.0,Top of Dam,2663.0,2663.0,4772.0,50.0,4967.0,50.0,0.0,4638.0,2663.0
1963-04-02,372.2,2314.0,1991.0,Top of Dam,1991.0,1991.0,4806.0,50.0,5649.0,50.0,0.0,3390.0,1991.0
1963-04-03,372.19,1668.0,1688.0,Top of Dam,1688.0,1688.0,4816.0,50.0,6289.0,50.0,0.0,2628.0,1688.0
1963-04-04,372.12,1319.0,1562.0,Top of Dam,1562.0,1562.0,4815.0,50.0,6385.0,50.0,0.0,2049.0,1562.0
1963-04-05,372.18,1766.0,1492.0,Top of Dam,1492.0,1492.0,4806.0,50.0,6018.0,50.0,0.0,2191.0,1492.0
1963-04-06,372.33,1955.0,1343.0,Top of Dam,1343.0,1343.0,4814.0,50.0,5896.0,50.0,0.0,2248.0,1343.0
1963-04-07,372.54,2039.0,1142.0,Top of Dam,1142.0,1142.0,4834.0,50.0,6033.0,50.0,0.0,2308.0,1142.0
1963-04-08,372.69,1691.0,1039.0,Top of Dam,1039.0,1039.0,4864.0,50.0,6218.0,50.0,0.0,2044.0,1039.0
1963-04-09,372.73,1426.0,1222.0,Top of Dam,1222.0,1222.0,4885.0,50.0,6197.0,50.0,0.0,1767.0,1222.0
1963-04-10,372.68,1478.0,1672.0,Rule Curve,1672.0,4891.0,4891.0,50.0,6162.0,50.0,0.0,1672.0,1399.0
1963-04-11,372.7,2243.0,2144.0,Rule Curve,2144.0,4884.0,4884.0,50.0,6167.0,50.0,0.0,2144.0,1324.0
1963-04-12,373.05,2913.0,1411.0,Rule Curve,50.0,2632.0,4886.0,50.0,5929.0,50.0,0.0,2632.0,1309.0
1963-04-13,373.04,1726.0,1726.0,Rule Curve,1726.0,4936.0,4936.0,50.0,5708.0,50.0,0.0,1726.0,1076.0
1963-04-14,373.35,2688.0,1335.0,Rule Curve,50.0,2463.0,4936.0,50.0,5601.0,50.0,0.0,2463.0,1361.0
1963-04-15,373.34,3456.0,3456.0,Rule Curve,3456.0,4979.0,4979.0,50.0,5244.0,50.0,0.0,3456.0,2805.0
1963-04-16,373.5,3338.0,2634.0,Rule Curve,50.0,3112.0,4978.0,50.0,5363.0,50.0,0.0,3112.0,2433.0
1963-04-17,373.49,2910.0,2910.0,Rule Curve,2910.0,5000.0,5000.0,50.0,5825.0,50.0,0.0,2910.0,1703.0
1963-04-18,373.49,1704.0,1696.0,Rule Curve,1696.0,4999.0,4999.0,50.0,6242.0,50.0,0.0,1696.0,1144.0
1963-04-19,373.49,470.0,455.0,Rule Curve,455.0,4999.0,4999.0,50.0,6590.0,50.0,0.0,455.0,426.0
1963-04-20,373.49,1258.0,1240.0,Rule Curve,1240.0,4998.0,4998.0,50.0,6437.0,50.0,0.0,1240.0,1202.0
1963-04-21,373.48,1477.0,1455.0,Rule Curve,1455.0,4998.0,4998.0,50.0,6453.0,50.0,0.0,1455.0,1161.0
1963-04-22,373.48,1089.0,1066.0,Rule Curve,1066.0,4998.0,4998.0,50.0,6578.0,50.0,0.0,1066.0,959.0
1963-04-23,373.48,958.0,933.0,Rule Curve,933.0,4998.0,4998.0,50.0,6566.0,50.0,0.0,933.0,885.0
1963-04-24,373.48,874.0,849.0,Rule Curve,849.0,4998.0,4998.0,50.0,6556.0,50.0,0.0,849.0,700.0
1963-04-25,373.48,920.0,894.0,Rule Curve,894.0,4997.0,4997.0,50.0,6596.0,50.0,0.0,894.0,562.0
1963-04-26,373.48,355.0,329.0,Rule Curve,329.0,4997.0,4997.0,50.0,6668.0,50.0,0.0,329.0,277.0
1963-04-27,373.48,464.0,438.0,Rule Curve,438.0,4997.0,4997.0,50.0,6659.0,50.0,0.0,438.0,385.0
1963-04-28,373.48,561.0,535.0,Rule Curve,535.0,4997.0,4997.0,50.0,6643.0,50.0,0.0,535.0,482.0
1963-04-29,373.48,561.0,535.0,Rule Curve,535.0,4997.0,4997.0,50.0,6508.0,50.0,0.0,535.0,482.0
1963-04-30,373.48,1974.0,1948.0,Rule Curve,1948.0,4997.0,4997.0,50.0,6409.0,50.0,0.0,1948.0,1097.0
1963-05-01,373.48,711.0,684.0,Rule Curve,684.0,4997.0,4997.0,50.0,6674.0,50.0,0.0,684.0,631.0
1963-05-02,373.48,661.0,629.0,Rule Curve,629.0,4997.0,4997.0,50.0,6656.0,50.0,0.0,629.0,567.0
1963-05-03,373.47,712.0,677.0,Rule Curve,677.0,4997.0,4997.0,50.0,6550.0,50.0,0.0,677.0,608.0
1963-05-04,373.47,662.0,626.0,Rule Curve,626.0,4996.0,4996.0,50.0,6517.0,50.0,0.0,626.0,552.0
1963-05-05,373.47,1609.0,1570.0,Rule Curve,1570.0,4996.0,4996.0,50.0,5404.0,50.0,0.0,1570.0,1494.0
1963-05-06,373.47,3403.0,3364.0,Rule Curve,3364.0,3998.0,4996.0,50.0,3998.0,50.0,0.0,3364.0,3285.0
1963-05-07,373.49,4305.0,4193.0,Rule Curve,4193.0,4193.0,4996.0,50.0,4193.0,50.0,0.0,4265.0,3192.0
1963-05-08,373.48,3384.0,3368.0,Rule Curve,3368.0,4998.0,4998.0,50.0,5159.0,50.0,0.0,3368.0,2318.0
1963-05-09,373.48,1982.0,1958.0,Rule Curve,1958.0,4998.0,4998.0,50.0,6079.0,50.0,0.0,1958.0,1638.0
1963-05-10,373.48,1613.0,1583.0,Rule Curve,1583.0,4997.0,4997.0,50.0,6679.0,50.0,0.0,1583.0,1278.0
1963-05-11,373.48,1366.0,1332.0,Rule Curve,1332.0,4997.0,4997.0,50.0,6784.0,50.0,0.0,1332.0,997.0
1963-05-12,373.47,920.0,884.0,Rule Curve,884.0,4996.0,4996.0,50.0,6861.0,50.0,0.0,884.0,764.0
1963-05-13,373.47,782.0,744.0,Rule Curve,744.0,4996.0,4996.0,50.0,6846.0,50.0,0.0,744.0,616.0
1963-05-14,373.47,675.0,636.0,Rule Curve,636.0,4996.0,4996.0,50.0,6790.0,50.0,0.0,636.0,528.0
1963-05-15,373.47,481.0,441.0,Rule Curve,441.0,4996.0,4996.0,50.0,6788.0,50.0,0.0,441.0,362.0
1963-05-16,373.47,521.0,481.0,Rule Curve,481.0,4996.0,4996.0,50.0,6733.0,50.0,0.0,481.0,401.0
1963-05-17,373.47,441.0,400.0,Rule Curve,400.0,4996.0,4996.0,50.0,6748.0,50.0,0.0,400.0,320.0
1963-05-18,373.47,366.0,325.0,Rule Curve,325.0,4996.0,4996.0,50.0,6768.0,50.0,0.0,325.0,244.0
1963-05-19,373.47,438.0,397.0,Rule Curve,397.0,4996.0,4996.0,50.0,6743.0,50.0,0.0,397.0,307.0
1963-05-20,373.47,269.0,228.0,Rule Curve,228.0,4996.0,4996.0,50.0,6740.0,50.0,0.0,228.0,146.0
1963-05-21,373.47,311.0,270.0,Rule Curve,270.0,4996.0,4996.0,50.0,6756.0,50.0,0.0,270.0,188.0
1963-05-22,373.47,315.0,274.0,Rule Curve,274.0,4996.0,4996.0,50.0,6752.0,50.0,0.0,274.0,192.0
1963-05-23,373.47,264.0,223.0,Rule Curve,223.0,4996.0,4996.0,50.0,6749.0,50.0,0.0,223.0,141.0
1963-05-24,373.47,274.0,233.0,Rule Curve,233.0,4996.0,4996.0,50.0,6740.0,50.0,0.0,233.0,151.0
1963-05-25,373.47,203.0,162.0,Rule Curve,162.0,4996.0,4996.0,50.0,6744.0,50.0,0.0,162.0,80.0
1963-05-26,373.47,213.0,172.0,Rule Curve,172.0,4996.0,4996.0,50.0,6736.0,50.0,0.0,172.0,90.0
1963-05-27,373.47,213.0,172.0,Rule Curve,172.0,4996.0,4996.0,50.0,6732.0,50.0,0.0,172.0,90.0
1963-05-28,373.47,213.0,172.0,Rule Curve,172.0,4996.0,4996.0,50.0,6739.0,50.0,0.0,172.0,90.0
1963-05-29,373.47,213.0,172.0,Rule Curve,172.0,4996.0,4996.0,50.0,6729.0,50.0,0.0,172.0,90.0
1963-05-30,373.47,168.0,127.0,Rule Curve,127.0,4996.0,4996.0,50.0,6750.0,50.0,0.0,127.0,45.0
1963-05-31,373.47,120.0,79.0,Rule Curve,79.0,4996.0,4996.0,50.0,6752.0,50.0,0.0,79.0,0.0
1963-06-01,373.47,226.0,185.0,Rule Curve,185.0,4996.0,4996.0,50.0,6764.0,64.0,0.0,185.0,103.0
1963-06-02,373.47,119.0,74.0,Rule Curve,74.0,4996.0,4996.0,50.0,6767.0,64.0,0.0,74.0,0.0
1963-06-03,373.47,136.0,89.0,Rule Curve,89.0,4995.0,4995.0,50.0,6775.0,64.0,0.0,89.0,0.0
1963-06-04,373.47,190.0,141.0,Rule Curve,141.0,4995.0,4995.0,50.0,6762.0,64.0,0.0,141.0,43.0
1963-06-05,373.46,190.0,140.0,Rule Curve,140.0,4995.0,4995.0,50.0,6754.0,64.0,0.0,140.0,40.0
1963-06-06,373.46,190.0,139.0,Rule Curve,139.0,4995.0,4995.0,50.0,6765.0,64.0,0.0,139.0,38.0
1963-06-07,373.46,190.0,139.0,Rule Curve,139.0,4995.0,4995.0,50.0,6767.0,64.0,0.0,139.0,36.0
1963-06-08,373.46,140.0,88.0,Rule Curve,88.0,4995.0,4995.0,50.0,6773.0,64.0,0.0,88.0,0.0
1963-06-09,373.46,143.0,91.0,Rule Curve,91.0,4995.0,4995.0,50.0,6769.0,64.0,0.0,91.0,0.0
1963-06-10,373.46,139.0,87.0,Rule Curve,87.0,4995.0,4995.0,50.0,6766.0,64.0,0.0,87.0,0.0
1963-06-11,373.45,50.0,64.0,Rule Curve,64.0,4995.0,4995.0,50.0,6766.0,64.0,0.0,0.0,0.0
1963-06-12,373.44,96.0,64.0,Rule Curve,64.0,4993.0,4993.0,50.0,6772.0,64.0,0.0,22.0,0.0
1963-06-13,373.43,45.0,64.0,Rule Curve,64.0,4992.0,4992.0,50.0,6781.0,64.0,0.0,0.0,0.0
1963-06-14,373.42,94.0,64.0,Rule Curve,64.0,4990.0,4990.0,50.0,6789.0,64.0,0.0,0.0,0.0
1963-06-15,373.42,96.0,64.0,Rule Curve,64.0,4989.0,4989.0,50.0,6794.0,64.0,0.0,0.0,0.0
1963-06-16,373.4,47.0,64.0,Rule Curve,64.0,4988.0,4988.0,50.0,6797.0,64.0,0.0,0.0,0.0
1963-06-17,373.39,47.0,64.0,Rule Curve,64.0,4986.0,4986.0,50.0,6800.0,64.0,0.0,0.0,0.0
1963-06-18,373.36,-4.0,64.0,Rule Curve,64.0,64.0,4984.0,50.0,6801.0,64.0,0.0,0.0,0.0
1963-06-19,373.34,46.0,64.0,Rule Curve,64.0,64.0,4980.0,50.0,6800.0,64.0,0.0,0.0,0.0
1963-06-20,373.33,46.0,64.0,Rule Curve,64.0,64.0,4978.0,50.0,6800.0,64.0,0.0,0.0,0.0
1963-06-21,373.34,197.0,64.0,Rule Curve,64.0,64.0,4975.0,50.0,6796.0,64.0,0.0,0.0,0.0
1963-06-22,373.36,198.0,64.0,Rule Curve,64.0,64.0,4978.0,50.0,6791.0,64.0,0.0,0.0,0.0
1963-06-23,373.37,147.0,64.0,Rule Curve,64.0,64.0,4981.0,50.0,6789.0,64.0,0.0,0.0,0.0
1963-06-24,373.38,146.0,64.0,Rule Curve,64.0,64.0,4982.0,50.0,6788.0,64.0,0.0,0.0,0.0
1963-06-25,373.37,96.0,64.0,Rule Curve,64.0,64.0,4983.0,50.0,6787.0,64.0,0.0,0.0,0.0
1963-06-26,373.35,-5.0,64.0,Rule Curve,64.0,64.0,4982.0,50.0,6789.0,64.0,0.0,0.0,0.0
1963-06-27,373.36,195.0,64.0,Rule Curve,64.0,64.0,4978.0,50.0,6789.0,64.0,0.0,0.0,0.0
1963-06-28,373.37,144.0,64.0,Rule Curve,64.0,64.0,4981.0,50.0,6787.0,64.0,0.0,0.0,0.0
1963-06-29,373.35,44.0,64.0,Rule Curve,64.0,64.0,4982.0,50.0,6789.0,64.0,0.0,0.0,0.0
1963-06-30,373.34,43.0,64.0,Rule Curve,64.0,64.0,4979.0,50.0,6783.0,64.0,0.0,0.0,0.0
1963-07-01,373.34,148.0,50.0,Rule Curve,50.0,50.0,4977.0,50.0,6780.0,49.0,0.0,0.0,0.0
1963-07-02,373.34,98.0,50.0,Rule Curve,50.0,50.0,4978.0,50.0,6783.0,49.0,0.0,0.0,0.0
1963-07-03,373.33,93.0,50.0,Rule Curve,50.0,50.0,4977.0,50.0,6790.0,49.0,0.0,0.0,0.0
1963-07-04,373.33,82.0,50.0,Rule Curve,50.0,50.0,4977.0,50.0,6797.0,49.0,0.0,0.0,0.0
1963-07-05,373.32,82.0,50.0,Rule Curve,50.0,50.0,4976.0,50.0,6802.0,49.0,0.0,0.0,0.0
1963-07-06,373.31,82.0,50.0,Rule Curve,50.0,50.0,4974.0,50.0,6805.0,49.0,0.0,0.0,0.0
1963-07-07,373.3,82.0,50.0,Rule Curve,50.0,50.0,4973.0,50.0,6804.0,49.0,0.0,0.0,0.0
1963-07-08,373.28,32.0,50.0,Rule Curve,50.0,50.0,4972.0,50.0,6803.0,49.0,0.0,0.0,0.0
1963-07-09,373.26,32.0,50.0,Rule Curve,50.0,50.0,4969.0,50.0,6805.0,49.0,0.0,0.0,0.0
1963-07-10,373.25,32.0,50.0,Rule Curve,50.0,50.0,4967.0,50.0,6807.0,49.0,0.0,0.0,0.0
1963-07-11,373.21,-19.0,50.0,Rule Curve,50.0,50.0,4964.0,50.0,6808.0,49.0,0.0,0.0,0.0
1963-07-12,373.19,32.0,50.0,Rule Curve,50.0,50.0,4960.0,50.0,6809.0,49.0,0.0,0.0,0.0
1963-07-13,373.19,82.0,50.0,Rule Curve,50.0,50.0,4957.0,50.0,6812.0,49.0,0.0,0.0,0.0
1963-07-14,373.18,82.0,50.0,Rule Curve,50.0,50.0,4956.0,50.0,6814.0,49.0,0.0,0.0,0.0
1963-07-15,373.15,-19.0,50.0,Rule Curve,50.0,50.0,4955.0,50.0,6815.0,49.0,0.0,0.0,0.0
1963-07-16,373.14,81.0,50.0,Rule Curve,50.0,50.0,4950.0,50.0,6814.0,49.0,0.0,0.0,0.0
1963-07-17,373.12,31.0,50.0,Rule Curve,50.0,50.0,4949.0,50.0,6815.0,49.0,0.0,0.0,0.0
1963-07-18,373.1,30.0,50.0,Rule Curve,50.0,50.0,4946.0,50.0,6815.0,49.0,0.0,0.0,0.0
1963-07-19,373.08,30.0,50.0,Rule Curve,50.0,50.0,4944.0,50.0,6815.0,49.0,0.0,0.0,0.0
1963-07-20,373.06,30.0,50.0,Rule Curve,50.0,50.0,4941.0,50.0,6816.0,49.0,0.0,0.0,0.0
1963-07-21,373.03,-22.0,50.0,Rule Curve,50.0,50.0,4938.0,50.0,6817.0,49.0,0.0,0.0,0.0
1963-07-22,373.01,28.0,50.0,Rule Curve,50.0,50.0,4934.0,50.0,6816.0,49.0,0.0,0.0,0.0
1963-07-23,372.99,30.0,50.0,Rule Curve,50.0,50.0,4931.0,50.0,6817.0,49.0,0.0,0.0,0.0
1963-07-24,372.96,-23.0,50.0,Rule Curve,50.0,50.0,4928.0,50.0,6817.0,49.0,0.0,0.0,0.0
1963-07-25,372.94,37.0,50.0,Rule Curve,50.0,50.0,4923.0,50.0,6816.0,49.0,0.0,0.0,0.0
1963-07-26,372.9,-59.0,50.0,Rule Curve,50.0,50.0,4921.0,50.0,6816.0,49.0,0.0,0.0,0.0
1963-07-27,372.87,27.0,50.0,Rule Curve,50.0,50.0,4915.0,50.0,6816.0,49.0,0.0,0.0,0.0
1963-07-28,372.84,-14.0,50.0,Rule Curve,50.0,50.0,4912.0,50.0,6817.0,49.0,0.0,0.0,0.0
1963-07-29,372.82,32.0,50.0,Rule Curve,50.0,50.0,4907.0,50.0,6818.0,49.0,0.0,0.0,0.0
1963-07-30,372.8,27.0,50.0,Rule Curve,50.0,50.0,4904.0,50.0,6814.0,49.0,0.0,0.0,0.0
1963-07-31,372.77,-14.0,50.0,Rule Curve,50.0,50.0,4901.0,50.0,6814.0,49.0,0.0,0.0,0.0
1963-08-01,372.74,-20.0,50.0,Rule Curve,50.0,50.0,4897.0,50.0,6815.0,49.0,0.0,0.0,0.0
1963-08-02,372.72,21.0,50.0,Rule Curve,50.0,50.0,4893.0,50.0,6815.0,49.0,0.0,0.0,0.0
1963-08-03,372.7,26.0,50.0,Rule Curve,50.0,50.0,4890.0,50.0,6814.0,49.0,0.0,0.0,0.0
1963-08-04,372.67,-20.0,50.0,Rule Curve,50.0,50.0,4887.0,50.0,6813.0,49.0,0.0,0.0,0.0
1963-08-05,372.65,26.0,50.0,Rule Curve,50.0,50.0,4883.0,50.0,6814.0,49.0,0.0,0.0,0.0
1963-08-06,372.65,116.0,50.0,Rule Curve,50.0,50.0,4880.0,50.0,6816.0,49.0,0.0,0.0,0.0
1963-08-07,372.63,26.0,50.0,Rule Curve,50.0,50.0,4880.0,50.0,6817.0,49.0,0.0,0.0,0.0
1963-08-08,372.61,20.0,50.0,Rule Curve,50.0,50.0,4878.0,50.0,6817.0,49.0,0.0,0.0,0.0
1963-08-09,372.58,-22.0,50.0,Rule Curve,50.0,50.0,4875.0,50.0,6818.0,49.0,0.0,0.0,0.0
1963-08-10,372.55,-22.0,50.0,Rule Curve,50.0,50.0,4870.0,50.0,6819.0,49.0,0.0,0.0,0.0
1963-08-11,372.53,24.0,50.0,Rule Curve,50.0,50.0,4866.0,50.0,6819.0,49.0,0.0,0.0,0.0
1963-08-12,372.49,-73.0,50.0,Rule Curve,50.0,50.0,4863.0,50.0,6819.0,49.0,0.0,0.0,0.0
1963-08-13,372.47,23.0,50.0,Rule Curve,50.0,50.0,4857.0,50.0,6819.0,49.0,0.0,0.0,0.0
1963-08-14,372.44,-23.0,50.0,Rule Curve,50.0,50.0,4854.0,50.0,6819.0,49.0,0.0,0.0,0.0
1963-08-15,372.41,-22.0,50.0,Rule Curve,50.0,50.0,4850.0,50.0,6820.0,49.0,0.0,0.0,0.0
1963-08-16,372.39,24.0,50.0,Rule Curve,50.0,50.0,4845.0,50.0,6820.0,49.0,0.0,0.0,0.0
1963-08-17,372.34,-72.0,50.0,Rule Curve,50.0,50.0,4843.0,50.0,6820.0,49.0,0.0,0.0,0.0
1963-08-18,372.32,24.0,50.0,Rule Curve,50.0,50.0,4837.0,50.0,6820.0,49.0,0.0,0.0,0.0
1963-08-19,372.29,-22.0,50.0,Rule Curve,50.0,50.0,4834.0,50.0,6820.0,49.0,0.0,0.0,0.0
1963-08-20,372.26,-23.0,50.0,Rule Curve,50.0,50.0,4830.0,50.0,6819.0,49.0,0.0,0.0,0.0
1963-08-21,372.23,-23.0,50.0,Rule Curve,50.0,50.0,4825.0,50.0,6818.0,49.0,0.0,0.0,0.0
1963-08-22,372.21,24.0,50.0,Rule Curve,50.0,50.0,4821.0,50.0,6819.0,49.0,0.0,0.0,0.0
1963-08-23,372.19,27.0,50.0,Rule Curve,50.0,50.0,4818.0,50.0,6819.0,49.0,0.0,0.0,0.0
1963-08-24,372.16,-18.0,50.0,Rule Curve,50.0,50.0,4815.0,50.0,6818.0,49.0,0.0,0.0,0.0
1963-08-25,372.14,26.0,50.0,Rule Curve,50.0,50.0,4811.0,50.0,6819.0,49.0,0.0,0.0,0.0
1963-08-26,372.12,25.0,50.0,Rule Curve,50.0,50.0,4808.0,50.0,6820.0,49.0,0.0,0.0,0.0
1963-08-27,372.1,24.0,50.0,Rule Curve,50.0,50.0,4806.0,50.0,6820.0,49.0,0.0,0.0,0.0
1963-08-28,372.08,23.0,50.0,Rule Curve,50.0,50.0,4803.0,50.0,6819.0,49.0,0.0,0.0,0.0
1963-08-29,372.06,20.0,50.0,Rule Curve,50.0,50.0,4800.0,50.0,6819.0,49.0,0.0,0.0,0.0
1963-08-30,372.03,-28.0,50.0,Rule Curve,50.0,50.0,4797.0,50.0,6817.0,49.0,0.0,0.0,0.0
1963-08-31,372.01,16.0,50.0,Rule Curve,50.0,50.0,4793.0,50.0,6816.0,49.0,0.0,0.0,0.0
1963-09-01,371.98,-38.0,50.0,Rule Curve,50.0,50.0,4790.0,50.0,6818.0,45.0,0.0,0.0,0.0
1963-09-02,371.96,15.0,50.0,Rule Curve,50.0,50.0,4785.0,50.0,6811.0,45.0,0.0,0.0,0.0
1963-09-03,371.94,14.0,50.0,Rule Curve,50.0,50.0,4783.0,50.0,6809.0,45.0,0.0,0.0,0.0
1963-09-04,371.9,-65.0,50.0,Rule Curve,50.0,50.0,4780.0,50.0,6803.0,45.0,0.0,0.0,0.0
1963-09-05,371.88,-22.0,50.0,Rule Curve,50.0,50.0,4775.0,50.0,6798.0,45.0,0.0,0.0,0.0
1963-09-06,371.84,-70.0,50.0,Rule Curve,50.0,50.0,4771.0,50.0,6797.0,45.0,0.0,0.0,0.0
1963-09-07,371.82,27.0,50.0,Rule Curve,50.0,50.0,4765.0,50.0,6796.0,45.0,0.0,0.0,0.0
1963-09-08,371.81,23.0,50.0,Rule Curve,50.0,50.0,4763.0,50.0,6795.0,45.0,0.0,0.0,0.0
1963-09-09,371.78,-24.0,50.0,Rule Curve,50.0,50.0,4761.0,50.0,6792.0,45.0,0.0,0.0,0.0
1963-09-10,371.74,-68.0,50.0,Rule Curve,50.0,50.0,4757.0,50.0,6793.0,45.0,0.0,0.0,0.0
1963-09-11,371.72,24.0,50.0,Rule Curve,50.0,50.0,4752.0,50.0,6794.0,45.0,0.0,0.0,0.0
1963-09-12,371.7,-17.0,50.0,Rule Curve,50.0,50.0,4749.0,50.0,6795.0,45.0,0.0,0.0,0.0
1963-09-13,371.69,69.0,50.0,Rule Curve,50.0,50.0,4746.0,50.0,6795.0,45.0,0.0,0.0,0.0
1963-09-14,371.69,69.0,50.0,Rule Curve,50.0,50.0,4745.0,50.0,6786.0,45.0,0.0,0.0,0.0
1963-09-15,371.8,518.0,50.0,Rule Curve,50.0,50.0,4744.0,50.0,6779.0,45.0,0.0,0.0,0.0
1963-09-16,371.79,75.0,50.0,Rule Curve,50.0,50.0,4759.0,50.0,6780.0,45.0,0.0,0.0,0.0
1963-09-17,371.79,71.0,50.0,Rule Curve,50.0,50.0,4759.0,50.0,6815.0,45.0,0.0,0.0,0.0
1963-09-18,371.79,106.0,50.0,Rule Curve,50.0,50.0,4758.0,50.0,6804.0,45.0,0.0,0.0,0.0
1963-09-19,371.76,-53.0,50.0,Rule Curve,50.0,50.0,4759.0,50.0,6791.0,45.0,0.0,0.0,0.0
1963-09-20,371.75,37.0,50.0,Rule Curve,50.0,50.0,4754.0,50.0,6798.0,45.0,0.0,0.0,0.0
1963-09-21,371.72,-7.0,50.0,Rule Curve,50.0,50.0,4752.0,50.0,6800.0,45.0,0.0,0.0,0.0
1963-09-22,371.73,124.0,50.0,Rule Curve,50.0,50.0,4749.0,50.0,6797.0,45.0,0.0,0.0,0.0
1963-09-23,371.7,-48.0,50.0,Rule Curve,50.0,50.0,4750.0,50.0,6795.0,45.0,0.0,0.0,0.0
1963-09-24,371.68,-2.0,50.0,Rule Curve,50.0,50.0,4746.0,50.0,6795.0,45.0,0.0,0.0,0.0
1963-09-25,371.64,-62.0,50.0,Rule Curve,50.0,50.0,4742.0,50.0,6810.0,45.0,0.0,0.0,0.0
1963-09-26,371.62,14.0,50.0,Rule Curve,50.0,50.0,4737.0,50.0,6776.0,45.0,0.0,0.0,0.0
1963-09-27,371.59,-36.0,50.0,Rule Curve,50.0,50.0,4735.0,50.0,6733.0,45.0,0.0,0.0,0.0
1963-09-28,371.56,-31.0,50.0,Rule Curve,50.0,50.0,4730.0,50.0,6739.0,45.0,0.0,0.0,0.0
1963-09-29,371.53,-32.0,50.0,Top of Dam,50.0,50.0,4726.0,50.0,6761.0,45.0,0.0,0.0,211.0
1963-09-30,371.29,-78.0,856.0,Top of Dam,50.0,893.0,4722.0,50.0,6600.0,45.0,0.0,0.0,893.0
1963-10-01,371.08,-33.0,798.0,Top of Dam,50.0,814.0,4688.0,50.0,6630.0,30.0,0.0,0.0,814.0
1963-10-02,370.86,-95.0,755.0,Top of Dam,50.0,771.0,4658.0,50.0,6720.0,30.0,0.0,0.0,771.0
1963-10-03,370.65,-84.0,715.0,Top of Dam,50.0,731.0,4627.0,50.0,6688.0,30.0,0.0,0.0,731.0
1963-10-04,370.44,128.0,927.0,Top of Dam,128.0,943.0,4598.0,50.0,6702.0,30.0,0.0,128.0,943.0
1963-10-05,370.22,-50.0,788.0,Top of Dam,50.0,804.0,4568.0,50.0,6735.0,30.0,0.0,0.0,804.0
1963-10-06,370.0,-34.0,804.0,Top of Dam,50.0,820.0,4537.0,50.0,6740.0,30.0,0.0,0.0,820.0
1963-10-07,369.78,1.0,806.0,Top of Dam,50.0,822.0,4506.0,50.0,6707.0,30.0,0.0,1.0,822.0
1963-10-08,369.55,30.0,873.0,Top of Dam,50.0,889.0,4475.0,50.0,6686.0,30.0,0.0,30.0,889.0
1963-10-09,369.33,-51.0,754.0,Top of Dam,50.0,770.0,4442.0,50.0,6643.0,30.0,0.0,0.0,770.0
1963-10-10,369.1,20.0,862.0,Top of Dam,50.0,878.0,4411.0,50.0,6568.0,30.0,0.0,20.0,878.0
1963-10-11,368.87,-31.0,786.0,Top of Dam,50.0,801.0,4379.0,50.0,6552.0,30.0,0.0,0.0,801.0
1963-10-12,368.64,-98.0,699.0,Top of Dam,50.0,713.0,4346.0,50.0,6504.0,30.0,0.0,0.0,713.0
1963-10-13,368.41,-23.0,774.0,Top of Dam,50.0,789.0,4314.0,50.0,6426.0,30.0,0.0,0.0,789.0
1963-10-14,368.16,-23.0,845.0,Top of Dam,50.0,859.0,4281.0,50.0,6345.0,30.0,0.0,0.0,859.0
1963-10-15,367.92,-32.0,777.0,Top of Dam,50.0,791.0,4246.0,50.0,6335.0,30.0,0.0,0.0,791.0
1963-10-16,367.67,-9.0,784.0,Top of Dam,50.0,798.0,4212.0,50.0,6266.0,30.0,0.0,0.0,798.0
1963-10-17,367.41,-28.0,797.0,Top of Dam,50.0,811.0,4177.0,50.0,6175.0,30.0,0.0,0.0,811.0
1963-10-18,367.15,42.0,867.0,Top of Dam,50.0,881.0,4140.0,50.0,6115.0,30.0,0.0,42.0,881.0
1963-10-19,366.88,-49.0,785.0,Top of Dam,50.0,798.0,4104.0,50.0,6074.0,30.0,0.0,0.0,798.0
1963-10-20,366.61,-2.0,802.0,Top of Dam,50.0,815.0,4065.0,50.0,6006.0,30.0,0.0,0.0,815.0
1963-10-21,366.33,54.0,888.0,Top of Dam,54.0,901.0,4027.0,50.0,5900.0,30.0,0.0,54.0,901.0
1963-10-22,366.04,226.0,1091.0,Top of Dam,226.0,1103.0,3988.0,50.0,5862.0,30.0,0.0,226.0,1103.0
1963-10-23,365.75,184.0,974.0,Top of Dam,184.0,986.0,3947.0,50.0,5818.0,30.0,0.0,184.0,986.0
1963-10-24,365.45,46.0,851.0,Top of Dam,50.0,862.0,3906.0,50.0,5763.0,30.0,0.0,46.0,862.0
1963-10-25,365.14,39.0,872.0,Top of Dam,50.0,883.0,3864.0,50.0,5698.0,30.0,0.0,39.0,883.0
1963-10-26,364.82,49.0,873.0,Top of Dam,50.0,884.0,3820.0,50.0,5650.0,30.0,0.0,49.0,884.0
1963-10-27,364.49,-9.0,812.0,Top of Dam,50.0,823.0,3773.0,50.0,5573.0,30.0,0.0,0.0,823.0
1963-10-28,364.15,88.0,935.0,Top of Dam,88.0,945.0,3723.0,50.0,5500.0,30.0,0.0,88.0,945.0
1963-10-29,363.8,-19.0,793.0,Top of Dam,50.0,803.0,3672.0,50.0,5434.0,30.0,0.0,0.0,803.0
1963-10-30,363.43,50.0,862.0,Top of Dam,50.0,871.0,3620.0,50.0,5337.0,30.0,0.0,50.0,871.0
1963-10-31,363.05,35.0,869.0,Top of Dam,50.0,878.0,3564.0,50.0,5253.0,30.0,0.0,35.0,878.0
1963-11-01,362.65,41.0,855.0,Top of Dam,50.0,858.0,3507.0,50.0,5193.0,30.0,0.0,41.0,858.0
1963-11-02,362.22,89.0,954.0,Top of Dam,89.0,956.0,3447.0,50.0,5095.0,30.0,0.0,89.0,956.0
1963-11-03,361.79,68.0,890.0,Top of Dam,68.0,893.0,3383.0,50.0,5037.0,30.0,0.0,68.0,893.0
1963-11-04,361.33,106.0,938.0,Top of Dam,106.0,941.0,3319.0,50.0,4843.0,30.0,0.0,106.0,941.0
1963-11-05,360.86,128.0,957.0,Top of Dam,128.0,960.0,3249.0,50.0,4697.0,30.0,0.0,128.0,960.0
1963-11-06,360.36,196.0,1025.0,Top of Dam,196.0,1028.0,3165.0,50.0,4566.0,30.0,0.0,196.0,1028.0
1963-11-07,359.83,647.0,1492.0,Top of Dam,647.0,1494.0,3040.0,50.0,4165.0,30.0,0.0,647.0,1494.0
1963-11-08,359.26,1393.0,2225.0,Top of Dam,1393.0,2227.0,2907.0,50.0,3990.0,30.0,0.0,1393.0,2227.0
1963-11-09,358.82,1304.0,1920.0,Top of Dam,1304.0,1920.0,2765.0,50.0,4219.0,30.0,0.0,1304.0,1920.0
1963-11-10,358.15,735.0,1606.0,Top of Dam,804.0,1606.0,2655.0,50.0,4432.0,30.0,0.0,804.0,1606.0
1963-11-11,357.27,347.0,1376.0,Top of Dam,413.0,1378.0,2488.0,50.0,4549.0,30.0,0.0,413.0,1378.0
1963-11-12,356.47,144.0,970.0,Top of Dam,144.0,971.0,2267.0,50.0,4590.0,30.0,0.0,144.0,971.0
1963-11-13,355.55,153.0,988.0,Top of Dam,153.0,989.0,2001.0,50.0,3991.0,30.0,0.0,153.0,989.0
1963-11-14,354.75,965.0,1591.0,Top of Dam,965.0,1591.0,1656.0,50.0,3858.0,30.0,0.0,965.0,1591.0
1963-11-15,354.73,1232.0,1243.0,Top of Dam,1243.0,1243.0,1356.0,50.0,3706.0,30.0,0.0,1302.0,1243.0
1963-11-16,354.55,862.0,981.0,Top of Dam,981.0,981.0,1350.0,50.0,3324.0,30.0,0.0,1212.0,981.0
1963-11-17,354.17,549.0,807.0,Top of Dam,807.0,807.0,1283.0,50.0,2890.0,30.0,0.0,859.0,807.0
1963-11-18,353.79,458.0,692.0,Top of Dam,682.0,692.0,1140.0,50.0,2540.0,30.0,0.0,682.0,692.0
1963-11-19,353.53,460.0,603.0,Top of Dam,603.0,603.0,996.0,50.0,2308.0,30.0,0.0,605.0,603.0
1963-11-20,353.38,463.0,546.0,Top of Dam,546.0,546.0,898.0,50.0,2167.0,30.0,0.0,560.0,546.0
1963-11-21,353.0,425.0,632.0,Top of Dam,494.0,633.0,841.0,50.0,2045.0,30.0,0.0,494.0,633.0
1963-11-22,353.0,434.0,434.0,Rule Curve,434.0,700.0,700.0,50.0,1846.0,30.0,0.0,434.0,434.0
1963-11-23,353.25,838.0,700.0,Rule Curve,700.0,700.0,700.0,50.0,2249.0,30.0,0.0,838.0,837.0
1963-11-24,353.63,1003.0,793.0,Top of Dam,793.0,793.0,793.0,50.0,2552.0,30.0,0.0,1049.0,843.0
1963-11-25,353.65,762.0,749.0,Top of Dam,749.0,749.0,935.0,50.0,2520.0,30.0,0.0,877.0,749.0
1963-11-26,353.61,603.0,624.0,Top of Dam,624.0,624.0,944.0,50.0,2374.0,30.0,0.0,723.0,624.0
1963-11-27,353.61,510.0,510.0,Top of Dam,510.0,510.0,929.0,50.0,2259.0,30.0,0.0,623.0,510.0
1963-11-28,353.54,374.0,414.0,Top of Dam,414.0,414.0,929.0,50.0,2123.0,30.0,0.0,486.0,414.0
1963-11-29,353.4,283.0,361.0,Top of Dam,361.0,361.0,901.0,50.0,1991.0,30.0,0.0,382.0,361.0
1963-11-30,353.21,223.0,322.0,Top of Dam,296.0,322.0,848.0,50.0,1853.0,30.0,0.0,296.0,322.0
1963-12-01,353.15,254.0,288.0,Top of Dam,288.0,288.0,780.0,50.0,1785.0,30.0,0.0,293.0,288.0
1963-12-02,353.12,246.0,264.0,Top of Dam,264.0,264.0,757.0,50.0,1742.0,30.0,0.0,274.0,264.0
1963-12-03,353.0,221.0,286.0,Top of Dam,243.0,286.0,745.0,50.0,1700.0,30.0,0.0,243.0,286.0
1963-12-04,353.0,214.0,215.0,Top of Dam,215.0,216.0,701.0,50.0,1628.0,30.0,0.0,215.0,216.0
1963-12-05,353.0,330.0,330.0,Rule Curve,330.0,700.0,700.0,50.0,1742.0,30.0,0.0,330.0,296.0
1963-12-06,353.0,260.0,260.0,Rule Curve,260.0,700.0,700.0,50.0,1672.0,30.0,0.0,260.0,259.0
1963-12-07,353.0,273.0,273.0,Rule Curve,273.0,700.0,700.0,50.0,1685.0,30.0,0.0,273.0,272.0
1963-12-08,353.0,581.0,581.0,Rule Curve,581.0,700.0,700.0,50.0,1993.0,30.0,0.0,581.0,580.0
1963-12-09,353.15,782.0,700.0,Rule Curve,700.0,700.0,700.0,50.0,2194.0,30.0,0.0,782.0,600.0
1963-12-10,353.26,546.0,485.0,Top of Dam,485.0,485.0,755.0,50.0,2040.0,30.0,0.0,574.0,485.0
1963-12-11,353.27,446.0,437.0,Top of Dam,437.0,437.0,796.0,50.0,2000.0,30.0,0.0,493.0,437.0
1963-12-12,353.21,358.0,391.0,Top of Dam,391.0,391.0,802.0,50.0,1920.0,30.0,0.0,408.0,391.0
1963-12-13,353.19,341.0,352.0,Top of Dam,352.0,352.0,779.0,50.0,1869.0,30.0,0.0,379.0,352.0
1963-12-14,353.16,300.0,317.0,Top of Dam,317.0,317.0,771.0,50.0,1817.0,30.0,0.0,335.0,317.0
1963-12-15,353.15,273.0,277.0,Top of Dam,277.0,277.0,759.0,50.0,1773.0,30.0,0.0,302.0,277.0
1963-12-16,353.13,248.0,258.0,Top of Dam,258.0,258.0,756.0,50.0,1743.0,30.0,0.0,276.0,258.0
1963-12-17,353.02,198.0,260.0,Top of Dam,222.0,260.0,750.0,50.0,1683.0,30.0,0.0,222.0,260.0
1963-12-18,353.0,219.0,229.0,Top of Dam,223.0,230.0,707.0,50.0,1642.0,30.0,0.0,223.0,230.0
1963-12-19,353.0,265.0,265.0,Rule Curve,265.0,700.0,700.0,50.0,1677.0,30.0,0.0,265.0,265.0
1963-12-20,353.0,499.0,499.0,Rule Curve,499.0,700.0,700.0,50.0,1911.0,30.0,0.0,499.0,498.0
1963-12-21,353.25,837.0,700.0,Rule Curve,700.0,700.0,700.0,50.0,2249.0,30.0,0.0,837.0,680.0
1963-12-22,353.25,618.0,618.0,Top of Dam,618.0,618.0,793.0,50.0,2167.0,30.0,0.0,663.0,618.0
1963-12-23,353.25,559.0,557.0,Top of Dam,557.0,557.0,792.0,50.0,2107.0,30.0,0.0,604.0,557.0
1963-12-24,353.2,517.0,541.0,Top of Dam,541.0,541.0,793.0,50.0,2066.0,30.0,0.0,562.0,541.0
1963-12-25,353.04,436.0,528.0,Top of Dam,473.0,528.0,776.0,50.0,1961.0,30.0,0.0,473.0,528.0
1963-12-26,353.0,508.0,527.0,Top of Dam,514.0,527.0,713.0,50.0,1940.0,30.0,0.0,514.0,527.0
1963-12-27,353.0,504.0,504.0,Rule Curve,504.0,700.0,700.0,50.0,1916.0,30.0,0.0,504.0,504.0
1963-12-28,353.09,750.0,700.0,Rule Curve,700.0,700.0,700.0,50.0,2162.0,30.0,0.0,750.0,666.0
1963-12-29,353.24,687.0,602.0,Top of Dam,602.0,602.0,734.0,50.0,2149.0,30.0,0.0,703.0,602.0
1963-12-30,353.07,537.0,634.0,Top of Dam,582.0,634.0,791.0,50.0,2084.0,30.0,0.0,582.0,634.0
1963-12-31,353.0,506.0,543.0,Top of Dam,519.0,543.0,725.0,50.0,1956.0,30.0,0.0,519.0,543.0
1964-01-01,353.0,699.0,699.0,Rule Curve,699.0,700.0,700.0,50.0,2111.0,30.0,0.0,699.0,679.0
1964-01-02,353.04,722.0,700.0,Rule Curve,700.0,700.0,700.0,50.0,2134.0,30.0,0.0,722.0,596.0
1964-01-03,353.1,590.0,553.0,Top of Dam,553.0,553.0,715.0,50.0,2024.0,30.0,0.0,597.0,553.0
1964-01-04,353.0,451.0,508.0,Top of Dam,470.0,509.0,739.0,50.0,1921.0,30.0,0.0,470.0,509.0
1964-01-05,353.0,572.0,572.0,Rule Curve,572.0,700.0,700.0,50.0,1984.0,30.0,0.0,572.0,572.0
1964-01-06,355.34,2219.0,700.0,Rule Curve,700.0,700.0,700.0,50.0,3405.0,30.0,0.0,2219.0,2061.0
1964-01-07,356.22,2339.0,1579.0,Top of Dam,1579.0,1579.0,1579.0,50.0,3247.0,30.0,0.0,2846.0,2219.0
1964-01-08,355.89,1598.0,1907.0,Top of Dam,1907.0,1907.0,1907.0,50.0,3416.0,30.0,0.0,2358.0,2099.0
1964-01-09,355.15,1174.0,1782.0,Top of Dam,1782.0,1782.0,1782.0,50.0,3624.0,30.0,0.0,1831.0,1851.0
1964-01-10,354.76,1220.0,1508.0,Top of Dam,1508.0,1508.0,1508.0,50.0,3810.0,30.0,0.0,1674.0,1538.0
1964-01-11,354.53,1164.0,1323.0,Top of Dam,1323.0,1323.0,1362.0,50.0,3649.0,30.0,0.0,1522.0,1323.0
1964-01-12,354.07,844.0,1155.0,Top of Dam,1148.0,1155.0,1274.0,50.0,3169.0,30.0,0.0,1148.0,1155.0
1964-01-13,353.79,864.0,1028.0,Top of Dam,1028.0,1028.0,1102.0,50.0,2878.0,30.0,0.0,1064.0,1028.0
1964-01-14,353.47,819.0,997.0,Top of Dam,964.0,997.0,997.0,50.0,2668.0,30.0,0.0,964.0,1181.0
1964-01-15,353.28,774.0,876.0,Top of Dam,860.0,876.0,876.0,50.0,2445.0,30.0,0.0,860.0,1032.0
1964-01-16,354.42,1487.0,806.0,Top of Dam,806.0,806.0,806.0,50.0,3020.0,30.0,0.0,1539.0,1643.0
1964-01-17,357.01,3450.0,1232.0,Top of Dam,1232.0,1232.0,1232.0,50.0,2422.0,30.0,0.0,3729.0,4287.0
1964-01-18,360.17,5396.0,1211.0,Top of Dam,1211.0,1211.0,2202.0,50.0,1211.0,30.0,0.0,6414.0,8451.0
1964-01-19,364.66,9471.0,377.0,Top of Dam,377.0,377.0,2992.0,50.0,377.0,30.0,0.0,11884.0,11786.0
1964-01-20,368.22,12770.0,2140.0,Top of Dam,2140.0,2140.0,3749.0,50.0,2140.0,30.0,0.0,18213.0,12960.0
1964-01-21,368.98,5852.0,3174.0,Top of Dam,3174.0,3174.0,4255.0,50.0,3174.0,30.0,0.0,14838.0,13177.0
1964-01-22,369.01,3901.0,3785.0,Top of Dam,3785.0,3785.0,4362.0,50.0,3785.0,30.0,0.0,13778.0,13058.0
1964-01-23,368.65,2795.0,4063.0,Top of Dam,4063.0,4063.0,4367.0,50.0,4063.0,30.0,0.0,12711.0,12767.0
1964-01-24,368.41,2820.0,3686.0,Top of Dam,3686.0,3686.0,4316.0,50.0,3686.0,30.0,0.0,12312.0,12397.0
1964-01-25,368.15,2915.0,3826.0,Top of Dam,3826.0,3826.0,4281.0,50.0,3826.0,30.0,0.0,12118.0,11883.0
1964-01-26,367.76,2954.0,4245.0,Top of Dam,4245.0,4245.0,4245.0,50.0,4260.0,30.0,0.0,11852.0,11137.0
1964-01-27,367.13,2147.0,4190.0,Top of Dam,4190.0,4190.0,4190.0,50.0,4556.0,30.0,0.0,10614.0,10174.0
1964-01-28,366.31,1591.0,4101.0,Top of Dam,4101.0,4101.0,4101.0,50.0,4522.0,30.0,0.0,9376.0,9192.0
1964-01-29,365.38,1358.0,3985.0,Top of Dam,3985.0,3985.0,3985.0,50.0,4428.0,30.0,0.0,8306.0,7984.0
1964-01-30,364.37,1248.0,3853.0,Top of Dam,3853.0,3853.0,3853.0,50.0,4913.0,30.0,0.0,7319.0,6843.0
1964-01-31,363.26,1130.0,3706.0,Top of Dam,3706.0,3706.0,3706.0,50.0,4338.0,30.0,0.0,6333.0,5683.0
1964-02-01,362.13,1202.0,3539.0,Top of Dam,3539.0,3539.0,3539.0,50.0,4062.0,50.0,0.0,5546.0,4527.0
1964-02-02,360.83,1024.0,3369.0,Top of Dam,3369.0,3369.0,3369.0,50.0,4127.0,50.0,0.0,4370.0,3396.0
1964-02-03,360.0,894.0,2281.0,Top of Dam,2281.0,2281.0,3158.0,50.0,4254.0,50.0,0.0,3244.0,2281.0
1964-02-04,359.5,782.0,1505.0,Top of Dam,1505.0,1505.0,2949.0,50.0,4331.0,50.0,0.0,2453.0,1505.0
1964-02-05,359.31,688.0,971.0,Top of Dam,971.0,971.0,2825.0,50.0,4427.0,50.0,0.0,1899.0,971.0
1964-02-06,359.31,604.0,602.0,Top of Dam,602.0,602.0,2777.0,50.0,4515.0,50.0,0.0,1508.0,602.0
1964-02-07,359.44,548.0,343.0,Top of Dam,343.0,343.0,2776.0,50.0,4486.0,50.0,0.0,1233.0,343.0
1964-02-08,359.67,504.0,166.0,Top of Dam,166.0,166.0,2811.0,50.0,4450.0,50.0,0.0,1039.0,166.0
1964-02-09,359.96,471.0,50.0,Top of Dam,50.0,50.0,2868.0,50.0,4492.0,50.0,0.0,904.0,35.0
1964-02-10,360.2,443.0,50.0,Top of Dam,50.0,50.0,2940.0,50.0,4498.0,50.0,0.0,804.0,0.0
1964-02-11,360.43,442.0,50.0,Top of Dam,50.0,50.0,3000.0,50.0,4586.0,50.0,0.0,719.0,0.0
1964-02-12,360.31,398.0,594.0,Rule Curve,594.0,3058.0,3058.0,50.0,4559.0,50.0,0.0,594.0,0.0
1964-02-13,360.53,415.0,50.0,Rule Curve,50.0,323.0,3029.0,50.0,4585.0,50.0,0.0,323.0,0.0
1964-02-14,360.73,388.0,50.0,Rule Curve,50.0,206.0,3083.0,50.0,4649.0,50.0,0.0,206.0,0.0
1964-02-15,360.97,447.0,50.0,Rule Curve,50.0,161.0,3133.0,50.0,4693.0,50.0,0.0,161.0,0.0
1964-02-16,361.24,540.0,50.0,Rule Curve,50.0,166.0,3193.0,50.0,4730.0,50.0,0.0,166.0,0.0
1964-02-17,361.55,614.0,50.0,Rule Curve,50.0,198.0,3236.0,50.0,4802.0,50.0,0.0,198.0,0.0
1964-02-18,361.83,563.0,50.0,Rule Curve,50.0,110.0,3283.0,50.0,4863.0,50.0,0.0,110.0,0.0
1964-02-19,362.05,467.0,50.0,Rule Curve,50.0,50.0,3325.0,50.0,4919.0,50.0,0.0,0.0,0.0
1964-02-20,362.27,482.0,50.0,Rule Curve,50.0,50.0,3358.0,50.0,4968.0,50.0,0.0,0.0,0.0
1964-02-21,362.46,437.0,50.0,Rule Curve,50.0,50.0,3390.0,50.0,5013.0,50.0,0.0,0.0,0.0
1964-02-22,362.62,379.0,50.0,Rule Curve,50.0,50.0,3419.0,50.0,5057.0,50.0,0.0,0.0,0.0
1964-02-23,362.8,414.0,50.0,Rule Curve,50.0,50.0,3443.0,50.0,5096.0,50.0,0.0,0.0,0.0
1964-02-24,362.94,337.0,50.0,Rule Curve,50.0,50.0,3470.0,50.0,5137.0,50.0,0.0,0.0,0.0
1964-02-25,363.06,313.0,50.0,Rule Curve,50.0,50.0,3491.0,50.0,5171.0,50.0,0.0,0.0,0.0
1964-02-26,363.18,308.0,50.0,Rule Curve,50.0,50.0,3509.0,50.0,5195.0,50.0,0.0,0.0,0.0
1964-02-27,363.29,308.0,50.0,Rule Curve,50.0,50.0,3526.0,50.0,5221.0,50.0,0.0,0.0,0.0
1964-02-28,363.41,330.0,50.0,Rule Curve,50.0,50.0,3544.0,50.0,5242.0,50.0,0.0,0.0,0.0
1964-02-29,363.55,356.0,50.0,Rule Curve,50.0,50.0,3562.0,50.0,5220.0,50.0,0.0,0.0,0.0
1964-03-01,363.79,595.0,50.0,Rule Curve,50.0,50.0,3583.0,50.0,5185.0,50.0,0.0,0.0,0.0
1964-03-02,364.1,782.0,50.0,Rule Curve,50.0,50.0,3619.0,50.0,5214.0,50.0,0.0,0.0,0.0
1964-03-03,364.37,723.0,50.0,Rule Curve,50.0,50.0,3666.0,50.0,5280.0,50.0,0.0,0.0,0.0
1964-03-04,364.65,759.0,50.0,Rule Curve,50.0,50.0,3705.0,50.0,5187.0,50.0,0.0,0.0,0.0
1964-03-05,365.11,1247.0,50.0,Rule Curve,50.0,50.0,3747.0,50.0,5149.0,50.0,0.0,0.0,0.0
1964-03-06,365.61,1414.0,50.0,Rule Curve,50.0,151.0,3815.0,50.0,5296.0,50.0,0.0,151.0,0.0
1964-03-07,366.03,1228.0,50.0,Rule Curve,50.0,205.0,3886.0,50.0,5509.0,50.0,0.0,205.0,0.0
1964-03-08,366.35,1032.0,50.0,Rule Curve,50.0,187.0,3946.0,50.0,5644.0,50.0,0.0,187.0,0.0
1964-03-09,366.66,993.0,50.0,Rule Curve,50.0,254.0,3991.0,50.0,5713.0,50.0,0.0,254.0,0.0
1964-03-10,366.96,958.0,50.0,Rule Curve,50.0,315.0,4034.0,50.0,5444.0,50.0,0.0,315.0,0.0
1964-03-11,367.51,1839.0,50.0,Rule Curve,50.0,1280.0,4076.0,50.0,4910.0,50.0,0.0,1280.0,0.0
1964-03-12,368.06,3081.0,1280.0,Rule Curve,50.0,2900.0,4154.0,50.0,4706.0,50.0,0.0,2900.0,1292.0
1964-03-13,368.0,2708.0,2919.0,Rule Curve,2919.0,4232.0,4232.0,50.0,5026.0,50.0,0.0,2919.0,1223.0
1964-03-14,368.01,2045.0,1971.0,Rule Curve,1971.0,4223.0,4223.0,50.0,5662.0,50.0,0.0,1971.0,421.0
1964-03-15,368.41,1468.0,50.0,Rule Curve,50.0,1191.0,4226.0,50.0,6112.0,50.0,0.0,1191.0,0.0
1964-03-16,368.42,1158.0,1126.0,Rule Curve,1126.0,4282.0,4282.0,50.0,6079.0,50.0,0.0,1126.0,0.0
1964-03-17,368.67,935.0,50.0,Rule Curve,50.0,698.0,4283.0,50.0,6249.0,50.0,0.0,698.0,0.0
1964-03-18,368.89,849.0,50.0,Rule Curve,50.0,703.0,4317.0,50.0,6440.0,50.0,0.0,703.0,0.0
1964-03-19,368.91,761.0,665.0,Rule Curve,665.0,4349.0,4349.0,50.0,6387.0,50.0,0.0,665.0,0.0
1964-03-20,369.1,733.0,50.0,Rule Curve,50.0,443.0,4352.0,50.0,6370.0,50.0,0.0,443.0,0.0
1964-03-21,369.27,729.0,50.0,Rule Curve,50.0,450.0,4378.0,50.0,6430.0,50.0,0.0,450.0,0.0
1964-03-22,369.45,705.0,50.0,Rule Curve,50.0,425.0,4403.0,50.0,6471.0,50.0,0.0,425.0,0.0
1964-03-23,369.61,681.0,50.0,Rule Curve,50.0,403.0,4428.0,50.0,6480.0,50.0,0.0,403.0,0.0
1964-03-24,369.75,594.0,50.0,Rule Curve,50.0,310.0,4451.0,50.0,6542.0,50.0,0.0,310.0,0.0
1964-03-25,369.88,528.0,50.0,Rule Curve,50.0,209.0,4471.0,50.0,6593.0,50.0,0.0,209.0,0.0
1964-03-26,369.98,447.0,50.0,Rule Curve,50.0,63.0,4489.0,50.0,6629.0,50.0,0.0,63.0,0.0
1964-03-27,370.07,414.0,50.0,Rule Curve,50.0,50.0,4503.0,50.0,6646.0,50.0,0.0,0.0,0.0
1964-03-28,370.16,416.0,50.0,Rule Curve,50.0,50.0,4516.0,50.0,6653.0,50.0,0.0,0.0,0.0
1964-03-29,370.24,369.0,50.0,Rule Curve,50.0,50.0,4529.0,50.0,6654.0,50.0,0.0,0.0,0.0
1964-03-30,370.32,357.0,50.0,Rule Curve,50.0,50.0,4540.0,50.0,6656.0,50.0,0.0,0.0,0.0
1964-03-31,370.39,335.0,50.0,Rule Curve,50.0,50.0,4551.0,50.0,6661.0,50.0,0.0,0.0,0.0
1964-04-01,370.46,372.0,50.0,Rule Curve,50.0,50.0,4561.0,50.0,6660.0,50.0,0.0,0.0,0.0
1964-04-02,370.55,413.0,50.0,Rule Curve,50.0,50.0,4571.0,50.0,6657.0,50.0,0.0,0.0,0.0
1964-04-03,370.61,303.0,50.0,Rule Curve,50.0,50.0,4584.0,50.0,6661.0,50.0,0.0,0.0,0.0
1964-04-04,370.68,338.0,50.0,Rule Curve,50.0,50.0,4592.0,50.0,6669.0,50.0,0.0,0.0,0.0
1964-04-05,370.73,263.0,50.0,Rule Curve,50.0,50.0,4602.0,50.0,6675.0,50.0,0.0,0.0,0.0
1964-04-06,370.79,308.0,50.0,Rule Curve,50.0,50.0,4608.0,50.0,6683.0,50.0,0.0,0.0,0.0
1964-04-07,370.85,303.0,50.0,Rule Curve,50.0,50.0,4617.0,50.0,6688.0,50.0,0.0,0.0,0.0
1964-04-08,370.87,188.0,50.0,Rule Curve,50.0,50.0,4625.0,50.0,6688.0,50.0,0.0,0.0,0.0
1964-04-09,370.97,430.0,50.0,Rule Curve,50.0,50.0,4629.0,50.0,6672.0,50.0,0.0,0.0,0.0
1964-04-10,371.03,309.0,50.0,Rule Curve,50.0,50.0,4642.0,50.0,6666.0,50.0,0.0,0.0,0.0
1964-04-11,371.1,390.0,50.0,Rule Curve,50.0,50.0,4651.0,50.0,6677.0,50.0,0.0,0.0,0.0
1964-04-12,371.14,228.0,50.0,Rule Curve,50.0,50.0,4662.0,50.0,6689.0,50.0,0.0,0.0,0.0
1964-04-13,371.2,314.0,50.0,Rule Curve,50.0,50.0,4667.0,50.0,6694.0,50.0,0.0,0.0,0.0
1964-04-14,371.24,234.0,50.0,Rule Curve,50.0,50.0,4675.0,50.0,6698.0,50.0,0.0,0.0,0.0
1964-04-15,371.27,194.0,50.0,Rule Curve,50.0,50.0,4681.0,50.0,6702.0,50.0,0.0,0.0,0.0
1964-04-16,371.31,232.0,50.0,Rule Curve,50.0,50.0,4685.0,50.0,6706.0,50.0,0.0,0.0,0.0
1964-04-17,371.32,110.0,50.0,Rule Curve,50.0,50.0,4691.0,50.0,6710.0,50.0,0.0,0.0,0.0
1964-04-18,371.34,151.0,50.0,Rule Curve,50.0,50.0,4692.0,50.0,6712.0,50.0,0.0,0.0,0.0
1964-04-19,371.38,236.0,50.0,Rule Curve,50.0,50.0,4695.0,50.0,6714.0,50.0,0.0,0.0,0.0
1964-04-20,371.41,191.0,50.0,Rule Curve,50.0,50.0,4700.0,50.0,6716.0,50.0,0.0,0.0,0.0
1964-04-21,371.44,191.0,50.0,Rule Curve,50.0,50.0,4704.0,50.0,6715.0,50.0,0.0,0.0,0.0
1964-04-22,371.45,149.0,50.0,Rule Curve,50.0,50.0,4709.0,50.0,6712.0,50.0,0.0,0.0,0.0
1964-04-23,371.5,275.0,50.0,Rule Curve,50.0,50.0,4711.0,50.0,6712.0,50.0,0.0,0.0,0.0
1964-04-24,371.51,108.0,50.0,Rule Curve,50.0,50.0,4718.0,50.0,6716.0,50.0,0.0,0.0,0.0
1964-04-25,371.55,233.0,50.0,Rule Curve,50.0,50.0,4719.0,50.0,6718.0,50.0,0.0,0.0,0.0
1964-04-26,371.57,153.0,50.0,Rule Curve,50.0,50.0,4725.0,50.0,6720.0,50.0,0.0,0.0,0.0
1964-04-27,371.6,188.0,50.0,Rule Curve,50.0,50.0,4728.0,50.0,6721.0,50.0,0.0,0.0,0.0
1964-04-28,371.61,107.0,50.0,Rule Curve,50.0,50.0,4732.0,50.0,6719.0,50.0,0.0,0.0,0.0
1964-04-29,371.64,194.0,50.0,Rule Curve,50.0,50.0,4733.0,50.0,6718.0,50.0,0.0,0.0,0.0
1964-04-30,371.67,194.0,50.0,Rule Curve,50.0,50.0,4737.0,50.0,6717.0,50.0,0.0,0.0,0.0
1964-05-01,371.69,207.0,50.0,Rule Curve,50.0,50.0,4741.0,50.0,6718.0,50.0,0.0,0.0,0.0
1964-05-02,371.7,121.0,50.0,Rule Curve,50.0,50.0,4745.0,50.0,6723.0,50.0,0.0,0.0,0.0
1964-05-03,371.73,206.0,50.0,Rule Curve,50.0,50.0,4746.0,50.0,6731.0,50.0,0.0,0.0,0.0
1964-05-04,371.76,206.0,50.0,Rule Curve,50.0,50.0,4750.0,50.0,6740.0,50.0,0.0,0.0,0.0
1964-05-05,371.8,252.0,50.0,Rule Curve,50.0,50.0,4754.0,50.0,6737.0,50.0,0.0,0.0,0.0
1964-05-06,371.8,92.0,50.0,Rule Curve,50.0,50.0,4760.0,50.0,6737.0,50.0,0.0,0.0,0.0
1964-05-07,371.83,218.0,50.0,Rule Curve,50.0,50.0,4760.0,50.0,6740.0,50.0,0.0,0.0,0.0
1964-05-08,371.86,179.0,50.0,Rule Curve,50.0,50.0,4765.0,50.0,6746.0,50.0,0.0,0.0,0.0
1964-05-09,371.89,220.0,50.0,Rule Curve,50.0,50.0,4768.0,50.0,6748.0,50.0,0.0,0.0,0.0
1964-05-10,371.89,93.0,50.0,Rule Curve,50.0,50.0,4773.0,50.0,6751.0,50.0,0.0,0.0,0.0
1964-05-11,371.9,144.0,50.0,Rule Curve,50.0,50.0,4773.0,50.0,6741.0,50.0,0.0,0.0,0.0
1964-05-12,371.91,122.0,50.0,Rule Curve,50.0,50.0,4775.0,50.0,6747.0,50.0,0.0,0.0,0.0
1964-05-13,371.91,69.0,50.0,Rule Curve,50.0,50.0,4776.0,50.0,6751.0,50.0,0.0,0.0,0.0
1964-05-14,371.91,113.0,50.0,Rule Curve,50.0,50.0,4775.0,50.0,6751.0,50.0,0.0,0.0,0.0
1964-05-15,371.93,159.0,50.0,Rule Curve,50.0,50.0,4776.0,50.0,6753.0,50.0,0.0,0.0,0.0
1964-05-16,371.95,158.0,50.0,Rule Curve,50.0,50.0,4778.0,50.0,6753.0,50.0,0.0,0.0,0.0
1964-05-17,371.94,74.0,50.0,Rule Curve,50.0,50.0,4781.0,50.0,6754.0,50.0,0.0,0.0,0.0
1964-05-18,371.95,114.0,50.0,Rule Curve,50.0,50.0,4780.0,50.0,6756.0,50.0,0.0,0.0,0.0
1964-05-19,371.96,119.0,50.0,Rule Curve,50.0,50.0,4781.0,50.0,6759.0,50.0,0.0,0.0,0.0
1964-05-20,371.97,121.0,50.0,Rule Curve,50.0,50.0,4782.0,50.0,6760.0,50.0,0.0,0.0,0.0
1964-05-21,371.96,75.0,50.0,Rule Curve,50.0,50.0,4783.0,50.0,6762.0,50.0,0.0,0.0,0.0
1964-05-22,371.94,3.0,50.0,Rule Curve,50.0,50.0,4783.0,50.0,6763.0,50.0,0.0,0.0,0.0
1964-05-23,371.97,216.0,50.0,Rule Curve,50.0,50.0,4780.0,50.0,6767.0,50.0,0.0,0.0,0.0
1964-05-24,371.96,40.0,50.0,Rule Curve,50.0,50.0,4784.0,50.0,6764.0,50.0,0.0,0.0,0.0
1964-05-25,371.94,-8.0,50.0,Rule Curve,50.0,50.0,4783.0,50.0,6766.0,50.0,0.0,0.0,0.0
1964-05-26,371.97,226.0,50.0,Rule Curve,50.0,50.0,4779.0,50.0,6769.0,50.0,0.0,0.0,0.0
1964-05-27,371.97,76.0,50.0,Rule Curve,50.0,50.0,4784.0,50.0,6770.0,50.0,0.0,0.0,0.0
1964-05-28,371.96,37.0,50.0,Rule Curve,50.0,50.0,4784.0,50.0,6771.0,50.0,0.0,0.0,0.0
1964-05-29,371.95,78.0,50.0,Rule Curve,50.0,50.0,4782.0,50.0,6772.0,50.0,0.0,0.0,0.0
1964-05-30,371.96,118.0,50.0,Rule Curve,50.0,50.0,4782.0,50.0,6774.0,50.0,0.0,0.0,0.0
1964-05-31,371.93,-48.0,50.0,Rule Curve,50.0,50.0,4783.0,50.0,6778.0,50.0,0.0,0.0,0.0
1964-06-01,371.92,83.0,63.0,Rule Curve,63.0,63.0,4778.0,50.0,6783.0,63.0,0.0,0.0,0.0
1964-06-02,371.91,83.0,63.0,Rule Curve,63.0,63.0,4777.0,50.0,6786.0,63.0,0.0,0.0,0.0
1964-06-03,371.9,83.0,63.0,Rule Curve,63.0,63.0,4776.0,50.0,6785.0,63.0,0.0,0.0,0.0
1964-06-04,371.94,255.0,63.0,Rule Curve,63.0,63.0,4775.0,50.0,6781.0,63.0,0.0,0.0,0.0
1964-06-05,371.93,83.0,63.0,Rule Curve,63.0,63.0,4780.0,50.0,6779.0,63.0,0.0,0.0,0.0
1964-06-06,371.95,169.0,63.0,Rule Curve,63.0,63.0,4779.0,50.0,6780.0,63.0,0.0,0.0,0.0
1964-06-07,371.94,83.0,63.0,Rule Curve,63.0,63.0,4781.0,50.0,6783.0,63.0,0.0,0.0,0.0
1964-06-08,371.93,83.0,63.0,Rule Curve,63.0,63.0,4780.0,50.0,6785.0,63.0,0.0,0.0,0.0
1964-06-09,371.92,83.0,63.0,Rule Curve,63.0,63.0,4779.0,50.0,6788.0,63.0,0.0,0.0,0.0
1964-06-10,371.92,83.0,63.0,Rule Curve,63.0,63.0,4778.0,50.0,6791.0,63.0,0.0,0.0,0.0
1964-06-11,371.91,83.0,63.0,Rule Curve,63.0,63.0,4777.0,50.0,6793.0,63.0,0.0,0.0,0.0
1964-06-12,371.89,38.0,63.0,Rule Curve,63.0,63.0,4776.0,50.0,6796.0,63.0,0.0,0.0,0.0
1964-06-13,371.87,43.0,63.0,Rule Curve,63.0,63.0,4773.0,50.0,6797.0,63.0,0.0,0.0,0.0
1964-06-14,371.87,83.0,63.0,Rule Curve,63.0,63.0,4771.0,50.0,6797.0,63.0,0.0,0.0,0.0
1964-06-15,371.86,83.0,63.0,Rule Curve,63.0,63.0,4769.0,50.0,6797.0,63.0,0.0,0.0,0.0
1964-06-16,371.85,83.0,63.0,Rule Curve,63.0,63.0,4768.0,50.0,6797.0,63.0,0.0,0.0,0.0
1964-06-17,371.85,83.0,63.0,Rule Curve,63.0,63.0,4767.0,50.0,6797.0,63.0,0.0,0.0,0.0
1964-06-18,371.84,83.0,63.0,Rule Curve,63.0,63.0,4766.0,50.0,6797.0,63.0,0.0,0.0,0.0
1964-06-19,371.83,83.0,63.0,Rule Curve,63.0,63.0,4765.0,50.0,6798.0,63.0,0.0,0.0,0.0
1964-06-20,371.82,82.0,63.0,Rule Curve,63.0,63.0,4764.0,50.0,6801.0,63.0,0.0,0.0,0.0
1964-06-21,371.79,-4.0,63.0,Rule Curve,63.0,63.0,4763.0,50.0,6802.0,63.0,0.0,0.0,0.0
1964-06-22,371.78,43.0,63.0,Rule Curve,63.0,63.0,4759.0,50.0,6803.0,63.0,0.0,0.0,0.0
1964-06-23,371.76,38.0,63.0,Rule Curve,63.0,63.0,4757.0,50.0,6805.0,63.0,0.0,0.0,0.0
1964-06-24,371.74,44.0,63.0,Rule Curve,63.0,63.0,4754.0,50.0,6805.0,63.0,0.0,0.0,0.0
1964-06-25,371.71,-4.0,63.0,Rule Curve,63.0,63.0,4752.0,50.0,6809.0,63.0,0.0,0.0,0.0
1964-06-26,371.67,-44.0,63.0,Rule Curve,63.0,63.0,4748.0,50.0,6811.0,63.0,0.0,0.0,0.0
1964-06-27,371.67,82.0,63.0,Rule Curve,63.0,63.0,4742.0,50.0,6812.0,63.0,0.0,0.0,0.0
1964-06-28,371.63,-45.0,63.0,Rule Curve,63.0,63.0,4741.0,50.0,6813.0,63.0,0.0,0.0,0.0
1964-06-29,371.61,36.0,63.0,Rule Curve,63.0,63.0,4736.0,50.0,6813.0,63.0,0.0,0.0,0.0
1964-06-30,371.59,41.0,63.0,Rule Curve,63.0,63.0,4733.0,50.0,6804.0,63.0,0.0,0.0,0.0
1964-07-01,371.57,35.0,50.0,Rule Curve,50.0,50.0,4731.0,50.0,6797.0,47.0,0.0,0.0,0.0
1964-07-02,371.55,-4.0,50.0,Rule Curve,50.0,50.0,4728.0,50.0,6800.0,47.0,0.0,0.0,0.0
1964-07-03,371.52,-9.0,50.0,Rule Curve,50.0,50.0,4724.0,50.0,6806.0,47.0,0.0,0.0,0.0
1964-07-04,371.51,77.0,50.0,Rule Curve,50.0,50.0,4720.0,50.0,6811.0,47.0,0.0,0.0,0.0
1964-07-05,371.5,76.0,50.0,Rule Curve,50.0,50.0,4719.0,50.0,6814.0,47.0,0.0,0.0,0.0
1964-07-06,371.48,36.0,50.0,Rule Curve,50.0,50.0,4717.0,50.0,6814.0,47.0,0.0,0.0,0.0
1964-07-07,371.44,-51.0,50.0,Rule Curve,50.0,50.0,4715.0,50.0,6814.0,47.0,0.0,0.0,0.0
1964-07-08,371.42,30.0,50.0,Rule Curve,50.0,50.0,4709.0,50.0,6817.0,47.0,0.0,0.0,0.0
1964-07-09,371.39,-6.0,50.0,Rule Curve,50.0,50.0,4706.0,50.0,6818.0,47.0,0.0,0.0,0.0
1964-07-10,371.35,-51.0,50.0,Rule Curve,50.0,50.0,4702.0,50.0,6819.0,47.0,0.0,0.0,0.0
1964-07-11,371.34,75.0,50.0,Rule Curve,50.0,50.0,4696.0,50.0,6821.0,47.0,0.0,0.0,0.0
1964-07-12,371.33,75.0,50.0,Rule Curve,50.0,50.0,4695.0,50.0,6823.0,47.0,0.0,0.0,0.0
1964-07-13,371.28,-91.0,50.0,Rule Curve,50.0,50.0,4694.0,50.0,6825.0,47.0,0.0,0.0,0.0
1964-07-14,371.27,75.0,50.0,Rule Curve,50.0,50.0,4687.0,50.0,6825.0,47.0,0.0,0.0,0.0
1964-07-15,371.25,35.0,50.0,Rule Curve,50.0,50.0,4686.0,50.0,6824.0,47.0,0.0,0.0,0.0
1964-07-16,371.22,-11.0,50.0,Rule Curve,50.0,50.0,4683.0,50.0,6824.0,47.0,0.0,0.0,0.0
1964-07-17,371.18,-51.0,50.0,Rule Curve,50.0,50.0,4679.0,50.0,6824.0,47.0,0.0,0.0,0.0
1964-07-18,371.17,75.0,50.0,Rule Curve,50.0,50.0,4673.0,50.0,6824.0,47.0,0.0,0.0,0.0
1964-07-19,371.14,-7.0,50.0,Rule Curve,50.0,50.0,4672.0,50.0,6824.0,47.0,0.0,0.0,0.0
1964-07-20,371.1,-52.0,50.0,Rule Curve,50.0,50.0,4667.0,50.0,6825.0,47.0,0.0,0.0,0.0
1964-07-21,371.07,-7.0,50.0,Rule Curve,50.0,50.0,4662.0,50.0,6825.0,47.0,0.0,0.0,0.0
1964-07-22,371.03,-53.0,50.0,Rule Curve,50.0,50.0,4658.0,50.0,6826.0,47.0,0.0,0.0,0.0
1964-07-23,371.01,-7.0,50.0,Rule Curve,50.0,50.0,4652.0,50.0,6827.0,47.0,0.0,0.0,0.0
1964-07-24,370.97,-47.0,50.0,Rule Curve,50.0,50.0,4648.0,50.0,6827.0,47.0,0.0,0.0,0.0
1964-07-25,370.94,4.0,50.0,Rule Curve,50.0,50.0,4642.0,50.0,6826.0,47.0,0.0,0.0,0.0
1964-07-26,370.91,8.0,50.0,Rule Curve,50.0,50.0,4638.0,50.0,6825.0,47.0,0.0,0.0,0.0
1964-07-27,370.88,4.0,50.0,Rule Curve,50.0,50.0,4635.0,50.0,6825.0,47.0,0.0,0.0,0.0
1964-07-28,370.85,-8.0,50.0,Rule Curve,50.0,50.0,4631.0,50.0,6826.0,47.0,0.0,0.0,0.0
1964-07-29,370.82,-8.0,50.0,Rule Curve,50.0,50.0,4626.0,50.0,6827.0,47.0,0.0,0.0,0.0
1964-07-30,370.79,-12.0,50.0,Rule Curve,50.0,50.0,4622.0,50.0,6826.0,47.0,0.0,0.0,0.0
1964-07-31,370.77,34.0,50.0,Rule Curve,50.0,50.0,4618.0,50.0,6822.0,47.0,0.0,0.0,0.0
1964-08-01,370.73,-53.0,50.0,Rule Curve,50.0,50.0,4615.0,50.0,6820.0,47.0,0.0,0.0,0.0
1964-08-02,370.72,68.0,50.0,Rule Curve,50.0,50.0,4609.0,50.0,6820.0,47.0,0.0,0.0,0.0
1964-08-03,370.72,68.0,50.0,Rule Curve,50.0,50.0,4608.0,50.0,6820.0,47.0,0.0,0.0,0.0
1964-08-04,370.71,68.0,50.0,Rule Curve,50.0,50.0,4607.0,50.0,6821.0,47.0,0.0,0.0,0.0
1964-08-05,370.69,28.0,50.0,Rule Curve,50.0,50.0,4606.0,50.0,6822.0,47.0,0.0,0.0,0.0
1964-08-06,370.66,-14.0,50.0,Rule Curve,50.0,50.0,4603.0,50.0,6821.0,47.0,0.0,0.0,0.0
1964-08-07,370.62,-55.0,50.0,Rule Curve,50.0,50.0,4599.0,50.0,6822.0,47.0,0.0,0.0,0.0
1964-08-08,370.6,27.0,50.0,Rule Curve,50.0,50.0,4593.0,50.0,6822.0,47.0,0.0,0.0,0.0
1964-08-09,370.58,15.0,50.0,Rule Curve,50.0,50.0,4590.0,50.0,6823.0,47.0,0.0,0.0,0.0
1964-08-10,370.55,0.0,50.0,Rule Curve,50.0,50.0,4587.0,50.0,6825.0,47.0,0.0,0.0,0.0
1964-08-11,370.52,-12.0,50.0,Rule Curve,50.0,50.0,4583.0,50.0,6825.0,47.0,0.0,0.0,0.0
1964-08-12,370.48,-52.0,50.0,Rule Curve,50.0,50.0,4579.0,50.0,6823.0,47.0,0.0,0.0,0.0
1964-08-13,370.43,-89.0,50.0,Rule Curve,50.0,50.0,4574.0,50.0,6825.0,47.0,0.0,0.0,0.0
1964-08-14,370.42,39.0,50.0,Rule Curve,50.0,50.0,4567.0,50.0,6826.0,47.0,0.0,0.0,0.0
1964-08-15,370.39,6.0,50.0,Rule Curve,50.0,50.0,4565.0,50.0,6825.0,47.0,0.0,0.0,0.0
1964-08-16,370.36,1.0,50.0,Rule Curve,50.0,50.0,4561.0,50.0,6823.0,47.0,0.0,0.0,0.0
1964-08-17,370.33,-41.0,50.0,Rule Curve,50.0,50.0,4557.0,50.0,6821.0,47.0,0.0,0.0,0.0
1964-08-18,370.29,-38.0,50.0,Rule Curve,50.0,50.0,4552.0,50.0,6820.0,47.0,0.0,0.0,0.0
1964-08-19,370.28,38.0,50.0,Rule Curve,50.0,50.0,4547.0,50.0,6820.0,47.0,0.0,0.0,0.0
1964-08-20,370.23,-84.0,50.0,Rule Curve,50.0,50.0,4545.0,50.0,6820.0,47.0,0.0,0.0,0.0
1964-08-21,370.21,40.0,50.0,Rule Curve,50.0,50.0,4538.0,50.0,6820.0,47.0,0.0,0.0,0.0
1964-08-22,370.19,35.0,50.0,Rule Curve,50.0,50.0,4536.0,50.0,6820.0,47.0,0.0,0.0,0.0
1964-08-23,370.16,-45.0,50.0,Rule Curve,50.0,50.0,4533.0,50.0,6820.0,47.0,0.0,0.0,0.0
1964-08-24,370.15,76.0,50.0,Rule Curve,50.0,50.0,4528.0,50.0,6820.0,47.0,0.0,0.0,0.0
1964-08-25,370.1,-82.0,50.0,Rule Curve,50.0,50.0,4527.0,50.0,6821.0,47.0,0.0,0.0,0.0
1964-08-26,370.08,-2.0,50.0,Rule Curve,50.0,50.0,4521.0,50.0,6820.0,47.0,0.0,0.0,0.0
1964-08-27,370.05,-6.0,50.0,Rule Curve,50.0,50.0,4517.0,50.0,6820.0,47.0,0.0,0.0,0.0
1964-08-28,370.02,1.0,50.0,Rule Curve,50.0,50.0,4513.0,50.0,6821.0,47.0,0.0,0.0,0.0
1964-08-29,370.01,37.0,50.0,Rule Curve,50.0,50.0,4509.0,50.0,6820.0,47.0,0.0,0.0,0.0
1964-08-30,369.98,-3.0,50.0,Rule Curve,50.0,50.0,4507.0,50.0,6816.0,47.0,0.0,0.0,0.0
1964-08-31,369.96,43.0,50.0,Rule Curve,50.0,50.0,4503.0,50.0,6814.0,47.0,0.0,0.0,0.0
1964-09-01,369.94,-9.0,50.0,Rule Curve,50.0,50.0,4501.0,50.0,6809.0,44.0,0.0,0.0,0.0
1964-09-02,369.92,-4.0,50.0,Rule Curve,50.0,50.0,4497.0,50.0,6799.0,44.0,0.0,0.0,0.0
1964-09-03,369.89,-11.0,50.0,Rule Curve,50.0,50.0,4494.0,50.0,6789.0,44.0,0.0,0.0,0.0
1964-09-04,369.87,-8.0,50.0,Rule Curve,50.0,50.0,4490.0,50.0,6780.0,44.0,0.0,0.0,0.0
1964-09-05,369.84,-12.0,50.0,Rule Curve,50.0,50.0,4487.0,50.0,6771.0,44.0,0.0,0.0,0.0
1964-09-06,369.81,-12.0,50.0,Rule Curve,50.0,50.0,4483.0,50.0,6878.0,44.0,0.0,0.0,0.0
1964-09-07,369.79,-10.0,50.0,Rule Curve,50.0,50.0,4480.0,50.0,6771.0,44.0,0.0,0.0,0.0
1964-09-08,369.77,18.0,50.0,Rule Curve,50.0,50.0,4476.0,50.0,6695.0,44.0,0.0,0.0,0.0
1964-09-09,369.73,-64.0,50.0,Rule Curve,50.0,50.0,4473.0,50.0,6720.0,44.0,0.0,0.0,0.0
1964-09-10,369.69,-64.0,50.0,Rule Curve,50.0,50.0,4468.0,50.0,6725.0,44.0,0.0,0.0,0.0
1964-09-11,369.65,-55.0,50.0,Rule Curve,50.0,50.0,4462.0,50.0,6713.0,44.0,0.0,0.0,0.0
1964-09-12,369.63,-6.0,50.0,Rule Curve,50.0,50.0,4457.0,50.0,6696.0,44.0,0.0,0.0,0.0
1964-09-13,369.59,-67.0,50.0,Rule Curve,50.0,50.0,4453.0,50.0,6683.0,44.0,0.0,0.0,0.0
1964-09-14,369.54,-98.0,50.0,Rule Curve,50.0,50.0,4448.0,50.0,6679.0,44.0,0.0,0.0,0.0
1964-09-15,369.51,-34.0,50.0,Rule Curve,50.0,50.0,4441.0,50.0,6662.0,44.0,0.0,0.0,0.0
1964-09-16,369.48,-14.0,50.0,Rule Curve,50.0,50.0,4436.0,50.0,6643.0,44.0,0.0,0.0,0.0
1964-09-17,369.45,-25.0,50.0,Rule Curve,50.0,50.0,4433.0,50.0,6634.0,44.0,0.0,0.0,0.0
1964-09-18,369.42,-41.0,50.0,Rule Curve,50.0,50.0,4428.0,50.0,6629.0,44.0,0.0,0.0,0.0
1964-09-19,369.39,-32.0,50.0,Rule Curve,50.0,50.0,4424.0,50.0,6615.0,44.0,0.0,0.0,0.0
1964-09-20,369.35,-68.0,50.0,Rule Curve,50.0,50.0,4419.0,50.0,6604.0,44.0,0.0,0.0,0.0
1964-09-21,369.3,-94.0,50.0,Rule Curve,50.0,50.0,4414.0,50.0,6595.0,44.0,0.0,0.0,0.0
1964-09-22,369.26,-64.0,50.0,Rule Curve,50.0,50.0,4407.0,50.0,6610.0,44.0,0.0,0.0,0.0
1964-09-23,369.21,-100.0,50.0,Rule Curve,50.0,50.0,4401.0,50.0,6571.0,44.0,0.0,0.0,0.0
1964-09-24,369.18,-22.0,50.0,Rule Curve,50.0,50.0,4394.0,50.0,6554.0,44.0,0.0,0.0,0.0
1964-09-25,369.15,-38.0,50.0,Rule Curve,50.0,50.0,4390.0,50.0,6579.0,44.0,0.0,0.0,0.0
1964-09-26,369.11,-41.0,50.0,Rule Curve,50.0,50.0,4386.0,50.0,6549.0,44.0,0.0,0.0,0.0
1964-09-27,369.08,-36.0,50.0,Rule Curve,50.0,50.0,4381.0,50.0,6546.0,44.0,0.0,0.0,0.0
1964-09-28,369.04,-68.0,50.0,Rule Curve,50.0,50.0,4376.0,50.0,6502.0,44.0,0.0,0.0,0.0
1964-09-29,368.99,-119.0,50.0,Rule Curve,50.0,50.0,4371.0,50.0,6555.0,44.0,0.0,0.0,0.0
1964-09-30,368.94,-71.0,50.0,Rule Curve,50.0,50.0,4363.0,50.0,6522.0,44.0,0.0,0.0,0.0
1964-10-01,368.9,-82.0,50.0,Rule Curve,50.0,50.0,4357.0,50.0,6497.0,30.0,0.0,0.0,0.0
1964-10-02,368.84,-139.0,50.0,Rule Curve,50.0,50.0,4351.0,50.0,6505.0,30.0,0.0,0.0,0.0
1964-10-03,368.8,-103.0,50.0,Rule Curve,50.0,50.0,4343.0,50.0,6477.0,30.0,0.0,0.0,0.0
1964-10-04,368.75,-89.0,50.0,Rule Curve,50.0,50.0,4336.0,50.0,6433.0,30.0,0.0,0.0,0.0
1964-10-05,368.7,-105.0,50.0,Rule Curve,50.0,50.0,4330.0,50.0,6492.0,30.0,0.0,0.0,0.0
1964-10-06,368.68,-26.0,50.0,Rule Curve,50.0,50.0,4323.0,50.0,6500.0,30.0,0.0,0.0,0.0
1964-10-07,368.65,-28.0,50.0,Rule Curve,50.0,50.0,4319.0,50.0,6471.0,30.0,0.0,0.0,0.0
1964-10-08,368.64,23.0,50.0,Rule Curve,50.0,50.0,4316.0,50.0,6473.0,30.0,0.0,0.0,0.0
1964-10-09,368.62,10.0,50.0,Rule Curve,50.0,50.0,4314.0,50.0,6476.0,30.0,0.0,0.0,0.0
1964-10-10,368.61,5.0,50.0,Rule Curve,50.0,50.0,4312.0,50.0,6471.0,30.0,0.0,0.0,0.0
1964-10-11,368.6,19.0,50.0,Rule Curve,50.0,50.0,4309.0,50.0,6467.0,30.0,0.0,0.0,0.0
1964-10-12,368.58,19.0,50.0,Rule Curve,50.0,50.0,4308.0,50.0,6403.0,30.0,0.0,0.0,0.0
1964-10-13,368.41,14.0,607.0,Top of Dam,50.0,622.0,4306.0,50.0,6262.0,30.0,0.0,0.0,622.0
1964-10-14,368.16,32.0,900.0,Top of Dam,50.0,914.0,4281.0,50.0,6214.0,30.0,0.0,32.0,914.0
1964-10-15,367.92,34.0,843.0,Top of Dam,50.0,857.0,4246.0,50.0,6229.0,30.0,0.0,34.0,857.0
1964-10-16,367.67,13.0,806.0,Top of Dam,50.0,820.0,4212.0,50.0,6189.0,30.0,0.0,13.0,820.0
1964-10-17,367.41,19.0,844.0,Top of Dam,50.0,858.0,4177.0,50.0,6148.0,30.0,0.0,19.0,858.0
1964-10-18,367.15,8.0,834.0,Top of Dam,50.0,847.0,4140.0,50.0,6118.0,30.0,0.0,8.0,847.0
1964-10-19,366.88,7.0,841.0,Top of Dam,50.0,854.0,4104.0,50.0,6081.0,30.0,0.0,7.0,854.0
1964-10-20,366.61,7.0,811.0,Top of Dam,50.0,824.0,4065.0,50.0,6035.0,30.0,0.0,7.0,824.0
1964-10-21,366.33,12.0,847.0,Top of Dam,50.0,859.0,4027.0,50.0,5972.0,30.0,0.0,12.0,859.0
1964-10-22,366.04,1.0,866.0,Top of Dam,50.0,878.0,3988.0,50.0,5915.0,30.0,0.0,1.0,878.0
1964-10-23,365.75,16.0,806.0,Top of Dam,50.0,818.0,3947.0,50.0,5869.0,30.0,0.0,16.0,818.0
1964-10-24,365.45,-5.0,800.0,Top of Dam,50.0,812.0,3906.0,50.0,5800.0,30.0,0.0,0.0,812.0
1964-10-25,365.14,11.0,844.0,Top of Dam,50.0,855.0,3864.0,50.0,5729.0,30.0,0.0,11.0,855.0
1964-10-26,364.82,-2.0,822.0,Top of Dam,50.0,833.0,3820.0,50.0,5668.0,30.0,0.0,0.0,833.0
1964-10-27,364.49,33.0,854.0,Top of Dam,50.0,865.0,3773.0,50.0,5595.0,30.0,0.0,33.0,865.0
1964-10-28,364.15,13.0,860.0,Top of Dam,50.0,870.0,3723.0,50.0,5520.0,30.0,0.0,13.0,870.0
1964-10-29,363.8,59.0,871.0,Top of Dam,59.0,881.0,3672.0,50.0,5453.0,30.0,0.0,59.0,881.0
1964-10-30,363.43,19.0,830.0,Top of Dam,50.0,840.0,3620.0,50.0,5381.0,30.0,0.0,19.0,840.0
1964-10-31,363.05,24.0,858.0,Top of Dam,50.0,867.0,3564.0,50.0,5299.0,30.0,0.0,24.0,867.0
1964-11-01,362.65,21.0,835.0,Top of Dam,50.0,838.0,3507.0,50.0,5214.0,30.0,0.0,21.0,838.0
1964-11-02,362.22,25.0,890.0,Top of Dam,50.0,892.0,3447.0,50.0,5122.0,30.0,0.0,25.0,892.0
1964-11-03,361.79,27.0,849.0,Top of Dam,50.0,852.0,3383.0,50.0,5034.0,30.0,0.0,27.0,852.0
1964-11-04,361.33,28.0,861.0,Top of Dam,50.0,863.0,3319.0,50.0,4938.0,30.0,0.0,28.0,863.0
1964-11-05,360.86,44.0,874.0,Top of Dam,50.0,876.0,3249.0,50.0,4834.0,30.0,0.0,44.0,876.0
1964-11-06,360.36,49.0,879.0,Top of Dam,50.0,881.0,3165.0,50.0,4737.0,30.0,0.0,49.0,881.0
1964-11-07,359.83,34.0,879.0,Top of Dam,50.0,881.0,3040.0,50.0,4650.0,30.0,0.0,34.0,881.0
1964-11-08,359.26,54.0,886.0,Top of Dam,54.0,888.0,2907.0,50.0,4616.0,30.0,0.0,54.0,888.0
1964-11-09,358.66,100.0,924.0,Top of Dam,100.0,925.0,2765.0,50.0,4593.0,30.0,0.0,100.0,925.0
1964-11-10,358.0,186.0,1049.0,Top of Dam,186.0,1051.0,2615.0,50.0,4536.0,30.0,0.0,186.0,1051.0
1964-11-11,357.27,531.0,1359.0,Top of Dam,531.0,1361.0,2450.0,50.0,4519.0,30.0,0.0,531.0,1361.0
1964-11-12,356.47,425.0,1251.0,Top of Dam,425.0,1253.0,2267.0,50.0,4510.0,30.0,0.0,425.0,1253.0
1964-11-13,355.63,287.0,1057.0,Top of Dam,287.0,1057.0,2001.0,50.0,3991.0,30.0,0.0,287.0,1057.0
1964-11-14,354.95,181.0,735.0,Top of Dam,202.0,735.0,1686.0,50.0,3347.0,30.0,0.0,202.0,735.0
1964-11-15,354.41,152.0,518.0,Top of Dam,268.0,518.0,1432.0,50.0,2764.0,30.0,0.0,268.0,518.0
1964-11-16,354.0,91.0,369.0,Top of Dam,369.0,369.0,1230.0,50.0,2336.0,30.0,0.0,369.0,369.0
1964-11-17,353.68,87.0,268.0,Top of Dam,268.0,268.0,1076.0,50.0,2053.0,30.0,0.0,272.0,268.0
1964-11-18,353.45,70.0,192.0,Top of Dam,192.0,192.0,953.0,50.0,1855.0,30.0,0.0,194.0,192.0
1964-11-19,353.31,67.0,147.0,Top of Dam,147.0,147.0,870.0,50.0,1729.0,30.0,0.0,150.0,147.0
1964-11-20,353.14,41.0,134.0,Top of Dam,97.0,134.0,815.0,50.0,1621.0,30.0,0.0,97.0,134.0
1964-11-21,353.0,60.0,134.0,Top of Dam,85.0,135.0,751.0,50.0,1547.0,30.0,0.0,85.0,135.0
1964-11-22,353.0,107.0,107.0,Rule Curve,107.0,700.0,700.0,50.0,1519.0,30.0,0.0,107.0,107.0
1964-11-23,353.0,145.0,145.0,Rule Curve,145.0,700.0,700.0,50.0,1556.0,30.0,0.0,145.0,144.0
1964-11-24,353.0,414.0,414.0,Rule Curve,414.0,700.0,700.0,50.0,1825.0,30.0,0.0,414.0,413.0
1964-11-25,353.04,726.0,700.0,Rule Curve,700.0,700.0,700.0,50.0,2136.0,30.0,0.0,725.0,724.0
1964-11-26,353.36,895.0,716.0,Top of Dam,716.0,716.0,716.0,50.0,2330.0,30.0,0.0,902.0,918.0
1964-11-27,354.13,1274.0,837.0,Top of Dam,837.0,837.0,837.0,50.0,2888.0,30.0,0.0,1342.0,1476.0
1964-11-28,355.06,1767.0,1122.0,Top of Dam,1122.0,1122.0,1122.0,50.0,3721.0,30.0,0.0,1980.0,1776.0
1964-11-29,355.16,1555.0,1472.0,Top of Dam,1472.0,1472.0,1472.0,50.0,3799.0,30.0,0.0,1983.0,2029.0
1964-11-30,354.95,1342.0,1509.0,Top of Dam,1509.0,1509.0,1509.0,50.0,3497.0,30.0,0.0,1797.0,2329.0
1964-12-01,355.5,1881.0,1430.0,Top of Dam,1430.0,1430.0,1430.0,50.0,3317.0,30.0,0.0,2280.0,2372.0
1964-12-02,356.33,2375.0,1637.0,Top of Dam,1637.0,1637.0,1637.0,50.0,3495.0,30.0,0.0,2924.0,2348.0
1964-12-03,356.01,1639.0,1947.0,Top of Dam,1947.0,1947.0,1947.0,50.0,3764.0,30.0,0.0,2434.0,2237.0
1964-12-04,355.45,1359.0,1829.0,Top of Dam,1829.0,1829.0,1829.0,50.0,4064.0,30.0,0.0,2051.0,1916.0
1964-12-05,355.11,1302.0,1580.0,Top of Dam,1580.0,1580.0,1618.0,50.0,4224.0,30.0,0.0,1837.0,1580.0
1964-12-06,354.65,984.0,1318.0,Top of Dam,1318.0,1318.0,1492.0,50.0,3723.0,30.0,0.0,1427.0,1318.0
1964-12-07,354.19,823.0,1134.0,Top of Dam,1134.0,1134.0,1318.0,50.0,3228.0,30.0,0.0,1154.0,1134.0
1964-12-08,353.66,794.0,1113.0,Top of Dam,1021.0,1113.0,1146.0,50.0,2888.0,30.0,0.0,1021.0,1113.0
1964-12-09,353.33,767.0,946.0,Top of Dam,888.0,946.0,946.0,50.0,2542.0,30.0,0.0,888.0,1127.0
1964-12-10,353.78,1070.0,824.0,Top of Dam,824.0,824.0,824.0,50.0,2665.0,30.0,0.0,1131.0,1121.0
1964-12-11,354.06,1156.0,991.0,Top of Dam,991.0,991.0,991.0,50.0,2997.0,30.0,0.0,1299.0,1061.0
1964-12-12,353.95,929.0,997.0,Top of Dam,997.0,997.0,1098.0,50.0,2935.0,30.0,0.0,1127.0,997.0
1964-12-13,353.3,643.0,1002.0,Top of Dam,818.0,1002.0,1057.0,50.0,2581.0,30.0,0.0,818.0,1002.0
1964-12-14,353.28,799.0,813.0,Top of Dam,813.0,813.0,813.0,50.0,2378.0,30.0,0.0,855.0,966.0
1964-12-15,353.65,1012.0,804.0,Top of Dam,804.0,804.0,804.0,50.0,2577.0,30.0,0.0,1063.0,922.0
1964-12-16,353.77,913.0,846.0,Top of Dam,846.0,846.0,945.0,50.0,2686.0,30.0,0.0,1033.0,846.0
1964-12-17,353.18,663.0,990.0,Top of Dam,806.0,990.0,990.0,50.0,2503.0,30.0,0.0,806.0,1027.0
1964-12-18,353.0,576.0,675.0,Top of Dam,609.0,676.0,768.0,50.0,2088.0,30.0,0.0,609.0,676.0
1964-12-19,354.2,1390.0,700.0,Rule Curve,700.0,700.0,700.0,50.0,2802.0,30.0,0.0,1390.0,1390.0
1964-12-20,357.64,4230.0,1151.0,Top of Dam,1151.0,1151.0,1151.0,50.0,1213.0,30.0,0.0,4460.0,4920.0
1964-12-21,363.03,8796.0,50.0,Top of Dam,50.0,50.0,2359.0,50.0,0.0,30.0,0.0,10053.0,12565.0
1964-12-22,369.54,19440.0,228.0,Top of Dam,228.0,228.0,3504.0,50.0,228.0,30.0,0.0,23612.0,19532.0
1964-12-23,372.95,15077.0,1550.0,Top of Dam,1550.0,1550.0,4442.0,50.0,1550.0,30.0,0.0,25652.0,21773.0
1964-12-24,374.87,11541.0,3092.0,Top of Dam,3092.0,3092.0,4922.0,50.0,3092.0,30.0,0.0,26624.0,23681.0
1964-12-25,375.59,6953.0,3736.0,Top of Dam,3736.0,3736.0,5000.0,50.0,3736.0,30.0,0.0,24851.0,24907.0
1964-12-26,376.42,7276.0,3582.0,Top of Dam,3582.0,3582.0,5000.0,50.0,3582.0,30.0,0.0,26246.0,25319.0
1964-12-27,377.07,6771.0,3915.0,Top of Dam,3915.0,3915.0,5000.0,50.0,3915.0,30.0,0.0,26971.0,25523.0
1964-12-28,377.13,4974.0,4706.0,Top of Dam,4706.0,4706.0,5000.0,50.0,4706.0,30.0,0.0,26125.0,25441.0
1964-12-29,376.95,4198.0,5000.0,Top of Dam,5000.0,5000.0,5000.0,50.0,5105.0,30.0,0.0,25438.0,24700.0
1964-12-30,376.65,3672.0,5000.0,Top of Dam,5000.0,5000.0,5000.0,50.0,5200.0,30.0,0.0,24643.0,23626.0
1964-12-31,376.07,2485.0,5000.0,Top of Dam,5000.0,5000.0,5000.0,50.0,5460.0,30.0,0.0,23012.0,22758.0
1965-01-01,375.34,1781.0,5000.0,Top of Dam,5000.0,5000.0,5000.0,50.0,5601.0,30.0,0.0,21469.0,22240.0
1965-01-02,374.76,2399.0,5000.0,Top of Dam,5000.0,5000.0,5000.0,50.0,5440.0,30.0,0.0,21013.0,21565.0
1965-01-03,374.43,3449.0,4942.0,Top of Dam,4942.0,4942.0,5000.0,50.0,4942.0,30.0,0.0,21195.0,20829.0
1965-01-04,373.98,2980.0,5000.0,Top of Dam,5000.0,5000.0,5000.0,50.0,5772.0,30.0,0.0,20227.0,20198.0
1965-01-05,373.47,2795.0,5000.0,Top of Dam,5000.0,5000.0,5000.0,50.0,5242.0,30.0,0.0,19368.0,19538.0
1965-01-06,373.06,3051.0,4812.0,Top of Dam,4812.0,4812.0,4996.0,50.0,4812.0,30.0,0.0,18888.0,18614.0
1965-01-07,372.6,3026.0,4938.0,Top of Dam,4938.0,4938.0,4938.0,50.0,5253.0,30.0,0.0,18274.0,17713.0
1965-01-08,371.96,2231.0,4873.0,Top of Dam,4873.0,4873.0,4873.0,50.0,5449.0,30.0,0.0,16841.0,16943.0
1965-01-09,371.3,2112.0,4783.0,Top of Dam,4783.0,4783.0,4783.0,50.0,5304.0,30.0,0.0,15840.0,16308.0
1965-01-10,370.78,2632.0,4689.0,Top of Dam,4689.0,4689.0,4689.0,50.0,4980.0,30.0,0.0,15469.0,15621.0
1965-01-11,370.36,2972.0,4616.0,Top of Dam,4616.0,4616.0,4616.0,50.0,5129.0,30.0,0.0,15122.0,14689.0
1965-01-12,369.88,2724.0,4556.0,Top of Dam,4556.0,4556.0,4556.0,50.0,5473.0,30.0,0.0,14325.0,13688.0
1965-01-13,369.18,1896.0,4489.0,Top of Dam,4489.0,4489.0,4489.0,50.0,5564.0,30.0,0.0,12886.0,12619.0
1965-01-14,368.4,1614.0,4390.0,Top of Dam,4390.0,4390.0,4390.0,50.0,5558.0,30.0,0.0,11738.0,11498.0
1965-01-15,367.53,1353.0,4281.0,Top of Dam,4281.0,4281.0,4281.0,50.0,5390.0,30.0,0.0,10551.0,10282.0
1965-01-16,366.57,1130.0,4158.0,Top of Dam,4158.0,4158.0,4158.0,50.0,5419.0,30.0,0.0,9351.0,9088.0
1965-01-17,365.43,744.0,4021.0,Top of Dam,4021.0,4021.0,4021.0,50.0,5175.0,30.0,0.0,7956.0,7922.0
1965-01-18,364.21,702.0,3860.0,Top of Dam,3860.0,3860.0,3860.0,50.0,4794.0,30.0,0.0,6820.0,6832.0
1965-01-19,362.86,662.0,3681.0,Top of Dam,3681.0,3681.0,3681.0,50.0,4745.0,30.0,0.0,5727.0,5806.0
1965-01-20,361.46,754.0,3479.0,Top of Dam,3479.0,3479.0,3479.0,50.0,4790.0,30.0,0.0,4811.0,4847.0
1965-01-21,360.0,783.0,3268.0,Top of Dam,3268.0,3268.0,3268.0,50.0,4490.0,30.0,0.0,3932.0,4577.0
1965-01-22,358.48,805.0,2951.0,Top of Dam,2951.0,2951.0,2951.0,50.0,3896.0,30.0,0.0,3125.0,4760.0
1965-01-23,358.56,2671.0,2570.0,Top of Dam,2570.0,2570.0,2570.0,50.0,3212.0,30.0,0.0,4276.0,4988.0
1965-01-24,359.44,3817.0,2589.0,Top of Dam,2589.0,2589.0,2589.0,50.0,3123.0,30.0,0.0,5455.0,5225.0
1965-01-25,360.01,3638.0,2810.0,Top of Dam,2810.0,2810.0,2810.0,50.0,2852.0,30.0,0.0,5684.0,5781.0
1965-01-26,360.56,3282.0,2356.0,Top of Dam,2356.0,2356.0,2952.0,50.0,2356.0,30.0,0.0,5604.0,6798.0
1965-01-27,361.72,4257.0,2224.0,Top of Dam,2224.0,2224.0,3090.0,50.0,2224.0,30.0,0.0,6887.0,8229.0
1965-01-28,363.45,5865.0,2335.0,Top of Dam,2335.0,2335.0,3308.0,50.0,2335.0,30.0,0.0,9172.0,8838.0
1965-01-29,364.8,6650.0,3408.0,Top of Dam,3408.0,3408.0,3567.0,50.0,3408.0,30.0,0.0,11134.0,8731.0
1965-01-30,364.91,4051.0,3770.0,Top of Dam,3770.0,3770.0,3770.0,50.0,3915.0,30.0,0.0,9614.0,8008.0
1965-01-31,364.47,2670.0,3787.0,Top of Dam,3787.0,3787.0,3787.0,50.0,4098.0,30.0,0.0,8326.0,6985.0
1965-02-01,363.7,1878.0,3720.0,Top of Dam,3720.0,3720.0,3720.0,50.0,4121.0,50.0,0.0,7162.0,5880.0
1965-02-02,362.65,1352.0,3605.0,Top of Dam,3605.0,3605.0,3605.0,50.0,4089.0,50.0,0.0,5802.0,4757.0
1965-02-03,361.44,1130.0,3448.0,Top of Dam,3448.0,3448.0,3448.0,50.0,4002.0,50.0,0.0,4615.0,3637.0
1965-02-04,360.53,987.0,2568.0,Top of Dam,2568.0,2568.0,3267.0,50.0,4069.0,50.0,0.0,3483.0,2568.0
1965-02-05,360.0,911.0,1790.0,Top of Dam,1790.0,1790.0,3083.0,50.0,3997.0,50.0,0.0,2660.0,1790.0
1965-02-06,359.77,893.0,1236.0,Top of Dam,1236.0,1236.0,2951.0,50.0,4248.0,50.0,0.0,2137.0,1236.0
1965-02-07,359.79,880.0,847.0,Top of Dam,847.0,847.0,2892.0,50.0,4642.0,50.0,0.0,1789.0,847.0
1965-02-08,359.91,765.0,578.0,Top of Dam,578.0,578.0,2897.0,50.0,4718.0,50.0,0.0,1468.0,578.0
1965-02-09,360.14,717.0,357.0,Top of Dam,357.0,357.0,2928.0,50.0,4697.0,50.0,0.0,1266.0,357.0
1965-02-10,360.41,673.0,213.0,Top of Dam,213.0,213.0,2984.0,50.0,4709.0,50.0,0.0,1130.0,213.0
1965-02-11,360.69,582.0,120.0,Top of Dam,120.0,120.0,3053.0,50.0,4740.0,50.0,0.0,976.0,120.0
1965-02-12,360.99,561.0,50.0,Top of Dam,50.0,50.0,3122.0,50.0,4775.0,50.0,0.0,898.0,37.0
1965-02-13,361.29,588.0,50.0,Top of Dam,50.0,50.0,3198.0,50.0,4808.0,50.0,0.0,873.0,0.0
1965-02-14,361.55,528.0,50.0,Top of Dam,50.0,50.0,3243.0,50.0,4778.0,50.0,0.0,780.0,0.0
1965-02-15,361.44,477.0,671.0,Rule Curve,671.0,3283.0,3283.0,50.0,4743.0,50.0,0.0,671.0,0.0
1965-02-16,361.65,432.0,50.0,Rule Curve,50.0,342.0,3266.0,50.0,4822.0,50.0,0.0,342.0,0.0
1965-02-17,361.86,427.0,50.0,Rule Curve,50.0,258.0,3298.0,50.0,4913.0,50.0,0.0,258.0,0.0
1965-02-18,362.04,387.0,50.0,Rule Curve,50.0,119.0,3329.0,50.0,4985.0,50.0,0.0,119.0,0.0
1965-02-19,362.19,372.0,50.0,Rule Curve,50.0,50.0,3355.0,50.0,5001.0,50.0,0.0,0.0,0.0
1965-02-20,362.34,342.0,50.0,Rule Curve,50.0,50.0,3379.0,50.0,5023.0,50.0,0.0,0.0,0.0
1965-02-21,362.48,332.0,50.0,Rule Curve,50.0,50.0,3401.0,50.0,5031.0,50.0,0.0,0.0,0.0
1965-02-22,362.63,369.0,50.0,Rule Curve,50.0,50.0,3421.0,50.0,5056.0,50.0,0.0,0.0,0.0
1965-02-23,362.76,318.0,50.0,Rule Curve,50.0,50.0,3445.0,50.0,5091.0,50.0,0.0,0.0,0.0
1965-02-24,362.89,303.0,50.0,Rule Curve,50.0,50.0,3465.0,50.0,5118.0,50.0,0.0,0.0,0.0
1965-02-25,363.01,293.0,50.0,Rule Curve,50.0,50.0,3483.0,50.0,5143.0,50.0,0.0,0.0,0.0
1965-02-26,363.23,550.0,50.0,Rule Curve,50.0,50.0,3501.0,50.0,5046.0,50.0,0.0,0.0,0.0
1965-02-27,363.56,795.0,50.0,Rule Curve,50.0,50.0,3535.0,50.0,4968.0,50.0,0.0,0.0,0.0
1965-02-28,363.89,770.0,50.0,Rule Curve,50.0,50.0,3585.0,50.0,5085.0,50.0,0.0,0.0,0.0
1965-03-01,364.12,614.0,50.0,Rule Curve,50.0,50.0,3633.0,50.0,5241.0,50.0,0.0,0.0,0.0
1965-03-02,364.34,604.0,50.0,Rule Curve,50.0,50.0,3668.0,50.0,5337.0,50.0,0.0,0.0,0.0
1965-03-03,364.51,494.0,50.0,Rule Curve,50.0,50.0,3701.0,50.0,5396.0,50.0,0.0,0.0,0.0
1965-03-04,364.64,388.0,50.0,Rule Curve,50.0,50.0,3726.0,50.0,5442.0,50.0,0.0,0.0,0.0
1965-03-05,364.79,435.0,50.0,Rule Curve,50.0,50.0,3746.0,50.0,5485.0,50.0,0.0,0.0,0.0
1965-03-06,364.92,378.0,50.0,Rule Curve,50.0,50.0,3768.0,50.0,5525.0,50.0,0.0,0.0,0.0
1965-03-07,365.03,345.0,50.0,Rule Curve,50.0,50.0,3787.0,50.0,5564.0,50.0,0.0,0.0,0.0
1965-03-08,365.12,316.0,50.0,Rule Curve,50.0,50.0,3804.0,50.0,5595.0,50.0,0.0,0.0,0.0
1965-03-09,365.21,297.0,50.0,Rule Curve,50.0,50.0,3817.0,50.0,5620.0,50.0,0.0,0.0,0.0
1965-03-10,365.28,244.0,50.0,Rule Curve,50.0,50.0,3829.0,50.0,5644.0,50.0,0.0,0.0,0.0
1965-03-11,365.34,245.0,50.0,Rule Curve,50.0,50.0,3839.0,50.0,5665.0,50.0,0.0,0.0,0.0
1965-03-12,365.42,256.0,50.0,Rule Curve,50.0,50.0,3849.0,50.0,5686.0,50.0,0.0,0.0,0.0
1965-03-13,365.5,290.0,50.0,Rule Curve,50.0,50.0,3859.0,50.0,5702.0,50.0,0.0,0.0,0.0
1965-03-14,365.56,228.0,50.0,Rule Curve,50.0,50.0,3871.0,50.0,5721.0,50.0,0.0,0.0,0.0
1965-03-15,365.61,202.0,50.0,Rule Curve,50.0,50.0,3879.0,50.0,5740.0,50.0,0.0,0.0,0.0
1965-03-16,365.66,180.0,50.0,Rule Curve,50.0,50.0,3887.0,50.0,5752.0,50.0,0.0,0.0,0.0
1965-03-17,365.72,221.0,50.0,Rule Curve,50.0,50.0,3893.0,50.0,5766.0,50.0,0.0,0.0,0.0
1965-03-18,365.77,199.0,50.0,Rule Curve,50.0,50.0,3901.0,50.0,5783.0,50.0,0.0,0.0,0.0
1965-03-19,365.81,182.0,50.0,Rule Curve,50.0,50.0,3909.0,50.0,5795.0,50.0,0.0,0.0,0.0
1965-03-20,365.86,175.0,50.0,Rule Curve,50.0,50.0,3915.0,50.0,5801.0,50.0,0.0,0.0,0.0
1965-03-21,365.9,175.0,50.0,Rule Curve,50.0,50.0,3921.0,50.0,5809.0,50.0,0.0,0.0,0.0
1965-03-22,365.94,184.0,50.0,Rule Curve,50.0,50.0,3927.0,50.0,5821.0,50.0,0.0,0.0,0.0
1965-03-23,365.98,159.0,50.0,Rule Curve,50.0,50.0,3933.0,50.0,5834.0,50.0,0.0,0.0,0.0
1965-03-24,366.01,157.0,50.0,Rule Curve,50.0,50.0,3938.0,50.0,5842.0,50.0,0.0,0.0,0.0
1965-03-25,366.1,308.0,50.0,Rule Curve,50.0,50.0,3943.0,50.0,5829.0,50.0,0.0,0.0,0.0
1965-03-26,366.16,269.0,50.0,Rule Curve,50.0,50.0,3955.0,50.0,5829.0,50.0,0.0,0.0,0.0
1965-03-27,366.26,339.0,50.0,Rule Curve,50.0,50.0,3964.0,50.0,5859.0,50.0,0.0,0.0,0.0
1965-03-28,366.33,270.0,50.0,Rule Curve,50.0,50.0,3977.0,50.0,5889.0,50.0,0.0,0.0,0.0
1965-03-29,366.38,214.0,50.0,Rule Curve,50.0,50.0,3987.0,50.0,5908.0,50.0,0.0,0.0,0.0
1965-03-30,366.43,218.0,50.0,Rule Curve,50.0,50.0,3994.0,50.0,5924.0,50.0,0.0,0.0,0.0
1965-03-31,366.48,218.0,50.0,Rule Curve,50.0,50.0,4002.0,50.0,5934.0,50.0,0.0,0.0,0.0
1965-04-01,366.56,307.0,50.0,Rule Curve,50.0,50.0,4009.0,50.0,5944.0,50.0,0.0,0.0,0.0
1965-04-02,366.61,226.0,50.0,Rule Curve,50.0,50.0,4020.0,50.0,5962.0,50.0,0.0,0.0,0.0
1965-04-03,366.65,176.0,50.0,Rule Curve,50.0,50.0,4027.0,50.0,5981.0,50.0,0.0,0.0,0.0
1965-04-04,366.68,171.0,50.0,Rule Curve,50.0,50.0,4032.0,50.0,5995.0,50.0,0.0,0.0,0.0
1965-04-05,366.72,201.0,50.0,Rule Curve,50.0,50.0,4037.0,50.0,6005.0,50.0,0.0,0.0,0.0
1965-04-06,366.77,206.0,50.0,Rule Curve,50.0,50.0,4043.0,50.0,6014.0,50.0,0.0,0.0,0.0
1965-04-07,366.8,175.0,50.0,Rule Curve,50.0,50.0,4050.0,50.0,6024.0,50.0,0.0,0.0,0.0
1965-04-08,366.84,175.0,50.0,Rule Curve,50.0,50.0,4055.0,50.0,6029.0,50.0,0.0,0.0,0.0
1965-04-09,366.9,257.0,50.0,Rule Curve,50.0,50.0,4060.0,50.0,6034.0,50.0,0.0,0.0,0.0
1965-04-10,366.96,236.0,50.0,Rule Curve,50.0,50.0,4068.0,50.0,6045.0,50.0,0.0,0.0,0.0
1965-04-11,367.0,207.0,50.0,Rule Curve,50.0,50.0,4076.0,50.0,6061.0,50.0,0.0,0.0,0.0
1965-04-12,367.04,207.0,50.0,Rule Curve,50.0,50.0,4083.0,50.0,6077.0,50.0,0.0,0.0,0.0
1965-04-13,367.07,152.0,50.0,Rule Curve,50.0,50.0,4089.0,50.0,6085.0,50.0,0.0,0.0,0.0
1965-04-14,367.1,152.0,50.0,Rule Curve,50.0,50.0,4092.0,50.0,6091.0,50.0,0.0,0.0,0.0
1965-04-15,367.16,263.0,50.0,Rule Curve,50.0,50.0,4096.0,50.0,6101.0,50.0,0.0,0.0,0.0
1965-04-16,367.18,152.0,50.0,Rule Curve,50.0,50.0,4104.0,50.0,6109.0,50.0,0.0,0.0,0.0
1965-04-17,367.2,127.0,50.0,Rule Curve,50.0,50.0,4108.0,50.0,6111.0,50.0,0.0,0.0,0.0
1965-04-18,367.31,414.0,50.0,Rule Curve,50.0,50.0,4110.0,50.0,6029.0,50.0,0.0,0.0,0.0
1965-04-19,367.58,952.0,50.0,Rule Curve,50.0,50.0,4126.0,50.0,5986.0,50.0,0.0,0.0,0.0
1965-04-20,367.9,1102.0,50.0,Rule Curve,50.0,50.0,4164.0,50.0,6060.0,50.0,0.0,0.0,0.0
1965-04-21,368.14,905.0,50.0,Rule Curve,50.0,50.0,4209.0,50.0,6168.0,50.0,0.0,0.0,0.0
1965-04-22,368.33,728.0,50.0,Rule Curve,50.0,50.0,4244.0,50.0,6256.0,50.0,0.0,0.0,0.0
1965-04-23,368.46,522.0,50.0,Rule Curve,50.0,50.0,4270.0,50.0,6317.0,50.0,0.0,0.0,0.0
1965-04-24,368.57,485.0,50.0,Rule Curve,50.0,50.0,4288.0,50.0,6357.0,50.0,0.0,0.0,0.0
1965-04-25,368.67,395.0,50.0,Rule Curve,50.0,50.0,4305.0,50.0,6385.0,50.0,0.0,0.0,0.0
1965-04-26,368.72,264.0,50.0,Rule Curve,50.0,50.0,4318.0,50.0,6408.0,50.0,0.0,0.0,0.0
1965-04-27,368.78,269.0,50.0,Rule Curve,50.0,50.0,4325.0,50.0,6429.0,50.0,0.0,0.0,0.0
1965-04-28,368.81,198.0,50.0,Rule Curve,50.0,50.0,4333.0,50.0,6445.0,50.0,0.0,0.0,0.0
1965-04-29,368.85,204.0,50.0,Rule Curve,50.0,50.0,4338.0,50.0,6460.0,50.0,0.0,0.0,0.0
1965-04-30,368.88,169.0,50.0,Rule Curve,50.0,50.0,4344.0,50.0,6468.0,50.0,0.0,0.0,0.0
1965-05-01,368.9,177.0,50.0,Rule Curve,50.0,50.0,4347.0,50.0,6477.0,50.0,0.0,0.0,0.0
1965-05-02,368.93,177.0,50.0,Rule Curve,50.0,50.0,4351.0,50.0,6491.0,50.0,0.0,0.0,0.0
1965-05-03,368.99,308.0,50.0,Rule Curve,50.0,50.0,4355.0,50.0,6509.0,50.0,0.0,0.0,0.0
1965-05-04,369.03,213.0,50.0,Rule Curve,50.0,50.0,4364.0,50.0,6521.0,50.0,0.0,0.0,0.0
1965-05-05,369.06,213.0,50.0,Rule Curve,50.0,50.0,4369.0,50.0,6524.0,50.0,0.0,0.0,0.0
1965-05-06,369.09,184.0,50.0,Rule Curve,50.0,50.0,4374.0,50.0,6537.0,50.0,0.0,0.0,0.0
1965-05-07,369.11,179.0,50.0,Rule Curve,50.0,50.0,4377.0,50.0,6549.0,50.0,0.0,0.0,0.0
1965-05-08,369.13,144.0,50.0,Rule Curve,50.0,50.0,4381.0,50.0,6557.0,50.0,0.0,0.0,0.0
1965-05-09,369.15,148.0,50.0,Rule Curve,50.0,50.0,4383.0,50.0,6562.0,50.0,0.0,0.0,0.0
1965-05-10,369.17,178.0,50.0,Rule Curve,50.0,50.0,4386.0,50.0,6567.0,50.0,0.0,0.0,0.0
1965-05-11,369.18,113.0,50.0,Rule Curve,50.0,50.0,4389.0,50.0,6575.0,50.0,0.0,0.0,0.0
1965-05-12,369.2,149.0,50.0,Rule Curve,50.0,50.0,4390.0,50.0,6581.0,50.0,0.0,0.0,0.0
1965-05-13,369.2,113.0,50.0,Rule Curve,50.0,50.0,4393.0,50.0,6585.0,50.0,0.0,0.0,0.0
1965-05-14,369.2,80.0,50.0,Rule Curve,50.0,50.0,4394.0,50.0,6585.0,50.0,0.0,0.0,0.0
1965-05-15,369.22,144.0,50.0,Rule Curve,50.0,50.0,4393.0,50.0,6584.0,50.0,0.0,0.0,0.0
1965-05-16,369.21,48.0,50.0,Rule Curve,50.0,50.0,4396.0,50.0,6586.0,50.0,0.0,0.0,0.0
1965-05-17,369.21,80.0,50.0,Rule Curve,50.0,50.0,4394.0,50.0,6586.0,50.0,0.0,0.0,0.0
1965-05-18,369.21,108.0,50.0,Rule Curve,50.0,50.0,4394.0,50.0,6584.0,50.0,0.0,0.0,0.0
1965-05-19,369.28,326.0,50.0,Rule Curve,50.0,50.0,4395.0,50.0,6581.0,50.0,0.0,0.0,0.0
1965-05-20,369.28,99.0,50.0,Rule Curve,50.0,50.0,4404.0,50.0,6588.0,50.0,0.0,0.0,0.0
1965-05-21,369.3,136.0,50.0,Rule Curve,50.0,50.0,4405.0,50.0,6595.0,50.0,0.0,0.0,0.0
1965-05-22,369.3,99.0,50.0,Rule Curve,50.0,50.0,4407.0,50.0,6600.0,50.0,0.0,0.0,0.0
1965-05-23,369.3,64.0,50.0,Rule Curve,50.0,50.0,4407.0,50.0,6601.0,50.0,0.0,0.0,0.0
1965-05-24,369.3,99.0,50.0,Rule Curve,50.0,50.0,4406.0,50.0,6606.0,50.0,0.0,0.0,0.0
1965-05-25,369.3,99.0,50.0,Rule Curve,50.0,50.0,4407.0,50.0,6609.0,50.0,0.0,0.0,0.0
1965-05-26,369.3,64.0,50.0,Rule Curve,50.0,50.0,4408.0,50.0,6609.0,50.0,0.0,0.0,0.0
1965-05-27,369.3,99.0,50.0,Rule Curve,50.0,50.0,4407.0,50.0,6611.0,50.0,0.0,0.0,0.0
1965-05-28,369.3,64.0,50.0,Rule Curve,50.0,50.0,4407.0,50.0,6613.0,50.0,0.0,0.0,0.0
1965-05-29,369.28,29.0,50.0,Rule Curve,50.0,50.0,4407.0,50.0,6612.0,50.0,0.0,0.0,
1965-05-30,369.28,64.0,50.0,Rule Curve,50.0,50.0,4404.0,50.0,6610.0,50.0,0.0,0.0,
1965-05-31,369.27,64.0,50.0,Rule Curve,50.0,50.0,4404.0,50.0,6610.0,50.0,0.0,0.0,
