Date,Elevation,Inflow,Outflow,Zone,Min limit,Max limit,Waterloo Flood Simple
1963-01-02,613.0,1143.0,1143.0,Rule Curve,0.0,16823.0,18838.0
1963-01-03,613.0,3498.0,3498.0,Rule Curve,0.0,18576.0,18576.0
1963-01-04,613.0,2300.0,2300.0,Rule Curve,0.0,17980.0,18626.0
1963-01-05,613.0,2137.0,2137.0,Rule Curve,0.0,17817.0,18692.0
1963-01-06,613.0,1572.0,1572.0,Rule Curve,0.0,17252.0,18720.0
1963-01-07,613.0,1661.0,1661.0,Rule Curve,0.0,17340.0,18755.0
1963-01-08,613.0,1292.0,1292.0,Rule Curve,0.0,16971.0,18774.0
1963-01-09,613.0,1433.0,1433.0,Rule Curve,0.0,17112.0,18789.0
1963-01-10,613.0,1171.0,1171.0,Rule Curve,0.0,16851.0,18781.0
1963-01-11,613.0,1169.0,1169.0,Rule Curve,0.0,16849.0,18803.0
1963-01-12,613.0,1040.0,1040.0,Rule Curve,0.0,16719.0,18902.0
1963-01-13,613.0,1152.0,1152.0,Rule Curve,0.0,16832.0,18815.0
1963-01-14,613.0,1055.0,1055.0,Rule Curve,0.0,16734.0,18816.0
1963-01-15,613.0,1137.0,1137.0,Rule Curve,0.0,16816.0,18836.0
1963-01-16,613.0,1067.0,1067.0,Rule Curve,0.0,16747.0,18839.0
1963-01-17,613.0,1126.0,1126.0,Rule Curve,0.0,16806.0,18848.0
1963-01-18,613.0,1077.0,1077.0,Rule Curve,0.0,16756.0,18839.0
1963-01-19,613.0,1119.0,1119.0,Rule Curve,0.0,16799.0,18855.0
1963-01-20,613.0,1083.0,1083.0,Rule Curve,0.0,16762.0,18857.0
1963-01-21,613.0,1114.0,1114.0,Rule Curve,0.0,16794.0,18861.0
1963-01-22,613.0,1087.0,1087.0,Rule Curve,0.0,16767.0,18864.0
1963-01-23,613.0,1110.0,1110.0,Rule Curve,0.0,16790.0,18866.0
1963-01-24,613.0,1091.0,1091.0,Rule Curve,0.0,16771.0,18871.0
1963-01-25,613.0,1108.0,1108.0,Rule Curve,0.0,16787.0,18869.0
1963-01-26,613.0,1093.0,1093.0,Rule Curve,0.0,16772.0,18869.0
1963-01-27,613.0,1106.0,1106.0,Rule Curve,0.0,16785.0,18877.0
1963-01-28,613.0,1095.0,1095.0,Rule Curve,0.0,16775.0,18882.0
1963-01-29,613.0,1104.0,1104.0,Rule Curve,0.0,16784.0,18851.0
1963-01-30,613.0,1096.0,1096.0,Rule Curve,0.0,16776.0,18879.0
1963-01-31,613.0,1169.0,1169.0,Rule Curve,0.0,16849.0,19003.0
1963-02-01,613.28,4783.0,4656.0,Rule Curve,0.0,17298.0,17298.0
1963-02-02,613.56,10803.0,10676.0,Rule Curve,0.0,16145.0,16145.0
1963-02-03,613.84,16333.0,16206.0,Rule Curve,0.0,17245.0,17245.0
1963-02-04,614.11,7988.0,7866.0,Rule Curve,0.0,16990.0,16990.0
1963-02-05,614.39,6209.0,6082.0,Rule Curve,0.0,17614.0,17614.0
1963-02-06,614.67,3820.0,3693.0,Rule Curve,0.0,17987.0,17987.0
1963-02-07,614.95,2950.0,2823.0,Rule Curve,0.0,18105.0,18105.0
1963-02-08,615.23,1731.0,1604.0,Rule Curve,0.0,18284.0,18284.0
1963-02-09,615.51,1343.0,1216.0,Rule Curve,0.0,18034.0,18414.0
1963-02-10,615.78,926.0,804.0,Rule Curve,0.0,17745.0,18451.0
1963-02-11,616.06,895.0,768.0,Rule Curve,0.0,17836.0,18539.0
1963-02-12,616.34,2385.0,2258.0,Rule Curve,0.0,18592.0,18592.0
1963-02-13,616.62,1264.0,1137.0,Rule Curve,0.0,18459.0,18610.0
1963-02-14,616.9,776.0,649.0,Rule Curve,0.0,18098.0,18632.0
1963-02-15,617.16,941.0,815.0,Rule Curve,0.0,18390.0,18674.0
1963-02-16,617.41,912.0,786.0,Rule Curve,0.0,18487.0,18680.0
1963-02-17,617.66,926.0,800.0,Rule Curve,0.0,18627.0,18722.0
1963-02-18,617.91,4545.0,4418.0,Rule Curve,0.0,18298.0,18298.0
1963-02-19,618.18,4985.0,4858.0,Rule Curve,0.0,16187.0,16187.0
1963-02-20,618.46,3138.0,3010.0,Rule Curve,0.0,17658.0,17658.0
1963-02-21,618.73,5222.0,5099.0,Rule Curve,0.0,17943.0,17943.0
1963-02-22,619.01,2509.0,2381.0,Rule Curve,0.0,18045.0,18045.0
1963-02-23,619.26,1528.0,1402.0,Rule Curve,0.0,18258.0,18258.0
1963-02-24,619.51,1303.0,1177.0,Rule Curve,0.0,18363.0,18363.0
1963-02-25,619.76,1139.0,1013.0,Rule Curve,0.0,18442.0,18442.0
1963-02-26,620.01,1483.0,1358.0,Rule Curve,0.0,18317.0,18317.0
1963-02-27,620.29,1363.0,1236.0,Rule Curve,0.0,18378.0,18378.0
1963-02-28,620.57,1244.0,1117.0,Rule Curve,0.0,18511.0,18511.0
1963-03-01,620.85,1304.0,1177.0,Rule Curve,0.0,18447.0,18447.0
1963-03-02,621.12,1244.0,1115.0,Rule Curve,0.0,18273.0,18273.0
1963-03-03,621.37,1125.0,999.0,Rule Curve,0.0,18225.0,18225.0
1963-03-04,621.62,1005.0,879.0,Rule Curve,0.0,18360.0,18360.0
1963-03-05,621.87,946.0,819.0,Rule Curve,0.0,18458.0,18458.0
1963-03-06,622.12,887.0,761.0,Rule Curve,0.0,18537.0,18537.0
1963-03-07,622.37,1649.0,1523.0,Rule Curve,0.0,18592.0,18592.0
1963-03-08,622.62,1189.0,1063.0,Rule Curve,0.0,18612.0,18612.0
1963-03-09,622.87,823.0,697.0,Rule Curve,0.0,18658.0,18658.0
1963-03-10,623.12,928.0,802.0,Rule Curve,0.0,18682.0,18682.0
1963-03-11,623.37,944.0,818.0,Rule Curve,0.0,18705.0,18705.0
1963-03-12,623.62,923.0,797.0,Rule Curve,0.0,18671.0,18671.0
1963-03-13,623.87,910.0,784.0,Rule Curve,0.0,18727.0,18727.0
1963-03-14,624.12,936.0,803.0,Rule Curve,0.0,18721.0,18721.0
1963-03-15,624.37,929.0,790.0,Rule Curve,0.0,18686.0,18686.0
1963-03-16,624.62,1552.0,1413.0,Rule Curve,0.0,18642.0,18642.0
1963-03-17,624.87,1715.0,1576.0,Rule Curve,0.0,18624.0,18624.0
1963-03-18,625.11,1559.0,1431.0,Rule Curve,0.0,18667.0,18667.0
1963-03-19,625.34,1678.0,1562.0,Rule Curve,0.0,18710.0,18710.0
1963-03-20,625.57,1565.0,1449.0,Rule Curve,0.0,18711.0,18711.0
1963-03-21,625.8,1664.0,1549.0,Rule Curve,0.0,18704.0,18704.0
1963-03-22,626.03,1576.0,1460.0,Rule Curve,0.0,18662.0,18662.0
1963-03-23,626.28,1664.0,1538.0,Rule Curve,0.0,18618.0,18618.0
1963-03-24,626.53,1592.0,1466.0,Rule Curve,0.0,18512.0,18512.0
1963-03-25,626.78,1652.0,1526.0,Rule Curve,0.0,18576.0,18576.0
1963-03-26,627.02,1597.0,1475.0,Rule Curve,0.0,18620.0,18620.0
1963-03-27,627.25,1659.0,1531.0,Rule Curve,0.0,18603.0,18603.0
1963-03-28,627.48,1616.0,1488.0,Rule Curve,0.0,18454.0,18454.0
1963-03-29,627.71,2508.0,2380.0,Rule Curve,0.0,17428.0,17428.0
1963-03-30,627.94,4632.0,4505.0,Rule Curve,0.0,15073.0,15073.0
1963-03-31,628.16,2900.0,2778.0,Rule Curve,0.0,16816.0,16816.0
1963-04-01,628.39,1863.0,1735.0,Rule Curve,0.0,17637.0,17637.0
1963-04-02,628.62,1567.0,1439.0,Rule Curve,0.0,17988.0,17988.0
1963-04-03,628.85,1655.0,1527.0,Rule Curve,0.0,18257.0,18257.0
1963-04-04,629.07,5145.0,5023.0,Rule Curve,0.0,17688.0,17688.0
1963-04-05,629.3,8149.0,8022.0,Rule Curve,0.0,17944.0,17944.0
1963-04-06,629.53,8179.0,8052.0,Rule Curve,0.0,16976.0,16976.0
1963-04-07,629.76,6849.0,6721.0,Rule Curve,0.0,18004.0,18004.0
1963-04-08,629.99,5078.0,4951.0,Rule Curve,0.0,18157.0,18157.0
1963-04-09,630.21,4546.0,4424.0,Rule Curve,0.0,18102.0,18102.0
1963-04-10,630.44,3539.0,3411.0,Rule Curve,0.0,18288.0,18288.0
1963-04-11,630.67,3263.0,3136.0,Rule Curve,0.0,18378.0,18378.0
1963-04-12,630.9,2827.0,2699.0,Rule Curve,0.0,18398.0,18398.0
1963-04-13,631.12,3192.0,3070.0,Rule Curve,0.0,18382.0,18382.0
1963-04-14,631.35,4046.0,3919.0,Rule Curve,0.0,18435.0,18435.0
1963-04-15,631.58,4083.0,3956.0,Rule Curve,0.0,17734.0,17734.0
1963-04-16,631.81,3390.0,3262.0,Rule Curve,0.0,17807.0,17807.0
1963-04-17,632.03,3128.0,3006.0,Rule Curve,0.0,17808.0,17808.0
1963-04-18,632.26,2839.0,2711.0,Rule Curve,0.0,17880.0,17880.0
1963-04-19,632.49,3206.0,3079.0,Rule Curve,0.0,17897.0,17897.0
1963-04-20,632.72,2572.0,2444.0,Rule Curve,0.0,17998.0,17998.0
1963-04-21,632.95,2195.0,2067.0,Rule Curve,0.0,18144.0,18144.0
1963-04-22,633.16,1717.0,1592.0,Rule Curve,0.0,18281.0,18281.0
1963-04-23,633.37,1752.0,1625.0,Rule Curve,0.0,18369.0,18369.0
1963-04-24,633.58,1788.0,1661.0,Rule Curve,0.0,18352.0,18352.0
1963-04-25,633.79,1709.0,1582.0,Rule Curve,0.0,18398.0,18398.0
1963-04-26,633.99,1702.0,1581.0,Rule Curve,0.0,18439.0,18439.0
1963-04-27,634.22,1725.0,1597.0,Rule Curve,0.0,18455.0,18455.0
1963-04-28,634.45,1589.0,1462.0,Rule Curve,0.0,18526.0,18526.0
1963-04-29,634.68,2062.0,1934.0,Rule Curve,0.0,18576.0,18576.0
1963-04-30,634.9,2303.0,2181.0,Rule Curve,0.0,18545.0,18545.0
1963-05-01,635.12,2935.0,2807.0,Rule Curve,0.0,18589.0,18589.0
1963-05-02,635.33,5250.0,5123.0,Rule Curve,0.0,18311.0,18311.0
1963-05-03,635.54,5119.0,4992.0,Rule Curve,0.0,17920.0,17920.0
1963-05-04,635.75,3757.0,3630.0,Rule Curve,0.0,18281.0,18281.0
1963-05-05,635.96,6063.0,5936.0,Rule Curve,0.0,18572.0,18572.0
1963-05-06,636.16,11878.0,11757.0,Rule Curve,0.0,16050.0,16050.0
1963-05-07,636.37,10514.0,10387.0,Rule Curve,0.0,15410.0,15410.0
1963-05-08,636.58,7677.0,7550.0,Rule Curve,0.0,17396.0,17396.0
1963-05-09,636.79,6314.0,6187.0,Rule Curve,0.0,17935.0,17935.0
1963-05-10,637.0,5206.0,5079.0,Rule Curve,0.0,18057.0,18057.0
1963-05-11,637.0,4875.0,4875.0,Rule Curve,0.0,18157.0,18157.0
1963-05-12,637.0,4273.0,4273.0,Rule Curve,0.0,18194.0,18194.0
1963-05-13,637.0,3933.0,3933.0,Rule Curve,0.0,18353.0,18353.0
1963-05-14,637.0,3466.0,3466.0,Rule Curve,0.0,18440.0,18440.0
1963-05-15,637.0,3405.0,3405.0,Rule Curve,0.0,18528.0,18528.0
1963-05-16,637.0,3177.0,3177.0,Rule Curve,0.0,18576.0,18576.0
1963-05-17,637.0,3248.0,3248.0,Rule Curve,0.0,18672.0,18672.0
1963-05-18,637.0,3201.0,3201.0,Rule Curve,0.0,18694.0,18694.0
1963-05-19,637.0,3182.0,3182.0,Rule Curve,0.0,18715.0,18715.0
1963-05-20,637.0,2937.0,2937.0,Rule Curve,0.0,18723.0,18723.0
1963-05-21,637.0,2732.0,2732.0,Rule Curve,0.0,18756.0,18756.0
1963-05-22,637.0,2428.0,2428.0,Rule Curve,0.0,18781.0,18781.0
1963-05-23,637.0,2134.0,2134.0,Rule Curve,0.0,18789.0,18789.0
1963-05-24,637.0,1832.0,1832.0,Rule Curve,0.0,18792.0,18792.0
1963-05-25,637.0,1676.0,1676.0,Rule Curve,0.0,18802.0,18802.0
1963-05-26,637.0,1487.0,1487.0,Rule Curve,0.0,18807.0,18807.0
1963-05-27,637.0,1389.0,1389.0,Rule Curve,0.0,18822.0,18822.0
1963-05-28,637.0,1268.0,1268.0,Rule Curve,0.0,18831.0,18831.0
1963-05-29,637.0,1238.0,1238.0,Rule Curve,0.0,18848.0,18848.0
1963-05-30,637.0,1217.0,1217.0,Rule Curve,0.0,18865.0,18865.0
1963-05-31,637.0,1235.0,1235.0,Rule Curve,0.0,18861.0,18861.0
1963-06-01,637.0,1292.0,1292.0,Rule Curve,0.0,18873.0,18873.0
1963-06-02,637.0,1319.0,1319.0,Rule Curve,0.0,18889.0,18889.0
1963-06-03,637.0,1299.0,1299.0,Rule Curve,0.0,18849.0,18849.0
1963-06-04,637.0,1307.0,1307.0,Rule Curve,0.0,18882.0,18882.0
1963-06-05,637.0,1329.0,1329.0,Rule Curve,0.0,18830.0,18830.0
1963-06-06,637.0,1279.0,1279.0,Rule Curve,0.0,18813.0,18813.0
1963-06-07,637.0,1321.0,1321.0,Rule Curve,0.0,18836.0,18836.0
1963-06-08,637.0,1289.0,1289.0,Rule Curve,0.0,18877.0,18877.0
1963-06-09,637.0,1319.0,1319.0,Rule Curve,0.0,18877.0,18877.0
1963-06-10,637.0,1294.0,1294.0,Rule Curve,0.0,18874.0,18874.0
1963-06-11,637.0,1313.0,1313.0,Rule Curve,0.0,18878.0,18878.0
1963-06-12,637.0,1298.0,1298.0,Rule Curve,0.0,18875.0,18875.0
1963-06-13,637.0,1311.0,1311.0,Rule Curve,0.0,18899.0,18899.0
1963-06-14,637.0,1300.0,1300.0,Rule Curve,0.0,18908.0,18908.0
1963-06-15,637.0,1310.0,1310.0,Rule Curve,0.0,18904.0,18904.0
1963-06-16,637.0,1302.0,1302.0,Rule Curve,0.0,18916.0,18916.0
1963-06-17,637.0,1309.0,1309.0,Rule Curve,0.0,18946.0,18946.0
1963-06-18,637.0,1302.0,1302.0,Rule Curve,0.0,18950.0,18950.0
1963-06-19,637.0,1309.0,1309.0,Rule Curve,0.0,18938.0,18938.0
1963-06-20,637.0,1304.0,1304.0,Rule Curve,0.0,18944.0,18944.0
1963-06-21,637.0,1314.0,1314.0,Rule Curve,0.0,18989.0,18989.0
1963-06-22,637.0,1321.0,1321.0,Rule Curve,0.0,18784.0,18784.0
1963-06-23,637.0,1281.0,1281.0,Rule Curve,0.0,18839.0,18839.0
1963-06-24,637.0,1323.0,1323.0,Rule Curve,0.0,18856.0,18856.0
1963-06-25,637.0,1288.0,1288.0,Rule Curve,0.0,18852.0,18852.0
1963-06-26,637.0,1319.0,1319.0,Rule Curve,0.0,18857.0,18857.0
1963-06-27,637.0,1293.0,1293.0,Rule Curve,0.0,18874.0,18874.0
1963-06-28,637.0,1318.0,1318.0,Rule Curve,0.0,18874.0,18874.0
1963-06-29,637.0,1299.0,1299.0,Rule Curve,0.0,18815.0,18815.0
1963-06-30,637.0,1314.0,1314.0,Rule Curve,0.0,18853.0,18853.0
1963-07-01,637.0,1112.0,1112.0,Rule Curve,0.0,18834.0,18834.0
1963-07-02,637.0,1103.0,1103.0,Rule Curve,0.0,18856.0,18856.0
1963-07-03,637.0,1111.0,1111.0,Rule Curve,0.0,18877.0,18877.0
1963-07-04,637.0,1104.0,1104.0,Rule Curve,0.0,18866.0,18866.0
1963-07-05,637.0,1110.0,1110.0,Rule Curve,0.0,18880.0,18880.0
1963-07-06,637.0,1108.0,1108.0,Rule Curve,0.0,18918.0,18918.0
1963-07-07,637.0,1114.0,1114.0,Rule Curve,0.0,18915.0,18915.0
1963-07-08,637.0,1108.0,1108.0,Rule Curve,0.0,18872.0,18872.0
1963-07-09,637.0,1103.0,1103.0,Rule Curve,0.0,18863.0,18863.0
1963-07-10,637.0,1122.0,1122.0,Rule Curve,0.0,18904.0,18904.0
1963-07-11,637.0,1111.0,1111.0,Rule Curve,0.0,18756.0,18756.0
1963-07-12,637.0,1090.0,1090.0,Rule Curve,0.0,18810.0,18810.0
1963-07-13,637.0,1117.0,1117.0,Rule Curve,0.0,18848.0,18848.0
1963-07-14,637.0,1097.0,1097.0,Rule Curve,0.0,18861.0,18861.0
1963-07-15,637.0,1115.0,1115.0,Rule Curve,0.0,18854.0,18854.0
1963-07-16,637.0,1100.0,1100.0,Rule Curve,0.0,18876.0,18876.0
1963-07-17,637.0,1113.0,1113.0,Rule Curve,0.0,18885.0,18885.0
1963-07-18,637.0,1102.0,1102.0,Rule Curve,0.0,18887.0,18887.0
1963-07-19,637.0,1112.0,1112.0,Rule Curve,0.0,18903.0,18903.0
1963-07-20,637.0,1104.0,1104.0,Rule Curve,0.0,18909.0,18909.0
1963-07-21,637.0,1111.0,1111.0,Rule Curve,0.0,18908.0,18908.0
1963-07-22,637.0,1108.0,1108.0,Rule Curve,0.0,18915.0,18915.0
1963-07-23,637.0,1105.0,1105.0,Rule Curve,0.0,18900.0,18900.0
1963-07-24,637.0,1112.0,1112.0,Rule Curve,0.0,18947.0,18947.0
1963-07-25,637.0,1102.0,1102.0,Rule Curve,0.0,18907.0,18907.0
1963-07-26,637.0,1112.0,1112.0,Rule Curve,0.0,18932.0,18932.0
1963-07-27,637.0,1104.0,1104.0,Rule Curve,0.0,18930.0,18930.0
1963-07-28,637.0,1111.0,1111.0,Rule Curve,0.0,18937.0,18937.0
1963-07-29,637.0,1105.0,1105.0,Rule Curve,0.0,18936.0,18936.0
1963-07-30,637.0,1110.0,1110.0,Rule Curve,0.0,18938.0,18938.0
1963-07-31,637.0,1106.0,1106.0,Rule Curve,0.0,18942.0,18942.0
1963-08-01,637.0,1071.0,1071.0,Rule Curve,0.0,18936.0,18936.0
1963-08-02,637.0,1063.0,1063.0,Rule Curve,0.0,18935.0,18935.0
1963-08-03,637.0,1070.0,1070.0,Rule Curve,0.0,18941.0,18941.0
1963-08-04,637.0,1064.0,1064.0,Rule Curve,0.0,18943.0,18943.0
1963-08-05,637.0,1069.0,1069.0,Rule Curve,0.0,18946.0,18946.0
1963-08-06,637.0,1064.0,1064.0,Rule Curve,0.0,18948.0,18948.0
1963-08-07,637.0,1069.0,1069.0,Rule Curve,0.0,18948.0,18948.0
1963-08-08,637.0,1065.0,1065.0,Rule Curve,0.0,18959.0,18959.0
1963-08-09,637.0,1068.0,1068.0,Rule Curve,0.0,18959.0,18959.0
1963-08-10,637.0,1066.0,1066.0,Rule Curve,0.0,18957.0,18957.0
1963-08-11,637.0,1068.0,1068.0,Rule Curve,0.0,18961.0,18961.0
1963-08-12,637.0,1066.0,1066.0,Rule Curve,0.0,18965.0,18965.0
1963-08-13,637.0,1067.0,1067.0,Rule Curve,0.0,18969.0,18969.0
1963-08-14,637.0,1066.0,1066.0,Rule Curve,0.0,18958.0,18958.0
1963-08-15,637.0,1067.0,1067.0,Rule Curve,0.0,18963.0,18963.0
1963-08-16,637.0,1066.0,1066.0,Rule Curve,0.0,18964.0,18964.0
1963-08-17,637.0,1067.0,1067.0,Rule Curve,0.0,18969.0,18969.0
1963-08-18,637.0,1066.0,1066.0,Rule Curve,0.0,18967.0,18967.0
1963-08-19,637.0,1068.0,1068.0,Rule Curve,0.0,18972.0,18972.0
1963-08-20,637.0,1066.0,1066.0,Rule Curve,0.0,18971.0,18971.0
1963-08-21,637.0,1067.0,1067.0,Rule Curve,0.0,18973.0,18973.0
1963-08-22,637.0,1067.0,1067.0,Rule Curve,0.0,18973.0,18973.0
1963-08-23,637.0,1067.0,1067.0,Rule Curve,0.0,18968.0,18968.0
1963-08-24,637.0,1067.0,1067.0,Rule Curve,0.0,18964.0,18964.0
1963-08-25,637.0,1067.0,1067.0,Rule Curve,0.0,18966.0,18966.0
1963-08-26,637.0,1067.0,1067.0,Rule Curve,0.0,18966.0,18966.0
1963-08-27,637.0,1067.0,1067.0,Rule Curve,0.0,18974.0,18974.0
1963-08-28,637.0,1067.0,1067.0,Rule Curve,0.0,18971.0,18971.0
1963-08-29,637.0,1067.0,1067.0,Rule Curve,0.0,18978.0,18978.0
1963-08-30,637.0,1067.0,1067.0,Rule Curve,0.0,18978.0,18978.0
1963-08-31,637.0,1067.0,1067.0,Rule Curve,0.0,18977.0,18977.0
1963-09-01,637.0,1633.0,1633.0,Rule Curve,0.0,18973.0,18973.0
1963-09-02,637.0,1695.0,1695.0,Rule Curve,0.0,18972.0,18972.0
1963-09-03,637.0,1640.0,1640.0,Rule Curve,0.0,18977.0,18977.0
1963-09-04,637.0,1690.0,1690.0,Rule Curve,0.0,18980.0,18980.0
1963-09-05,637.0,1644.0,1644.0,Rule Curve,0.0,18976.0,18976.0
1963-09-06,637.0,1686.0,1686.0,Rule Curve,0.0,18979.0,18979.0
1963-09-07,637.0,1648.0,1648.0,Rule Curve,0.0,18976.0,18976.0
1963-09-08,637.0,1682.0,1682.0,Rule Curve,0.0,18978.0,18978.0
1963-09-09,637.0,1651.0,1651.0,Rule Curve,0.0,18980.0,18980.0
1963-09-10,637.0,1679.0,1679.0,Rule Curve,0.0,18979.0,18979.0
1963-09-11,637.0,1654.0,1654.0,Rule Curve,0.0,18977.0,18977.0
1963-09-12,637.0,1677.0,1677.0,Rule Curve,0.0,18981.0,18981.0
1963-09-13,637.0,1659.0,1659.0,Rule Curve,0.0,19008.0,19008.0
1963-09-14,637.0,1672.0,1672.0,Rule Curve,0.0,18958.0,18958.0
1963-09-15,637.0,1666.0,1666.0,Rule Curve,0.0,19036.0,19036.0
1963-09-16,637.0,1679.0,1679.0,Rule Curve,0.0,18782.0,18782.0
1963-09-17,637.0,1641.0,1641.0,Rule Curve,0.0,18882.0,18882.0
1963-09-18,637.0,1686.0,1686.0,Rule Curve,0.0,18909.0,18909.0
1963-09-19,637.0,1647.0,1647.0,Rule Curve,0.0,18931.0,18931.0
1963-09-20,637.0,1682.0,1682.0,Rule Curve,0.0,18943.0,18943.0
1963-09-21,637.0,1651.0,1651.0,Rule Curve,0.0,18953.0,18953.0
1963-09-22,637.0,1679.0,1679.0,Rule Curve,0.0,18958.0,18958.0
1963-09-23,637.0,1656.0,1656.0,Rule Curve,0.0,19023.0,19023.0
1963-09-24,637.0,1675.0,1675.0,Rule Curve,0.0,18912.0,18912.0
1963-09-25,637.0,1657.0,1657.0,Rule Curve,0.0,18953.0,18953.0
1963-09-26,637.0,1674.0,1674.0,Rule Curve,0.0,18964.0,18964.0
1963-09-27,637.0,1659.0,1659.0,Rule Curve,0.0,18962.0,18962.0
1963-09-28,637.0,1672.0,1672.0,Rule Curve,0.0,18974.0,18974.0
1963-09-29,637.0,1660.0,1660.0,Rule Curve,0.0,18978.0,18978.0
1963-09-30,637.0,1671.0,1671.0,Rule Curve,0.0,18977.0,18977.0
1963-10-01,636.55,2675.0,2947.0,Top of Dam,0.0,18984.0,18984.0
1963-10-02,636.1,2539.0,2811.0,Top of Dam,0.0,18984.0,18984.0
1963-10-03,635.65,2215.0,2487.0,Top of Dam,0.0,18986.0,18986.0
1963-10-04,635.2,2129.0,2402.0,Top of Dam,0.0,18987.0,18987.0
1963-10-05,634.73,2000.0,2271.0,Top of Dam,0.0,18984.0,18984.0
1963-10-06,634.24,2037.0,2309.0,Top of Dam,0.0,18980.0,18980.0
1963-10-07,633.77,1909.0,2181.0,Top of Dam,0.0,18972.0,18972.0
1963-10-08,633.32,1926.0,2198.0,Top of Dam,0.0,18983.0,18983.0
1963-10-09,632.86,1823.0,2094.0,Top of Dam,0.0,18992.0,18992.0
1963-10-10,632.37,1831.0,2102.0,Top of Dam,0.0,18998.0,18998.0
1963-10-11,631.88,1744.0,2016.0,Top of Dam,0.0,18992.0,18992.0
1963-10-12,631.39,1753.0,2025.0,Top of Dam,0.0,18984.0,18984.0
1963-10-13,630.9,1665.0,1937.0,Top of Dam,0.0,18987.0,18987.0
1963-10-14,630.41,1655.0,1927.0,Top of Dam,0.0,18983.0,18983.0
1963-10-15,629.92,1579.0,1850.0,Top of Dam,0.0,18993.0,18993.0
1963-10-16,629.43,1568.0,1840.0,Top of Dam,0.0,18995.0,18995.0
1963-10-17,628.94,1503.0,1774.0,Top of Dam,0.0,18994.0,18994.0
1963-10-18,628.45,1489.0,1761.0,Top of Dam,0.0,18993.0,18993.0
1963-10-19,627.96,1430.0,1701.0,Top of Dam,0.0,18994.0,18994.0
1963-10-20,627.47,1416.0,1688.0,Top of Dam,0.0,19002.0,19002.0
1963-10-21,626.98,1416.0,1687.0,Top of Dam,0.0,19026.0,19026.0
1963-10-22,626.44,1554.0,1826.0,Top of Dam,0.0,19142.0,19142.0
1963-10-23,625.91,1594.0,1861.0,Top of Dam,0.0,18558.0,18558.0
1963-10-24,625.42,1577.0,1824.0,Top of Dam,0.0,18959.0,18959.0
1963-10-25,624.92,1925.0,2181.0,Top of Dam,0.0,18525.0,18525.0
1963-10-26,624.38,1653.0,1953.0,Top of Dam,0.0,18814.0,18814.0
1963-10-27,623.84,1534.0,1825.0,Top of Dam,0.0,18832.0,18832.0
1963-10-28,623.3,1522.0,1794.0,Top of Dam,0.0,18852.0,18852.0
1963-10-29,622.77,1474.0,1742.0,Top of Dam,0.0,18804.0,18804.0
1963-10-30,622.23,1433.0,1705.0,Top of Dam,0.0,18860.0,18860.0
1963-10-31,621.69,1393.0,1665.0,Top of Dam,0.0,18874.0,18874.0
1963-11-01,621.15,4817.0,5089.0,Top of Dam,0.0,18906.0,18906.0
1963-11-02,620.57,5165.0,5436.0,Top of Dam,0.0,18907.0,18907.0
1963-11-03,619.97,4879.0,5153.0,Top of Dam,0.0,18836.0,18836.0
1963-11-04,619.43,5623.0,5895.0,Top of Dam,0.0,18691.0,18691.0
1963-11-05,618.88,5337.0,5608.0,Top of Dam,0.0,18503.0,18503.0
1963-11-06,618.28,5916.0,6188.0,Top of Dam,0.0,18617.0,18617.0
1963-11-07,617.71,6825.0,7098.0,Top of Dam,0.0,18801.0,18801.0
1963-11-08,623.31,16400.0,13675.0,Top of Dam,0.0,13675.0,13675.0
1963-11-09,617.7,14176.0,16905.0,Top of Dam,0.0,16905.0,16905.0
1963-11-10,616.0,8888.0,9696.0,Top of Dam,0.0,18126.0,18126.0
1963-11-11,615.4,6349.0,6621.0,Top of Dam,0.0,18273.0,18273.0
1963-11-12,614.8,6169.0,6441.0,Top of Dam,0.0,18442.0,18442.0
1963-11-13,614.2,5606.0,5878.0,Top of Dam,0.0,18532.0,18532.0
1963-11-14,613.6,7009.0,7282.0,Top of Dam,0.0,18057.0,18057.0
1963-11-15,613.0,7720.0,7993.0,Top of Dam,0.0,17749.0,17749.0
1963-11-16,613.0,7104.0,7104.0,Rule Curve,0.0,18125.0,18125.0
1963-11-17,613.0,7255.0,7255.0,Rule Curve,0.0,17853.0,17853.0
1963-11-18,613.0,8161.0,8161.0,Rule Curve,0.0,17591.0,17591.0
1963-11-19,613.0,6463.0,6463.0,Rule Curve,0.0,18111.0,18111.0
1963-11-20,613.0,6501.0,6501.0,Rule Curve,0.0,18066.0,18066.0
1963-11-21,613.0,5974.0,5974.0,Rule Curve,0.0,18263.0,18263.0
1963-11-22,613.0,6120.0,6120.0,Rule Curve,0.0,18478.0,18478.0
1963-11-23,613.0,6405.0,6405.0,Rule Curve,0.0,18207.0,18207.0
1963-11-24,613.0,7010.0,7010.0,Rule Curve,0.0,17970.0,17970.0
1963-11-25,613.0,6254.0,6254.0,Rule Curve,0.0,18272.0,18272.0
1963-11-26,613.0,6248.0,6248.0,Rule Curve,0.0,18506.0,18506.0
1963-11-27,613.0,6451.0,6451.0,Rule Curve,0.0,18110.0,18110.0
1963-11-28,613.0,6147.0,6147.0,Rule Curve,0.0,18407.0,18407.0
1963-11-29,613.0,5821.0,5821.0,Rule Curve,0.0,18477.0,18477.0
1963-11-30,613.0,5712.0,5712.0,Rule Curve,0.0,18518.0,18518.0
1963-12-01,613.0,5521.0,5521.0,Rule Curve,0.0,18577.0,18577.0
1963-12-02,613.0,5484.0,5484.0,Rule Curve,0.0,18616.0,18616.0
1963-12-03,613.0,5361.0,5361.0,Rule Curve,0.0,18670.0,18670.0
1963-12-04,613.0,5361.0,5361.0,Rule Curve,0.0,18695.0,18695.0
1963-12-05,613.0,5345.0,5345.0,Rule Curve,0.0,18874.0,18874.0
1963-12-06,613.0,6251.0,6251.0,Rule Curve,0.0,18445.0,18445.0
1963-12-07,613.0,5868.0,5868.0,Rule Curve,0.0,18508.0,18508.0
1963-12-08,613.0,5951.0,5951.0,Rule Curve,0.0,18576.0,18576.0
1963-12-09,613.0,5913.0,5913.0,Rule Curve,0.0,18175.0,18175.0
1963-12-10,613.0,5732.0,5732.0,Rule Curve,0.0,18433.0,18433.0
1963-12-11,613.0,3032.0,3032.0,Rule Curve,0.0,18523.0,18523.0
1963-12-12,613.0,1985.0,1985.0,Rule Curve,0.0,17664.0,18583.0
1963-12-13,613.0,1843.0,1843.0,Rule Curve,0.0,17522.0,18618.0
1963-12-14,613.0,1638.0,1638.0,Rule Curve,0.0,17317.0,18663.0
1963-12-15,613.0,1549.0,1549.0,Rule Curve,0.0,17229.0,18704.0
1963-12-16,613.0,1395.0,1395.0,Rule Curve,0.0,17075.0,18725.0
1963-12-17,613.0,1347.0,1347.0,Rule Curve,0.0,17026.0,18740.0
1963-12-18,613.0,1232.0,1232.0,Rule Curve,0.0,16912.0,18760.0
1963-12-19,613.0,1235.0,1235.0,Rule Curve,0.0,16915.0,18784.0
1963-12-20,613.0,1558.0,1558.0,Rule Curve,0.0,17238.0,18764.0
1963-12-21,613.0,1968.0,1968.0,Rule Curve,0.0,17648.0,18401.0
1963-12-22,613.0,1829.0,1829.0,Rule Curve,0.0,17508.0,18501.0
1963-12-23,613.0,1888.0,1888.0,Rule Curve,0.0,17568.0,18582.0
1963-12-24,613.0,1811.0,1811.0,Rule Curve,0.0,17491.0,18613.0
1963-12-25,613.0,1994.0,1994.0,Rule Curve,0.0,17674.0,18672.0
1963-12-26,613.0,2432.0,2432.0,Rule Curve,0.0,18111.0,18719.0
1963-12-27,613.0,2752.0,2752.0,Rule Curve,0.0,17738.0,17738.0
1963-12-28,613.0,6716.0,6716.0,Rule Curve,0.0,18183.0,18183.0
1963-12-29,613.0,5352.0,5352.0,Rule Curve,0.0,18102.0,18102.0
1963-12-30,613.0,3554.0,3554.0,Rule Curve,0.0,18386.0,18386.0
1963-12-31,613.0,3144.0,3144.0,Rule Curve,0.0,18416.0,18416.0
1964-01-01,613.0,1403.0,1403.0,Rule Curve,0.0,17082.0,18531.0
1964-01-02,613.0,2069.0,2069.0,Rule Curve,0.0,17552.0,17552.0
1964-01-03,613.0,1550.0,1550.0,Rule Curve,0.0,17230.0,18121.0
1964-01-04,613.0,1254.0,1254.0,Rule Curve,0.0,16934.0,18255.0
1964-01-05,613.0,1088.0,1088.0,Rule Curve,0.0,16767.0,18424.0
1964-01-06,613.0,2788.0,2788.0,Rule Curve,0.0,16275.0,16275.0
1964-01-07,613.0,2291.0,2291.0,Rule Curve,0.0,16585.0,16585.0
1964-01-08,613.0,1472.0,1472.0,Rule Curve,0.0,17151.0,17705.0
1964-01-09,613.0,1363.0,1363.0,Rule Curve,0.0,17043.0,17831.0
1964-01-10,613.0,1186.0,1186.0,Rule Curve,0.0,16865.0,17917.0
1964-01-11,613.0,1065.0,1065.0,Rule Curve,0.0,16745.0,18127.0
1964-01-12,613.0,1077.0,1077.0,Rule Curve,0.0,16757.0,18271.0
1964-01-13,613.0,1135.0,1135.0,Rule Curve,0.0,16815.0,18290.0
1964-01-14,613.0,1173.0,1173.0,Rule Curve,0.0,16853.0,18120.0
1964-01-15,613.0,1057.0,1057.0,Rule Curve,0.0,16737.0,18321.0
1964-01-16,613.0,2126.0,2126.0,Rule Curve,0.0,17806.0,18053.0
1964-01-17,613.0,2308.0,2308.0,Rule Curve,0.0,17156.0,17156.0
1964-01-18,613.0,1963.0,1963.0,Rule Curve,0.0,16879.0,16879.0
1964-01-19,613.0,2199.0,2199.0,Rule Curve,0.0,15040.0,15040.0
1964-01-20,613.0,2677.0,2677.0,Rule Curve,0.0,13475.0,13475.0
1964-01-21,613.0,1722.0,1722.0,Rule Curve,0.0,16945.0,16945.0
1964-01-22,613.0,1363.0,1363.0,Rule Curve,0.0,17043.0,17449.0
1964-01-23,613.0,1244.0,1244.0,Rule Curve,0.0,16924.0,17878.0
1964-01-24,613.0,2438.0,2438.0,Rule Curve,0.0,18118.0,18317.0
1964-01-25,613.0,6020.0,6020.0,Rule Curve,0.0,16464.0,16464.0
1964-01-26,613.0,5588.0,5588.0,Rule Curve,0.0,16346.0,16346.0
1964-01-27,613.0,9493.0,9493.0,Rule Curve,0.0,17459.0,17459.0
1964-01-28,613.0,7312.0,7312.0,Rule Curve,0.0,17674.0,17674.0
1964-01-29,613.0,9101.0,9101.0,Rule Curve,0.0,17799.0,17799.0
1964-01-30,613.0,7916.0,7916.0,Rule Curve,0.0,17438.0,17438.0
1964-01-31,613.0,7381.0,7381.0,Rule Curve,0.0,18239.0,18239.0
1964-02-01,613.28,8071.0,7944.0,Rule Curve,0.0,17370.0,17370.0
1964-02-02,613.56,2511.0,2384.0,Rule Curve,0.0,17996.0,17996.0
1964-02-03,613.84,1736.0,1609.0,Rule Curve,0.0,17670.0,18131.0
1964-02-04,614.11,4126.0,4004.0,Rule Curve,0.0,18202.0,18202.0
1964-02-05,614.39,2053.0,1925.0,Rule Curve,0.0,18210.0,18210.0
1964-02-06,614.67,1302.0,1174.0,Rule Curve,0.0,17612.0,18312.0
1964-02-07,614.95,1176.0,1049.0,Rule Curve,0.0,17613.0,18389.0
1964-02-08,615.23,1033.0,906.0,Rule Curve,0.0,17597.0,18456.0
1964-02-09,615.51,946.0,819.0,Rule Curve,0.0,17637.0,18522.0
1964-02-10,615.78,963.0,841.0,Rule Curve,0.0,17782.0,18598.0
1964-02-11,616.06,1017.0,890.0,Rule Curve,0.0,17958.0,18469.0
1964-02-12,616.34,920.0,793.0,Rule Curve,0.0,17988.0,18559.0
1964-02-13,616.62,906.0,779.0,Rule Curve,0.0,18101.0,18528.0
1964-02-14,616.9,912.0,785.0,Rule Curve,0.0,18235.0,18594.0
1964-02-15,617.16,969.0,843.0,Rule Curve,0.0,18418.0,18518.0
1964-02-16,617.41,924.0,798.0,Rule Curve,0.0,18343.0,18343.0
1964-02-17,617.66,978.0,852.0,Rule Curve,0.0,18455.0,18455.0
1964-02-18,617.91,1035.0,909.0,Rule Curve,0.0,18437.0,18437.0
1964-02-19,618.18,1005.0,878.0,Rule Curve,0.0,18669.0,18669.0
1964-02-20,618.46,934.0,807.0,Rule Curve,0.0,18349.0,18349.0
1964-02-21,618.73,928.0,805.0,Rule Curve,0.0,18619.0,18619.0
1964-02-22,619.01,963.0,836.0,Rule Curve,0.0,18599.0,18599.0
1964-02-23,619.26,915.0,789.0,Rule Curve,0.0,18620.0,18620.0
1964-02-24,619.51,921.0,795.0,Rule Curve,0.0,18642.0,18642.0
1964-02-25,619.76,897.0,771.0,Rule Curve,0.0,18670.0,18670.0
1964-02-26,620.01,905.0,779.0,Rule Curve,0.0,18685.0,18685.0
1964-02-27,620.29,911.0,784.0,Rule Curve,0.0,18712.0,18712.0
1964-02-28,620.57,920.0,793.0,Rule Curve,0.0,18727.0,18727.0
1964-02-29,620.85,912.0,785.0,Rule Curve,0.0,18755.0,18755.0
1964-03-01,621.12,969.0,841.0,Rule Curve,0.0,18692.0,18692.0
1964-03-02,621.37,914.0,788.0,Rule Curve,0.0,18620.0,18620.0
1964-03-03,621.62,939.0,813.0,Rule Curve,0.0,18675.0,18675.0
1964-03-04,621.87,1689.0,1563.0,Rule Curve,0.0,18835.0,18835.0
1964-03-05,622.12,2302.0,2176.0,Rule Curve,0.0,17360.0,17360.0
1964-03-06,622.37,1558.0,1432.0,Rule Curve,0.0,18118.0,18118.0
1964-03-07,622.62,1228.0,1102.0,Rule Curve,0.0,18233.0,18233.0
1964-03-08,622.87,1067.0,941.0,Rule Curve,0.0,18334.0,18334.0
1964-03-09,623.12,1099.0,973.0,Rule Curve,0.0,18200.0,18200.0
1964-03-10,623.37,1035.0,909.0,Rule Curve,0.0,18291.0,18291.0
1964-03-11,623.62,1531.0,1405.0,Rule Curve,0.0,18063.0,18063.0
1964-03-12,623.87,1554.0,1428.0,Rule Curve,0.0,17599.0,17599.0
1964-03-13,624.12,1152.0,1020.0,Rule Curve,0.0,18025.0,18025.0
1964-03-14,624.37,1268.0,1129.0,Rule Curve,0.0,18438.0,18438.0
1964-03-15,624.62,2326.0,2188.0,Rule Curve,0.0,17603.0,17603.0
1964-03-16,624.87,5163.0,5024.0,Rule Curve,0.0,18072.0,18072.0
1964-03-17,625.11,4854.0,4727.0,Rule Curve,0.0,18167.0,18167.0
1964-03-18,625.34,1618.0,1502.0,Rule Curve,0.0,18196.0,18196.0
1964-03-19,625.57,3207.0,3091.0,Rule Curve,0.0,18281.0,18281.0
1964-03-20,625.8,2000.0,1884.0,Rule Curve,0.0,18352.0,18352.0
1964-03-21,626.03,2566.0,2450.0,Rule Curve,0.0,18235.0,18235.0
1964-03-22,626.28,2070.0,1944.0,Rule Curve,0.0,18308.0,18308.0
1964-03-23,626.53,1295.0,1169.0,Rule Curve,0.0,18385.0,18385.0
1964-03-24,626.78,1847.0,1721.0,Rule Curve,0.0,18366.0,18366.0
1964-03-25,627.02,1426.0,1304.0,Rule Curve,0.0,18452.0,18452.0
1964-03-26,627.25,1794.0,1666.0,Rule Curve,0.0,18502.0,18502.0
1964-03-27,627.48,1481.0,1353.0,Rule Curve,0.0,18518.0,18518.0
1964-03-28,627.71,1759.0,1631.0,Rule Curve,0.0,18588.0,18588.0
1964-03-29,627.94,1562.0,1434.0,Rule Curve,0.0,18590.0,18590.0
1964-03-30,628.16,1807.0,1685.0,Rule Curve,0.0,18462.0,18462.0
1964-03-31,628.39,2315.0,2187.0,Rule Curve,0.0,18331.0,18331.0
1964-04-01,628.62,6185.0,6058.0,Rule Curve,0.0,18321.0,18321.0
1964-04-02,628.85,2527.0,2399.0,Rule Curve,0.0,18324.0,18324.0
1964-04-03,629.07,3927.0,3805.0,Rule Curve,0.0,18426.0,18426.0
1964-04-04,629.3,1845.0,1718.0,Rule Curve,0.0,18480.0,18480.0
1964-04-05,629.53,3024.0,2896.0,Rule Curve,0.0,18465.0,18465.0
1964-04-06,629.76,1977.0,1850.0,Rule Curve,0.0,18448.0,18448.0
1964-04-07,629.99,1422.0,1294.0,Rule Curve,0.0,18518.0,18518.0
1964-04-08,630.21,3126.0,3004.0,Rule Curve,0.0,18541.0,18541.0
1964-04-09,630.44,1783.0,1655.0,Rule Curve,0.0,18548.0,18548.0
1964-04-10,630.67,4644.0,4516.0,Rule Curve,0.0,18186.0,18186.0
1964-04-11,630.9,3056.0,2928.0,Rule Curve,0.0,18228.0,18228.0
1964-04-12,631.12,4242.0,4120.0,Rule Curve,0.0,18173.0,18173.0
1964-04-13,631.35,2351.0,2224.0,Rule Curve,0.0,18380.0,18380.0
1964-04-14,631.58,3260.0,3132.0,Rule Curve,0.0,18434.0,18434.0
1964-04-15,631.81,3255.0,3128.0,Rule Curve,0.0,18494.0,18494.0
1964-04-16,632.03,4297.0,4175.0,Rule Curve,0.0,18218.0,18218.0
1964-04-17,632.26,2490.0,2362.0,Rule Curve,0.0,18455.0,18455.0
1964-04-18,632.49,2577.0,2449.0,Rule Curve,0.0,18502.0,18502.0
1964-04-19,632.72,2423.0,2295.0,Rule Curve,0.0,18573.0,18573.0
1964-04-20,632.95,1134.0,1007.0,Rule Curve,0.0,18617.0,18617.0
1964-04-21,633.16,1844.0,1719.0,Rule Curve,0.0,18646.0,18646.0
1964-04-22,633.37,2502.0,2375.0,Rule Curve,0.0,18677.0,18677.0
1964-04-23,633.58,1910.0,1783.0,Rule Curve,0.0,18624.0,18624.0
1964-04-24,633.79,1394.0,1266.0,Rule Curve,0.0,18673.0,18673.0
1964-04-25,633.99,1804.0,1683.0,Rule Curve,0.0,18713.0,18713.0
1964-04-26,634.22,1485.0,1357.0,Rule Curve,0.0,18824.0,18824.0
1964-04-27,634.45,1748.0,1621.0,Rule Curve,0.0,18586.0,18586.0
1964-04-28,634.68,1550.0,1422.0,Rule Curve,0.0,18725.0,18725.0
1964-04-29,634.9,3557.0,3435.0,Rule Curve,0.0,18672.0,18672.0
1964-04-30,635.12,1776.0,1648.0,Rule Curve,0.0,18624.0,18624.0
1964-05-01,635.33,2857.0,2730.0,Rule Curve,0.0,18630.0,18630.0
1964-05-02,635.54,2015.0,1888.0,Rule Curve,0.0,18619.0,18619.0
1964-05-03,635.75,1524.0,1397.0,Rule Curve,0.0,18641.0,18641.0
1964-05-04,635.96,1952.0,1825.0,Rule Curve,0.0,18677.0,18677.0
1964-05-05,636.16,1582.0,1461.0,Rule Curve,0.0,18681.0,18681.0
1964-05-06,636.37,1898.0,1771.0,Rule Curve,0.0,18669.0,18669.0
1964-05-07,636.58,1628.0,1501.0,Rule Curve,0.0,18706.0,18706.0
1964-05-08,636.79,1865.0,1738.0,Rule Curve,0.0,18740.0,18740.0
1964-05-09,637.0,1661.0,1534.0,Rule Curve,0.0,18741.0,18741.0
1964-05-10,637.0,1732.0,1732.0,Rule Curve,0.0,18854.0,18854.0
1964-05-11,637.0,1639.0,1639.0,Rule Curve,0.0,18740.0,18740.0
1964-05-12,637.0,2037.0,2037.0,Rule Curve,0.0,18740.0,18740.0
1964-05-13,637.0,4431.0,4431.0,Rule Curve,0.0,18622.0,18622.0
1964-05-14,637.0,3711.0,3711.0,Rule Curve,0.0,18636.0,18636.0
1964-05-15,637.0,3228.0,3228.0,Rule Curve,0.0,18706.0,18706.0
1964-05-16,637.0,3644.0,3644.0,Rule Curve,0.0,18792.0,18792.0
1964-05-17,637.0,3986.0,3986.0,Rule Curve,0.0,18736.0,18736.0
1964-05-18,637.0,4210.0,4210.0,Rule Curve,0.0,18738.0,18738.0
1964-05-19,637.0,4443.0,4443.0,Rule Curve,0.0,18756.0,18756.0
1964-05-20,637.0,5121.0,5121.0,Rule Curve,0.0,18746.0,18746.0
1964-05-21,637.0,5571.0,5571.0,Rule Curve,0.0,18611.0,18611.0
1964-05-22,637.0,4493.0,4493.0,Rule Curve,0.0,18642.0,18642.0
1964-05-23,637.0,3465.0,3465.0,Rule Curve,0.0,18732.0,18732.0
1964-05-24,637.0,3224.0,3224.0,Rule Curve,0.0,18756.0,18756.0
1964-05-25,637.0,3022.0,3022.0,Rule Curve,0.0,18764.0,18764.0
1964-05-26,637.0,2934.0,2934.0,Rule Curve,0.0,18796.0,18796.0
1964-05-27,637.0,3163.0,3163.0,Rule Curve,0.0,18838.0,18838.0
1964-05-28,637.0,3514.0,3514.0,Rule Curve,0.0,18800.0,18800.0
1964-05-29,637.0,3362.0,3362.0,Rule Curve,0.0,18832.0,18832.0
1964-05-30,637.0,3757.0,3757.0,Rule Curve,0.0,18891.0,18891.0
1964-05-31,637.0,4362.0,4362.0,Rule Curve,0.0,18893.0,18893.0
1964-06-01,637.0,4881.0,4881.0,Rule Curve,0.0,18762.0,18762.0
1964-06-02,637.0,4049.0,4049.0,Rule Curve,0.0,18811.0,18811.0
1964-06-03,637.0,3434.0,3434.0,Rule Curve,0.0,18857.0,18857.0
1964-06-04,637.0,3658.0,3658.0,Rule Curve,0.0,18943.0,18943.0
1964-06-05,637.0,4216.0,4216.0,Rule Curve,0.0,18864.0,18864.0
1964-06-06,637.0,4267.0,4267.0,Rule Curve,0.0,18806.0,18806.0
1964-06-07,637.0,5545.0,5545.0,Rule Curve,0.0,18681.0,18681.0
1964-06-08,637.0,5145.0,5145.0,Rule Curve,0.0,18422.0,18422.0
1964-06-09,637.0,3741.0,3741.0,Rule Curve,0.0,18640.0,18640.0
1964-06-10,637.0,3587.0,3587.0,Rule Curve,0.0,18655.0,18655.0
1964-06-11,637.0,3072.0,3072.0,Rule Curve,0.0,18648.0,18648.0
1964-06-12,637.0,2818.0,2818.0,Rule Curve,0.0,18723.0,18723.0
1964-06-13,637.0,2682.0,2682.0,Rule Curve,0.0,18750.0,18750.0
1964-06-14,637.0,2637.0,2637.0,Rule Curve,0.0,18782.0,18782.0
1964-06-15,637.0,2454.0,2454.0,Rule Curve,0.0,18797.0,18797.0
1964-06-16,637.0,2305.0,2305.0,Rule Curve,0.0,18777.0,18777.0
1964-06-17,637.0,2601.0,2601.0,Rule Curve,0.0,18867.0,18867.0
1964-06-18,637.0,3145.0,3145.0,Rule Curve,0.0,18727.0,18727.0
1964-06-19,637.0,3018.0,3018.0,Rule Curve,0.0,18657.0,18657.0
1964-06-20,637.0,2538.0,2538.0,Rule Curve,0.0,18731.0,18731.0
1964-06-21,637.0,2242.0,2242.0,Rule Curve,0.0,18774.0,18774.0
1964-06-22,637.0,2072.0,2072.0,Rule Curve,0.0,18821.0,18821.0
1964-06-23,637.0,2059.0,2059.0,Rule Curve,0.0,18855.0,18855.0
1964-06-24,637.0,2042.0,2042.0,Rule Curve,0.0,18850.0,18850.0
1964-06-25,637.0,1880.0,1880.0,Rule Curve,0.0,18862.0,18862.0
1964-06-26,637.0,1768.0,1768.0,Rule Curve,0.0,18874.0,18874.0
1964-06-27,637.0,1537.0,1537.0,Rule Curve,0.0,18867.0,18867.0
1964-06-28,637.0,1364.0,1364.0,Rule Curve,0.0,18876.0,18876.0
1964-06-29,637.0,1303.0,1303.0,Rule Curve,0.0,18889.0,18889.0
1964-06-30,637.0,1307.0,1307.0,Rule Curve,0.0,18898.0,18898.0
1964-07-01,637.0,1198.0,1198.0,Rule Curve,0.0,18911.0,18911.0
1964-07-02,637.0,1141.0,1141.0,Rule Curve,0.0,18894.0,18894.0
1964-07-03,637.0,1110.0,1110.0,Rule Curve,0.0,18898.0,18898.0
1964-07-04,637.0,1104.0,1104.0,Rule Curve,0.0,18903.0,18903.0
1964-07-05,637.0,1109.0,1109.0,Rule Curve,0.0,18898.0,18898.0
1964-07-06,637.0,1106.0,1106.0,Rule Curve,0.0,18906.0,18906.0
1964-07-07,637.0,1109.0,1109.0,Rule Curve,0.0,18919.0,18919.0
1964-07-08,637.0,1107.0,1107.0,Rule Curve,0.0,18932.0,18932.0
1964-07-09,637.0,1107.0,1107.0,Rule Curve,0.0,18912.0,18912.0
1964-07-10,637.0,1106.0,1106.0,Rule Curve,0.0,18934.0,18934.0
1964-07-11,637.0,1109.0,1109.0,Rule Curve,0.0,18947.0,18947.0
1964-07-12,637.0,1107.0,1107.0,Rule Curve,0.0,18966.0,18966.0
1964-07-13,637.0,1108.0,1108.0,Rule Curve,0.0,18957.0,18957.0
1964-07-14,637.0,1108.0,1108.0,Rule Curve,0.0,18974.0,18974.0
1964-07-15,637.0,1115.0,1115.0,Rule Curve,0.0,18967.0,18967.0
1964-07-16,637.0,1097.0,1097.0,Rule Curve,0.0,18877.0,18877.0
1964-07-17,637.0,1115.0,1115.0,Rule Curve,0.0,18928.0,18928.0
1964-07-18,637.0,1101.0,1101.0,Rule Curve,0.0,18939.0,18939.0
1964-07-19,637.0,1113.0,1113.0,Rule Curve,0.0,18950.0,18950.0
1964-07-20,637.0,1103.0,1103.0,Rule Curve,0.0,18940.0,18940.0
1964-07-21,637.0,1112.0,1112.0,Rule Curve,0.0,18945.0,18945.0
1964-07-22,637.0,1104.0,1104.0,Rule Curve,0.0,18937.0,18937.0
1964-07-23,637.0,1110.0,1110.0,Rule Curve,0.0,18931.0,18931.0
1964-07-24,637.0,1105.0,1105.0,Rule Curve,0.0,18941.0,18941.0
1964-07-25,637.0,1110.0,1110.0,Rule Curve,0.0,18933.0,18933.0
1964-07-26,637.0,1106.0,1106.0,Rule Curve,0.0,18938.0,18938.0
1964-07-27,637.0,1109.0,1109.0,Rule Curve,0.0,18935.0,18935.0
1964-07-28,637.0,1106.0,1106.0,Rule Curve,0.0,18945.0,18945.0
1964-07-29,637.0,1109.0,1109.0,Rule Curve,0.0,18946.0,18946.0
1964-07-30,637.0,1107.0,1107.0,Rule Curve,0.0,18948.0,18948.0
1964-07-31,637.0,1110.0,1110.0,Rule Curve,0.0,18942.0,18942.0
1964-08-01,637.0,1070.0,1070.0,Rule Curve,0.0,18952.0,18952.0
1964-08-02,637.0,1066.0,1066.0,Rule Curve,0.0,18910.0,18910.0
1964-08-03,637.0,1065.0,1065.0,Rule Curve,0.0,18923.0,18923.0
1964-08-04,637.0,1068.0,1068.0,Rule Curve,0.0,18942.0,18942.0
1964-08-05,637.0,1066.0,1066.0,Rule Curve,0.0,18945.0,18945.0
1964-08-06,637.0,1067.0,1067.0,Rule Curve,0.0,18944.0,18944.0
1964-08-07,637.0,1066.0,1066.0,Rule Curve,0.0,18954.0,18954.0
1964-08-08,637.0,1067.0,1067.0,Rule Curve,0.0,18962.0,18962.0
1964-08-09,637.0,1066.0,1066.0,Rule Curve,0.0,18966.0,18966.0
1964-08-10,637.0,1067.0,1067.0,Rule Curve,0.0,18969.0,18969.0
1964-08-11,637.0,1067.0,1067.0,Rule Curve,0.0,18973.0,18973.0
1964-08-12,637.0,1067.0,1067.0,Rule Curve,0.0,18975.0,18975.0
1964-08-13,637.0,1067.0,1067.0,Rule Curve,0.0,18975.0,18975.0
1964-08-14,637.0,1067.0,1067.0,Rule Curve,0.0,18972.0,18972.0
1964-08-15,637.0,1067.0,1067.0,Rule Curve,0.0,18976.0,18976.0
1964-08-16,637.0,1067.0,1067.0,Rule Curve,0.0,18985.0,18985.0
1964-08-17,637.0,1067.0,1067.0,Rule Curve,0.0,18989.0,18989.0
1964-08-18,637.0,1067.0,1067.0,Rule Curve,0.0,18991.0,18991.0
1964-08-19,637.0,1067.0,1067.0,Rule Curve,0.0,18994.0,18994.0
1964-08-20,637.0,1066.0,1066.0,Rule Curve,0.0,18988.0,18988.0
1964-08-21,637.0,1067.0,1067.0,Rule Curve,0.0,18985.0,18985.0
1964-08-22,637.0,1067.0,1067.0,Rule Curve,0.0,18986.0,18986.0
1964-08-23,637.0,1067.0,1067.0,Rule Curve,0.0,18987.0,18987.0
1964-08-24,637.0,1067.0,1067.0,Rule Curve,0.0,18984.0,18984.0
1964-08-25,637.0,1067.0,1067.0,Rule Curve,0.0,18989.0,18989.0
1964-08-26,637.0,1068.0,1068.0,Rule Curve,0.0,19002.0,19002.0
1964-08-27,637.0,1066.0,1066.0,Rule Curve,0.0,18969.0,18969.0
1964-08-28,637.0,1069.0,1069.0,Rule Curve,0.0,18979.0,18979.0
1964-08-29,637.0,1066.0,1066.0,Rule Curve,0.0,18950.0,18950.0
1964-08-30,637.0,1067.0,1067.0,Rule Curve,0.0,18953.0,18953.0
1964-08-31,637.0,1067.0,1067.0,Rule Curve,0.0,18978.0,18978.0
1964-09-01,637.0,1633.0,1633.0,Rule Curve,0.0,18965.0,18965.0
1964-09-02,637.0,1696.0,1696.0,Rule Curve,0.0,18970.0,18970.0
1964-09-03,637.0,1639.0,1639.0,Rule Curve,0.0,18964.0,18964.0
1964-09-04,637.0,1690.0,1690.0,Rule Curve,0.0,18978.0,18978.0
1964-09-05,637.0,1644.0,1644.0,Rule Curve,0.0,18981.0,18981.0
1964-09-06,637.0,1686.0,1686.0,Rule Curve,0.0,18979.0,18979.0
1964-09-07,637.0,1648.0,1648.0,Rule Curve,0.0,18980.0,18980.0
1964-09-08,637.0,1682.0,1682.0,Rule Curve,0.0,18978.0,18978.0
1964-09-09,637.0,1651.0,1651.0,Rule Curve,0.0,18978.0,18978.0
1964-09-10,637.0,1679.0,1679.0,Rule Curve,0.0,18983.0,18983.0
1964-09-11,637.0,1654.0,1654.0,Rule Curve,0.0,18987.0,18987.0
1964-09-12,637.0,1677.0,1677.0,Rule Curve,0.0,18982.0,18982.0
1964-09-13,637.0,1656.0,1656.0,Rule Curve,0.0,18984.0,18984.0
1964-09-14,637.0,1675.0,1675.0,Rule Curve,0.0,18987.0,18987.0
1964-09-15,637.0,1658.0,1658.0,Rule Curve,0.0,18988.0,18988.0
1964-09-16,637.0,1673.0,1673.0,Rule Curve,0.0,18990.0,18990.0
1964-09-17,637.0,1665.0,1665.0,Rule Curve,0.0,19053.0,19053.0
1964-09-18,637.0,1665.0,1665.0,Rule Curve,0.0,18878.0,18878.0
1964-09-19,637.0,1664.0,1664.0,Rule Curve,0.0,18956.0,18956.0
1964-09-20,637.0,1671.0,1671.0,Rule Curve,0.0,19006.0,19006.0
1964-09-21,637.0,1661.0,1661.0,Rule Curve,0.0,18950.0,18950.0
1964-09-22,637.0,1669.0,1669.0,Rule Curve,0.0,18964.0,18964.0
1964-09-23,637.0,1663.0,1663.0,Rule Curve,0.0,18982.0,18982.0
1964-09-24,637.0,1669.0,1669.0,Rule Curve,0.0,18984.0,18984.0
1964-09-25,637.0,1663.0,1663.0,Rule Curve,0.0,18992.0,18992.0
1964-09-26,637.0,1668.0,1668.0,Rule Curve,0.0,18998.0,18998.0
1964-09-27,637.0,1664.0,1664.0,Rule Curve,0.0,18996.0,18996.0
1964-09-28,637.0,1668.0,1668.0,Rule Curve,0.0,18993.0,18993.0
1964-09-29,637.0,1664.0,1664.0,Rule Curve,0.0,19002.0,19002.0
1964-09-30,637.0,1668.0,1668.0,Rule Curve,0.0,19013.0,19013.0
1964-10-01,636.55,3172.0,3444.0,Top of Dam,0.0,19049.0,19049.0
1964-10-02,636.1,3210.0,3483.0,Top of Dam,0.0,18948.0,18948.0
1964-10-03,635.65,2818.0,3090.0,Top of Dam,0.0,18986.0,18986.0
1964-10-04,635.2,2656.0,2929.0,Top of Dam,0.0,18986.0,18986.0
1964-10-05,634.73,2322.0,2593.0,Top of Dam,0.0,18996.0,18996.0
1964-10-06,634.24,2192.0,2464.0,Top of Dam,0.0,18994.0,18994.0
1964-10-07,633.77,2007.0,2279.0,Top of Dam,0.0,19000.0,19000.0
1964-10-08,633.32,2042.0,2314.0,Top of Dam,0.0,19004.0,19004.0
1964-10-09,632.86,1931.0,2202.0,Top of Dam,0.0,19000.0,19000.0
1964-10-10,632.37,1944.0,2216.0,Top of Dam,0.0,18997.0,18997.0
1964-10-11,631.88,1840.0,2112.0,Top of Dam,0.0,18995.0,18995.0
1964-10-12,631.39,1841.0,2113.0,Top of Dam,0.0,18994.0,18994.0
1964-10-13,630.9,1749.0,2021.0,Top of Dam,0.0,18999.0,18999.0
1964-10-14,630.41,1750.0,2022.0,Top of Dam,0.0,19008.0,19008.0
1964-10-15,629.92,1691.0,1963.0,Top of Dam,0.0,19014.0,19014.0
1964-10-16,629.43,1713.0,1985.0,Top of Dam,0.0,18988.0,18988.0
1964-10-17,628.94,1633.0,1904.0,Top of Dam,0.0,18996.0,18996.0
1964-10-18,628.45,1610.0,1882.0,Top of Dam,0.0,18991.0,18991.0
1964-10-19,627.96,1542.0,1814.0,Top of Dam,0.0,18985.0,18985.0
1964-10-20,627.47,1521.0,1793.0,Top of Dam,0.0,18992.0,18992.0
1964-10-21,626.98,1462.0,1733.0,Top of Dam,0.0,18995.0,18995.0
1964-10-22,626.44,1440.0,1713.0,Top of Dam,0.0,18994.0,18994.0
1964-10-23,625.91,1387.0,1654.0,Top of Dam,0.0,18994.0,18994.0
1964-10-24,625.42,1364.0,1611.0,Top of Dam,0.0,18997.0,18997.0
1964-10-25,624.92,1317.0,1573.0,Top of Dam,0.0,19003.0,19003.0
1964-10-26,624.38,1295.0,1595.0,Top of Dam,0.0,19000.0,19000.0
1964-10-27,623.84,1254.0,1545.0,Top of Dam,0.0,18998.0,18998.0
1964-10-28,623.3,1234.0,1507.0,Top of Dam,0.0,18996.0,18996.0
1964-10-29,622.77,1207.0,1474.0,Top of Dam,0.0,18995.0,18995.0
1964-10-30,622.23,1232.0,1505.0,Top of Dam,0.0,18991.0,18991.0
1964-10-31,621.69,1170.0,1442.0,Top of Dam,0.0,18994.0,18994.0
1964-11-01,621.15,4713.0,4985.0,Top of Dam,0.0,18988.0,18988.0
1964-11-02,620.57,5144.0,5415.0,Top of Dam,0.0,18995.0,18995.0
1964-11-03,619.97,4850.0,5123.0,Top of Dam,0.0,19032.0,19032.0
1964-11-04,619.43,5063.0,5336.0,Top of Dam,0.0,18995.0,18995.0
1964-11-05,618.88,4850.0,5122.0,Top of Dam,0.0,19030.0,19030.0
1964-11-06,618.28,5031.0,5304.0,Top of Dam,0.0,19016.0,19016.0
1964-11-07,617.71,4805.0,5078.0,Top of Dam,0.0,18984.0,18984.0
1964-11-08,617.17,4989.0,5262.0,Top of Dam,0.0,18969.0,18969.0
1964-11-09,616.59,4827.0,5098.0,Top of Dam,0.0,18984.0,18984.0
1964-11-10,616.0,5123.0,5391.0,Top of Dam,0.0,18682.0,18682.0
1964-11-11,615.4,5122.0,5394.0,Top of Dam,0.0,18512.0,18512.0
1964-11-12,614.8,5378.0,5651.0,Top of Dam,0.0,18696.0,18696.0
1964-11-13,614.2,5067.0,5339.0,Top of Dam,0.0,19006.0,19006.0
1964-11-14,613.6,5108.0,5380.0,Top of Dam,0.0,18932.0,18932.0
1964-11-15,613.0,4936.0,5208.0,Top of Dam,0.0,18885.0,18885.0
1964-11-16,613.0,5026.0,5026.0,Rule Curve,0.0,18866.0,18866.0
1964-11-17,613.0,4909.0,4909.0,Rule Curve,0.0,18873.0,18873.0
1964-11-18,613.0,5004.0,5004.0,Rule Curve,0.0,18900.0,18900.0
1964-11-19,613.0,2565.0,2565.0,Rule Curve,0.0,18244.0,18894.0
1964-11-20,613.0,1132.0,1132.0,Rule Curve,0.0,16811.0,18905.0
1964-11-21,613.0,654.0,654.0,Rule Curve,0.0,16333.0,18825.0
1964-11-22,613.0,767.0,767.0,Rule Curve,0.0,16447.0,18637.0
1964-11-23,613.0,1855.0,1855.0,Rule Curve,0.0,17534.0,18714.0
1964-11-24,613.02,11817.0,11808.0,Rule Curve,0.0,19560.0,19560.0
1964-11-25,613.09,12657.0,12626.0,Top of Dam,0.0,16432.0,16432.0
1964-11-26,613.0,7822.0,7862.0,Top of Dam,0.0,18672.0,18672.0
1964-11-27,613.0,6323.0,6323.0,Rule Curve,0.0,18092.0,18092.0
1964-11-28,613.0,6377.0,6377.0,Rule Curve,0.0,18022.0,18022.0
1964-11-29,613.0,9824.0,9824.0,Rule Curve,0.0,17545.0,17545.0
1964-11-30,613.2,12096.0,12005.0,Rule Curve,0.0,18291.0,18291.0
1964-12-01,613.2,16106.0,16107.0,Top of Dam,0.0,17389.0,17389.0
1964-12-02,613.0,15649.0,15739.0,Top of Dam,0.0,17409.0,17409.0
1964-12-03,613.0,11587.0,11587.0,Rule Curve,0.0,18095.0,18095.0
1964-12-04,613.0,7768.0,7768.0,Rule Curve,0.0,18178.0,18178.0
1964-12-05,613.0,6452.0,6452.0,Rule Curve,0.0,18252.0,18252.0
1964-12-06,613.0,6134.0,6134.0,Rule Curve,0.0,18317.0,18317.0
1964-12-07,613.0,5848.0,5848.0,Rule Curve,0.0,18498.0,18498.0
1964-12-08,613.0,6428.0,6428.0,Rule Curve,0.0,18541.0,18541.0
1964-12-09,613.0,6557.0,6557.0,Rule Curve,0.0,18314.0,18314.0
1964-12-10,613.0,10722.0,10722.0,Rule Curve,0.0,17857.0,17857.0
1964-12-11,613.0,9979.0,9979.0,Rule Curve,0.0,17069.0,17069.0
1964-12-12,613.0,6940.0,6940.0,Rule Curve,0.0,18079.0,18079.0
1964-12-13,613.0,6353.0,6353.0,Rule Curve,0.0,18274.0,18274.0
1964-12-14,613.0,7272.0,7272.0,Rule Curve,0.0,18899.0,18899.0
1964-12-15,613.0,7974.0,7974.0,Rule Curve,0.0,17239.0,17239.0
1964-12-16,613.0,6722.0,6722.0,Rule Curve,0.0,18245.0,18245.0
1964-12-17,613.0,4740.0,4740.0,Rule Curve,0.0,18314.0,18314.0
1964-12-18,613.0,3400.0,3400.0,Rule Curve,0.0,18412.0,18412.0
1964-12-19,613.0,3214.0,3214.0,Rule Curve,0.0,18326.0,18326.0
1964-12-20,613.0,3112.0,3112.0,Rule Curve,0.0,17699.0,17699.0
1964-12-21,613.0,10098.0,10098.0,Rule Curve,0.0,17167.0,17167.0
1964-12-22,641.0,27464.0,12490.0,Rule Curve,0.0,12490.0,12490.0
1964-12-23,641.0,19284.0,19284.0,Top of Dam,0.0,19284.0,19284.0
1964-12-24,641.0,17856.0,17856.0,Top of Dam,0.0,17856.0,17856.0
1964-12-25,633.72,13274.0,17680.0,Top of Dam,0.0,17680.0,17680.0
1964-12-26,628.85,13242.0,15974.0,Top of Dam,0.0,15974.0,15974.0
1964-12-27,620.82,12583.0,16767.0,Top of Dam,0.0,16767.0,16767.0
1964-12-28,613.0,11291.0,14942.0,Top of Dam,0.0,17159.0,17159.0
1964-12-29,613.0,12823.0,12823.0,Rule Curve,0.0,17153.0,17153.0
1964-12-30,613.0,12921.0,12921.0,Rule Curve,0.0,17377.0,17377.0
1964-12-31,613.0,12165.0,12165.0,Rule Curve,0.0,17680.0,17680.0
1965-01-01,613.0,10945.0,10945.0,Rule Curve,0.0,17919.0,17919.0
1965-01-02,613.0,9811.0,9811.0,Rule Curve,0.0,17576.0,17576.0
1965-01-03,613.0,6262.0,6262.0,Rule Curve,0.0,17280.0,17280.0
1965-01-04,613.0,5771.0,5771.0,Rule Curve,0.0,17752.0,17752.0
1965-01-05,613.0,6173.0,6173.0,Rule Curve,0.0,17776.0,17776.0
1965-01-06,613.0,6209.0,6209.0,Rule Curve,0.0,17130.0,17130.0
1965-01-07,613.0,6134.0,6134.0,Rule Curve,0.0,17589.0,17589.0
1965-01-08,613.0,5723.0,5723.0,Rule Curve,0.0,17930.0,17930.0
1965-01-09,613.0,5359.0,5359.0,Rule Curve,0.0,18006.0,18006.0
1965-01-10,613.0,6105.0,6105.0,Rule Curve,0.0,17337.0,17337.0
1965-01-11,613.0,6901.0,6901.0,Rule Curve,0.0,16006.0,16006.0
1965-01-12,613.0,5638.0,5638.0,Rule Curve,0.0,17326.0,17326.0
1965-01-13,613.0,5288.0,5288.0,Rule Curve,0.0,17559.0,17559.0
1965-01-14,613.0,5058.0,5058.0,Rule Curve,0.0,17715.0,17715.0
1965-01-15,613.0,5582.0,5582.0,Rule Curve,0.0,17609.0,17609.0
1965-01-16,613.0,5648.0,5648.0,Rule Curve,0.0,17571.0,17571.0
1965-01-17,613.0,5610.0,5610.0,Rule Curve,0.0,17736.0,17736.0
1965-01-18,613.0,5424.0,5424.0,Rule Curve,0.0,17915.0,17915.0
1965-01-19,613.0,5499.0,5499.0,Rule Curve,0.0,17863.0,17863.0
1965-01-20,613.0,5306.0,5306.0,Rule Curve,0.0,17908.0,17908.0
1965-01-21,613.0,5239.0,5239.0,Rule Curve,0.0,17893.0,17893.0
1965-01-22,613.0,4858.0,4858.0,Rule Curve,0.0,17996.0,17996.0
1965-01-23,613.0,6255.0,6255.0,Rule Curve,0.0,18311.0,18311.0
1965-01-24,613.0,7586.0,7586.0,Rule Curve,0.0,16161.0,16161.0
1965-01-25,613.0,6952.0,6952.0,Rule Curve,0.0,17521.0,17521.0
1965-01-26,613.0,6467.0,6467.0,Rule Curve,0.0,17530.0,17530.0
1965-01-27,613.0,10748.0,10748.0,Rule Curve,0.0,18898.0,18898.0
1965-01-28,639.75,23164.0,8996.0,Rule Curve,0.0,8996.0,8996.0
1965-01-29,641.0,18841.0,18035.0,Top of Dam,0.0,18035.0,18035.0
1965-01-30,632.94,13922.0,18793.0,Top of Dam,0.0,18793.0,18793.0
1965-01-31,621.36,13513.0,19701.0,Top of Dam,0.0,19701.0,19701.0
1965-02-01,613.28,12146.0,15934.0,Top of Dam,0.0,18693.0,18693.0
1965-02-02,613.56,13174.0,13047.0,Rule Curve,0.0,17885.0,17885.0
1965-02-03,613.84,14179.0,14052.0,Rule Curve,0.0,17768.0,17768.0
1965-02-04,614.11,12511.0,12389.0,Rule Curve,0.0,17901.0,17901.0
1965-02-05,614.39,13021.0,12894.0,Rule Curve,0.0,18070.0,18070.0
1965-02-06,614.67,11621.0,11494.0,Rule Curve,0.0,18127.0,18127.0
1965-02-07,614.95,11046.0,10919.0,Rule Curve,0.0,18323.0,18323.0
1965-02-08,615.23,6841.0,6714.0,Rule Curve,0.0,18326.0,18326.0
1965-02-09,615.51,5303.0,5176.0,Rule Curve,0.0,18319.0,18319.0
1965-02-10,615.78,2938.0,2815.0,Rule Curve,0.0,18510.0,18510.0
1965-02-11,616.06,2495.0,2368.0,Rule Curve,0.0,18555.0,18555.0
1965-02-12,616.34,1379.0,1252.0,Rule Curve,0.0,18447.0,18628.0
1965-02-13,616.62,1613.0,1486.0,Rule Curve,0.0,18536.0,18536.0
1965-02-14,616.9,1393.0,1266.0,Rule Curve,0.0,18087.0,18087.0
1965-02-15,617.16,1257.0,1131.0,Rule Curve,0.0,18319.0,18319.0
1965-02-16,617.41,1067.0,941.0,Rule Curve,0.0,18230.0,18230.0
1965-02-17,617.66,1109.0,983.0,Rule Curve,0.0,18334.0,18334.0
1965-02-18,617.91,2997.0,2871.0,Rule Curve,0.0,18389.0,18389.0
1965-02-19,618.18,1573.0,1446.0,Rule Curve,0.0,18410.0,18410.0
1965-02-20,618.46,1014.0,887.0,Rule Curve,0.0,18426.0,18426.0
1965-02-21,618.73,1020.0,897.0,Rule Curve,0.0,18520.0,18520.0
1965-02-22,619.01,1069.0,941.0,Rule Curve,0.0,18415.0,18415.0
1965-02-23,619.26,1043.0,917.0,Rule Curve,0.0,18468.0,18468.0
1965-02-24,619.51,990.0,864.0,Rule Curve,0.0,18566.0,18566.0
1965-02-25,619.76,969.0,843.0,Rule Curve,0.0,18617.0,18617.0
1965-02-26,620.01,930.0,804.0,Rule Curve,0.0,18634.0,18634.0
1965-02-27,620.29,1423.0,1296.0,Rule Curve,0.0,18255.0,18255.0
1965-02-28,620.57,1351.0,1224.0,Rule Curve,0.0,18189.0,18189.0
1965-03-01,620.85,1207.0,1080.0,Rule Curve,0.0,18390.0,18390.0
1965-03-02,621.12,1100.0,971.0,Rule Curve,0.0,18432.0,18432.0
1965-03-03,621.37,1003.0,877.0,Rule Curve,0.0,18533.0,18533.0
1965-03-04,621.62,930.0,804.0,Rule Curve,0.0,18601.0,18601.0
1965-03-05,621.87,906.0,780.0,Rule Curve,0.0,18649.0,18649.0
1965-03-06,622.12,912.0,786.0,Rule Curve,0.0,18692.0,18692.0
1965-03-07,622.37,915.0,789.0,Rule Curve,0.0,18726.0,18726.0
1965-03-08,622.62,918.0,792.0,Rule Curve,0.0,18766.0,18766.0
1965-03-09,622.87,919.0,793.0,Rule Curve,0.0,18775.0,18775.0
1965-03-10,623.12,921.0,795.0,Rule Curve,0.0,18793.0,18793.0
1965-03-11,623.37,925.0,799.0,Rule Curve,0.0,18805.0,18805.0
1965-03-12,623.62,920.0,794.0,Rule Curve,0.0,18830.0,18830.0
1965-03-13,623.87,910.0,784.0,Rule Curve,0.0,18823.0,18823.0
1965-03-14,624.12,916.0,784.0,Rule Curve,0.0,18830.0,18830.0
1965-03-15,624.37,929.0,790.0,Rule Curve,0.0,18832.0,18832.0
1965-03-16,624.62,1555.0,1417.0,Rule Curve,0.0,18840.0,18840.0
1965-03-17,624.87,1711.0,1572.0,Rule Curve,0.0,18843.0,18843.0
1965-03-18,625.11,1562.0,1435.0,Rule Curve,0.0,18857.0,18857.0
1965-03-19,625.34,1672.0,1556.0,Rule Curve,0.0,18856.0,18856.0
1965-03-20,625.57,1565.0,1449.0,Rule Curve,0.0,18864.0,18864.0
1965-03-21,625.8,1660.0,1545.0,Rule Curve,0.0,18867.0,18867.0
1965-03-22,626.03,1576.0,1460.0,Rule Curve,0.0,18863.0,18863.0
1965-03-23,626.28,1661.0,1534.0,Rule Curve,0.0,18863.0,18863.0
1965-03-24,626.53,1594.0,1468.0,Rule Curve,0.0,18857.0,18857.0
1965-03-25,626.78,1654.0,1528.0,Rule Curve,0.0,18859.0,18859.0
1965-03-26,627.02,1609.0,1487.0,Rule Curve,0.0,18871.0,18871.0
1965-03-27,627.25,1650.0,1523.0,Rule Curve,0.0,18499.0,18499.0
1965-03-28,627.48,1596.0,1468.0,Rule Curve,0.0,18785.0,18785.0
1965-03-29,627.71,1652.0,1524.0,Rule Curve,0.0,18800.0,18800.0
1965-03-30,627.94,1606.0,1478.0,Rule Curve,0.0,18796.0,18796.0
1965-03-31,628.16,1644.0,1522.0,Rule Curve,0.0,18860.0,18860.0
1965-04-01,628.39,1620.0,1493.0,Rule Curve,0.0,18909.0,18909.0
1965-04-02,628.62,1634.0,1506.0,Rule Curve,0.0,18597.0,18597.0
1965-04-03,628.85,1617.0,1490.0,Rule Curve,0.0,18729.0,18729.0
1965-04-04,629.07,1629.0,1507.0,Rule Curve,0.0,18774.0,18774.0
1965-04-05,629.3,1619.0,1492.0,Rule Curve,0.0,18775.0,18775.0
1965-04-06,629.53,1633.0,1505.0,Rule Curve,0.0,18774.0,18774.0
1965-04-07,629.76,1621.0,1494.0,Rule Curve,0.0,18793.0,18793.0
1965-04-08,629.99,1632.0,1504.0,Rule Curve,0.0,18789.0,18789.0
1965-04-09,630.21,1619.0,1497.0,Rule Curve,0.0,18809.0,18809.0
1965-04-10,630.44,1628.0,1500.0,Rule Curve,0.0,18783.0,18783.0
1965-04-11,630.67,1625.0,1498.0,Rule Curve,0.0,18812.0,18812.0
1965-04-12,630.9,1628.0,1501.0,Rule Curve,0.0,18823.0,18823.0
1965-04-13,631.12,1622.0,1500.0,Rule Curve,0.0,18851.0,18851.0
1965-04-14,631.35,1627.0,1499.0,Rule Curve,0.0,18840.0,18840.0
1965-04-15,631.58,1630.0,1502.0,Rule Curve,0.0,18878.0,18878.0
1965-04-16,631.81,1632.0,1505.0,Rule Curve,0.0,18910.0,18910.0
1965-04-17,632.03,1616.0,1494.0,Rule Curve,0.0,18802.0,18802.0
1965-04-18,632.26,1638.0,1510.0,Rule Curve,0.0,18931.0,18931.0
1965-04-19,632.49,2861.0,2733.0,Rule Curve,0.0,18725.0,18725.0
1965-04-20,632.72,2279.0,2151.0,Rule Curve,0.0,18081.0,18081.0
1965-04-21,632.95,2423.0,2295.0,Rule Curve,0.0,17936.0,17936.0
1965-04-22,633.16,1851.0,1726.0,Rule Curve,0.0,17904.0,17904.0
1965-04-23,633.37,1538.0,1411.0,Rule Curve,0.0,18157.0,18157.0
1965-04-24,633.58,1592.0,1464.0,Rule Curve,0.0,18261.0,18261.0
1965-04-25,633.79,1612.0,1485.0,Rule Curve,0.0,18353.0,18353.0
1965-04-26,633.99,1623.0,1502.0,Rule Curve,0.0,18478.0,18478.0
1965-04-27,634.22,1622.0,1494.0,Rule Curve,0.0,18553.0,18553.0
1965-04-28,634.45,1629.0,1502.0,Rule Curve,0.0,18595.0,18595.0
1965-04-29,634.68,1618.0,1491.0,Rule Curve,0.0,18635.0,18635.0
1965-04-30,634.9,1626.0,1504.0,Rule Curve,0.0,18724.0,18724.0
1965-05-01,635.12,1740.0,1612.0,Rule Curve,0.0,18735.0,18735.0
1965-05-02,635.33,1766.0,1639.0,Rule Curve,0.0,18685.0,18685.0
1965-05-03,635.54,1742.0,1615.0,Rule Curve,0.0,18745.0,18745.0
1965-05-04,635.75,1768.0,1641.0,Rule Curve,0.0,18791.0,18791.0
1965-05-05,635.96,1746.0,1619.0,Rule Curve,0.0,18651.0,18651.0
1965-05-06,636.16,1757.0,1636.0,Rule Curve,0.0,18524.0,18524.0
1965-05-07,636.37,1749.0,1622.0,Rule Curve,0.0,18592.0,18592.0
1965-05-08,636.58,1761.0,1634.0,Rule Curve,0.0,18609.0,18609.0
1965-05-09,636.79,1749.0,1622.0,Rule Curve,0.0,18638.0,18638.0
1965-05-10,637.0,1760.0,1633.0,Rule Curve,0.0,18657.0,18657.0
1965-05-11,637.0,1631.0,1631.0,Rule Curve,0.0,18667.0,18667.0
1965-05-12,637.0,1625.0,1625.0,Rule Curve,0.0,18718.0,18718.0
1965-05-13,637.0,1629.0,1629.0,Rule Curve,0.0,18716.0,18716.0
1965-05-14,637.0,1624.0,1624.0,Rule Curve,0.0,18730.0,18730.0
1965-05-15,637.0,1629.0,1629.0,Rule Curve,0.0,18743.0,18743.0
1965-05-16,637.0,1261.0,1261.0,Rule Curve,0.0,18786.0,18786.0
1965-05-17,637.0,1195.0,1195.0,Rule Curve,0.0,18691.0,18691.0
1965-05-18,637.0,1250.0,1250.0,Rule Curve,0.0,18749.0,18749.0
1965-05-19,637.0,1217.0,1217.0,Rule Curve,0.0,18867.0,18867.0
1965-05-20,637.0,1268.0,1268.0,Rule Curve,0.0,18653.0,18653.0
1965-05-21,637.0,1181.0,1181.0,Rule Curve,0.0,18670.0,18670.0
1965-05-22,637.0,1249.0,1249.0,Rule Curve,0.0,18771.0,18771.0
1965-05-23,637.0,1214.0,1214.0,Rule Curve,0.0,18761.0,18761.0
1965-05-24,637.0,1252.0,1252.0,Rule Curve,0.0,18684.0,18684.0
1965-05-25,637.0,1201.0,1201.0,Rule Curve,0.0,18687.0,18687.0
1965-05-26,637.0,1242.0,1242.0,Rule Curve,0.0,18764.0,18764.0
1965-05-27,637.0,1214.0,1214.0,Rule Curve,0.0,18748.0,18748.0
1965-05-28,637.0,1238.0,1238.0,Rule Curve,0.0,18771.0,18771.0
1965-05-29,637.0,1217.0,1217.0,Rule Curve,0.0,18786.0,18786.0
1965-05-30,637.0,1234.0,1234.0,Rule Curve,0.0,18811.0,18811.0
1965-05-31,637.0,1219.0,1219.0,Rule Curve,0.0,18823.0,18823.0
