category,module,numJythonFiles,exampleFile
java,hec.client,2,NWDJyLib/ResSim/ResSimController.py
java,hec.clientapp.client,2,NWDJyLib/ResSim/ResSimController.py
java,hec.dssgui,1,NWDJyLib/DSS/cDSS.py
java,hec.heclib.dss,2,NWDJyLib/DSS/cDSS.py
java,hec.heclib.util,18,NWDJyLib/CanadianOps/cNatLakeARDB.py
java,hec.hecmath,7,NWDJyLib/CanadianOps/cNatLakeARDB.py
java,hec.io,6,NWDJyLib/CanadianOps/cNatLakeARDB.py
java,hec.lang,4,NWDJyLib/DSS/cDSS.py
java,hec.model,13,NWDJyLib/CanadianOps/cNatLakeARDB.py
java,hec.rss.model,16,NWDJyLib/CanadianOps/cNatLakeARDB.py
java,hec.rss.script,1,NWDJyLib/ResSim/ResSimController.py
java,hec.script,19,NWDJyLib/CanadianOps/cNatLakeARDB.py
java,java.lang,4,NWDJyLib/CanadianOps/cNatLakeARDB.py
java,java.util,1,NWDJyLib/cTimes.py
java,org.python.core.PyTuple,1,NWDJyLib/cLoadModules.py
local,NWDJyLib,9,NWDJyLib/DSS/cDSS.py
local,NWDJyLib.DSS,4,NWDJyLib/DSS/cDSS.py
local,NWDJyLib.FixedData,1,NWDJyLib/FixedData/NameAlias.py
local,NWDJyLib.FixedData.NameAlias,1,externalSVs/baseExternalSV.py
local,NWDJyLib.ResSim,5,NWDJyLib/ResSim/cResSim.py
local,NWDJyLib.ResSim.cResSim,5,externalRules/FIRO_SPACE.py
local,NWDJyLib.Utils.SimplePy,2,externalRules/ElevInterpDummyRule_Template.py
local,NWDJyLib.cFile,8,externalRules/DeepDrawdown.py
local,NWDJyLib.cTimes,8,externalRules/ElevInterpDummyRule_Template.py
local,NWDJyLib.myPackage,1,NWDJyLib/__init__.py
local,externalSVs,1,Willamette/ScriptedRules/Hills Creek/[DUMMY] Initialize ControllerExternalSV.py
local,externalSVs.baseExternalSV,2,externalSVs/ControllerExternalSV.py
stdlib,array,1,NWDJyLib/CanadianOps/cNatLakeARDB.py
stdlib,bisect,4,NWDJyLib/DSS/cTsUtils.py
stdlib,calendar,2,externalSVs/ControllerExternalSV.py
stdlib,copy,1,NWDJyLib/cRouting.py
stdlib,csv,1,NWDJyLib/cFile.py
stdlib,datetime,2,NWDJyLib/Utils/SimplePy.py
stdlib,fnmatch,2,NWDJyLib/cLoadModules.py
stdlib,glob,2,NWDJyLib/cLoadModules.py
stdlib,imp,1,NWDJyLib/cLoadModules.py
stdlib,io,1,NWDJyLib/cFile.py
stdlib,json,2,NWDJyLib/rLogging.py
stdlib,logging,6,NWDJyLib/DSS/cDSS.py
stdlib,logging.config,1,NWDJyLib/rLogging.py
stdlib,math,3,NWDJyLib/DSS/cTsUtils.py
stdlib,os,11,NWDJyLib/FixedData/NameAlias.py
stdlib,re,1,externalSVs/ControllerExternalSV.py
stdlib,shutil,1,NWDJyLib/cFile.py
stdlib,string,1,externalSVs/baseExternalSV.py
stdlib,sys,6,NWDJyLib/CanadianOps/cNatLakeARDB.py
stdlib,time,1,externalSVs/ControllerExternalSV.py
stdlib,types,1,Willamette/ScriptedRules/Hills Creek/[DUMMY] IMPORT MODULES.py
unknown,ExternalSV.myPackage,1,externalSVs/__init__.py
unknown,PctFull,1,Willamette/StateVars/PctFull_LOP_Init.py
unknown,foo,1,NWDJyLib/__init__.py
