# In the Columbia Basin every agency and group has a slightly different naming convention,,,,,,,,,,,,,,,,,,
# This file is THE definitive source to lookup naming conventions,,,,,,,,,,,,,,,,,,
# This is intended to be the master list that can be retrieved by scripts to convert between naming conventions if necessary,,,,,,,,,,,,,,,,,,
# The first column is used to keep the file in order from upstream to downstream,,,,,,,,,,,,,,,,,,
#The # character can be used to denote a comment line,,,,,,,,,,,,,,,,,,
"#You can add additional columns with no problem or rearrange the columns, but don't rename them",,,,,,,,,,,,,,,,,,
"# Feel free to open this file in excel and apply the ""filter"" feature to sort through this list",,,,,,,,,,,,,,,,,,
OrderID,Modified_Flow_Code,CBT_Code,CBT_Name,CBT_Code_Lake,ResSim_Name,NWRFC_Code,USGS_Code,USGS_Name,,ResvOrderID,Modified Flow Code,CBT Code,CBT_Name,CBT_Code_Lake,ResSim_Name,NWRFC_Code,USGS_Code,USGS_Name
1,,ILLB,Illecillewaet R @ Greeley,,,,,,,1,MCD,MCDB,Mica Dam,,Mica,MCDQ2,,
2,,NAKB,Arrow Res @ Nakusp,,,,,,,2,RVC,REVB,Revelstoke Dam,,Revelstoke,REVQ2,,
3,,FQRB,Arrow Res nr Fauquier,,,,,,,3,ARD,ARDB,Arrow Dam,FQRB,Arrow Lakes,ARDQ2,,
4,,FSTB,Kootenay River at Fort Steele,,,,,,,4,LIB,LIB,Libby Dam Near Libby,,Libby,LYDM8,,
5,LIB,LIB,Libby Dam Near Libby,,Libby,KBDM8,12301933,Kootenai River bl Libby Dam nr Libby MT            ,,5,DCD,DCDB,Duncan Dam,,Duncan,DCDQ2,,
6,,FISM,Fisher River Near Libby 11E,,Kootenai+Fisher,FISM8,12302055,Fisher River near Libby MT                         ,,6,COR,CORB,Kootenay R @ Cora Linn,QBYB,Corra Linn,QBYQ2,,
7,,TRYM,Yaak River Near Troy 8NW,,Kootenai+Yaak,TRYM8,12304500,Yaak River near Troy MT                            ,,7,UBN,UBN,,,Upper Bonnington,,,
8,,LEOI,Kootenai River At Leonia,,,LEOI1,12305000,Kootenai River at Leonia ID                        ,,8,LBN,LBN,,,Lower Bonnington,,,
9,,KRMI,Kootenai R Blw Moyie Riv,,Kootenai+Moyie,KRMI1,12308000,Kootenai River Bel Moyie River nr Bonners Ferry ID ,,9,SLO,SLO,,,Slocan,,,
10,BFE,BFEI,Kootenai River At Bonners Ferry,,Bonners Ferry,BFEI1,12309500,Kootenai River at Bonners Ferry ID                ,,10,BRI,BRDB,Kootenay R @ Brilliant,,Brilliant,BRDQ2,,
13,,DBLB,Duncan R blw Lardeau R,,,,,,,11,HGH,HGH,Hungry Horse Dam nr Hungry Horse,,Hungry Horse,HHWM8,12362000,Hungry Horse Reservoir nr Hungry Horse MT
14,,SSLB,Kootenay R @ Nelson,,,,,,,12,KER,KERM,SKQ Dam,KERM,SKQ,KERM8,12371550,Flathead Lake at Polson MT
15,,SLCB,Slocan R nr Crescent Valley,,,SLCQ2,,,,13,TOM,TOM,Thompson Falls Dam,,Thompson Falls,,,
16,MUC,BIRB,Columbia R @ Birchbank,,Birchbank,BIRQ2,,,,14,NOX,NOX,Noxon Dam,,Noxon Rapids,NOXM8,,
17,HGH,HGH,Hungry Horse Dam nr Hungry Horse,,Hungry Horse,SFCM8,12362500,S F Flathead River nr Columbia Falls MT         ,,15,CAB,CAB,Cabinet Gorge Dam,,Cabinet Gorge,CABI1,,
18,,WGCM,Middle Frk Flathd R nr W Glacier,,,WGCM8,12358500,M F Flathead River near West Glacier MT         ,,16,PSL,PSL,,,Priest Lake,,,
19,,FCFM,N Frk Flathd R nr Columbia Falls,,,FCFM8,12355500,N F Flathead River nr Columbia Falls MT         ,,17,ALF,ALF,Albeni Falls Dam,HOPI,Albeni Falls,ALFW1,,
20,CFM,CFMM,Flathead River At Columbia Falls,,Columbia Falls,CFMM8,12363000,Flathead River at Columbia Falls MT             ,,18,BOX,BOX,Box Canyon Dam,,Box Canyon,,,
21,,SRLM,Stillwater R @ Lawrence Park,,,SRLM8,12365700,Stillwater River at Lawrence Park at Kalispell,,19,BDY,BDY,Boundary Dam,,Boundary,,,
22,,WFRM,Whitefish R @ mouth @ Kalispell,,,WFRM8,12366080,Whitefish River nr mouth at Kalispell MT,,20,SEV,SEVB,Seven Mi Dam,,Seven Mile,,,
23,,FRBM,,,,,12369000,Flathead River near Bigfork MT,,21,WAT,WANB,Waneta Dam on Pend Oreille R,,Waneta,WANQ2,,
24,,SWRM,Swan R nr Bigfork 5SE,,,SWRM8,12370000,Swan River near Bigfork MT                     ,,22,COE,COEI,Cour D'Alene Lk @ Coeur D'Alene,COEI,Post Falls,COEI1,12415500,COEUR D ALENE LAKE AT COEUR D ALENE ID              
25,KER,KERM,SKQ Dam,,SKQ,FPOM8,12372000,Flathead River near Polson MT                   ,,23,UPF,UPF,,,Upper Falls,,,
26,,PERM,Flathead R @ Perma near Dixon,,,PERM8,12388700,Flathead River at Perma MT ,,24,MON,MON,,,Monroe Street,,,
27,,SRGM,Clark Fork R near Saint Regis,,Clark Fork+Flathead,SRGM8,12354500,Clark Fork at St. Regis MT                          ,,25,NIN,NIN,,,Nine Mile,,,
28,,PLNM,Clark Fork River Near Plains 2SE,,Clark Fork_at Plains,PLNM8,12389000,Clark Fork near Plains MT                           ,,26,LLK,LLK,Long Lake Dam,,Long Lake,LLKW1,,
29,,THRM,Thompson R nr Thompson Falls Mt,,Clark Fork+Thompson,THRM8,12389500,Thompson River near Thompson Falls MT,,27,LFL,LFL,,,Little Falls,,,
30,,CFLI,Lightning Cr @ Clark Fk,,Clark Fork+Lightning Ck,LTCI1,12392155,Lightning Creek at Clark Fork ID,,28,GCL,GCL,Grand Coulee Dam,,Grand Coulee,GCDW1,,
31,,PSLI,Priest River nr Coolin,,,,12394000,Priest River nr Coolin ID                          ,,29,CHJ,CHJ,Chief Joseph Dam,,Chief Joseph,CHJW1,,
32,,PRTI,Priest River Near Priest 3N,,Pend Oreille+Priest,PRTI1,12395000,Priest River nr Priest River ID                     ,,30,WEL,WEL,Wells Dam,,Wells,WELW1,,
33,ALF,ALF,Albeni Falls Dam,,Albeni Falls,,12395500,Pend Oreille River at Newport WA                    ,,31,CHL,CHL,Chelan Dam,,Chelan,CHDW1,,
34,BOX,BOX,Box Canyon Dam,,Box Canyon,,12396500,Pend Oreille River below Box Canyon near Ione WA    ,,32,RRH,RRH,Rocky Reach Dam,,Rocky Reach,RRHW1,,
35,,CIBW,Columbia River at Int'l Boundary,,,CIBW1,12399500,Columbia River at International Boundary            ,,33,RIS,RIS,Rock Island Dam,,Rock Island,RISW1,,
36,,LAUW,Kettle River Near Laurier 1sE,,Columbia+Kettle,LAUW1,12404500,Kettle River near Laurier WA                       ,,34,WAN,WAN,Wanapum Dam,,Wanapum,WANW1,,
37,PFL,COEI,Cour D'Alene Lk @ Coeur D'Alene,,Post Falls,PTFI1,12419000,Spokane River nr Post Falls ID                      ,,35,PRD,PRD,Priest Rapids Dam,,Priest Rapids,PRWW1,,
38,,SPOW,Spokane River At Spokane,,,SPOW1,12422500,Spokane River at Spokane WA,,36,,KEE,Keechelus Dam & Lk on Yakima R,,Keechelus,KEDW1,,
39,,HAGW,Hangman Creek At Spokane,,,HAGW1,12424000,Hangman Creek at Spokane WA,,37,,KAC,Lake Kachess - KAC,,Kachess,KADW1,,
40,,LSDW,Little Spokane R @ Dartfort,,,LSDW1,12431000,Little Spokane River at Dartford WA,,38,,CLE,Cle Elum Dam & Lk on Cle Elum,,Cle Elum,CLUW1,,
41,,KTFW,Colville River At Kettle Falls,,,KTFW1,12409000,Colville River at Kettle Falls WA,,39,,BUM,Bumping Dam & Lk on Bumping R,,Bumping Lake,BUDW1,,
42,FDR,BNK,Banks Lake nr Grand Coulee,,Banks Lake,BNKW1,,,,40,,RIM,Tieton Dam & Rimrock Lk,,Tieton,RILW1,,
43,,OKMW,Okanogan River At Malott,,Columbia+Okanogan,OKMW1,12447200,Okanogan River at Malott WA                         ,,41,,JCK,Snake R On Jackson Lk @ Dam,,Jackson Lake,JLKW4,,
44,,PATW,Methow River Near Pateros 4NW,,Columbia+Methow,PATW1,12449950,Methow River near Pateros WA                        ,,42,,PAL,Palisades Dam near Irwin,,Palisades,PLDI1,,
45,,STHW,Stehekin River Near Stehekin 2NW,,,STHW1,12451000,Stehekin River at Stehekin WA,,43,,AMF,American Falls Res nr Am Fls,,American Falls,AFRI1,,
46,,ARDW,Entiat R nr Ardenvoir 6NW,,,ARDW1,12452800,Entiat River nr Ardenvoir WA,,44,,OWY,Lk Owhee&Owyhee R nr Adrian,,Owyhee,OWYO3,,
47,,PESW,Wenatchee R near Peshastin 1NNW,,,PESW1,12459000,Wenatchee River at Peshastin WA,,45,,AND,Anderson Ranch Dam nr Mtn Home,,Anderson Ranch,ARAI1,,
48,,MONW,Wenatchee River Near Monitor 1N,,Columbia+Wenatchee,MONW1,12462500,Wenatchee River at Monitor WA                       ,,46,,ARK,Arrowrock Dam,,Arrowrock,ARKI1,,
49,PRD,PRD,Priest Rapids Dam,,Priest Rapids,PRDW1,12472800,Columbia River Below Priest Rapids Dam WA           ,,47,,LUC,Lucky Peak Dam,,Lucky Peak,LUCI1,,
50,,UMTW,Yakima River At Umtanum,,Yakima_at Umtanum,UMTW1,12484500,YAKIMA RIVER AT UMTANUM WA                          ,,48,,DED,Deadwood Res near Lowman,,Deadwood,DEDI1,,
51,,PARW,Yakima R near Parker,,Yakima+Naches,,12500450,YAKIMA RIVER ABOVE AHTANUM CREEK AT UNION GAP WA   ,,49,,CSC,Cascade Dam WS near Cascade 1NW,,Cascade,CSDI1,,
52,YAK,KIOW,Yakima River At Kiona,,Yakima_Modified,KIOW1,12510500,Yakima River at Kiona WA                            ,,50,BRN,BRN,Brownlee,,Brownlee,BRNI1,,
53,,JCK,Snake R On Jackson Lk @ Dam,,Jackson Lake,JLKW4,13011000,SNAKE RIVER NR MORAN WY                            ,,51,OXB,OXB,,,Oxbow,,,
54,,BFKY,Buffalo Fk Abv Lava Cr nr Moran,,Buffalo_HW,BFKW4,13011900,BUFFALO FORK AB LAVA CREEK NR MORAN WY             ,,52,HCD,HCD,Hells Canyon Dam,,Hells Canyon,HCDI1,,
55,,,,,Moose,MSEW4,13013650,SNAKE RIVER AT MOOSE WY                           ,,53,DWR,DWR,Dworshak Dam,,Dworshak,DWRI1,,
56,,GROY,Gros Ventre R @ Zenith,,Gros Ventre_HW,GVZW4,13015000,GROS VENTRE RIVER AT ZENITH WY                     ,,54,LWG,LWG,Lower Granite Dam,,Lower Granite,LGDW1,,
57,,JKSY,Snake R Blw Flat Cr nr Jcksn,,Snake DS Flat_Ck,JKSW4,13018750,SNAKE RIVER BL FLAT CREEK NR JACKSON WY            ,,55,LGS,LGS,Little Goose Dam,,Little Goose,LGSW1,,
58,,,,,Hoback_HW,,13019500,HOBACK RIVER NR JACKSON WY                        ,,56,LMN,LMN,Lower Monumental Dam,,Lower Monumental,LMNW1,,
59,,GREY,Greys Abv Palisades Res nr Alpin,,Greys_HW,GREW4,13023000,GREYS RIVER AB RESERVOIR NR ALPINE WY              ,,57,IHR,IHR,Ice Harbor Dam,,Ice Harbor,IHDW1,,
60,,SALY,Salt R Abv Palisades Re nr Etna,,Salt_HW,SALW4,13027500,SALT RIVER AB RESERVOIR NR ETNA WY                 ,,58,MCN,MCN,McNary Dam,,McNary,MCDW1,,
61,,PAL,Palisades Dam near Irwin,,Palisades,PALI1,13032500,SNAKE RIVER NR IRWIN ID                            ,,59,JDA,JDA,John Day Dam,,John Day,JDAO3,,
63,,HEII,Snake R nr Heise nr Blackfoot,,Heise,HEII1,13037500,SNAKE RIVER NR HEISE ID                            ,,60,ROU,ROU,,,Round Butte,,,
64,,LORI,Snake R near Lorenzo 1N,,Lorenzo,LORI1,13038500,SNAKE RIVER AT LORENZO ID                          ,,61,PEL,PEL,,,Pelton,,,
65,,REXI,Henry's Fork near Rexburg 6W,,Rexburg Gage,REXI1,13056500,HENRYS FORK NR REXBURG ID                          ,,62,RER,RER,,,Pelton ReReg,,,
66,,SHYI,Snake R near Shelley 3N,,Shelley,SHYI1,13060000,SNAKE RIVER NR SHELLEY ID                          ,,63,TDA,TDA,The Dalles Dam & Lake Celilo,,The Dalles,TDAO3,,
67,,BLFI,Blackfoot Riv Nr Blackfoot-ID,,Blackfoot_HW,BLFI1,13068500,BLACKFOOT RIVER NR BLACKFOOT ID                    ,,64,BON,BON,Bonneville Dam & Lake,,Bonneville,BONO3,,
69,,MINI,Snake R nr Minidoka nr Rupert,,Minidoka,MINI1,13081500,SNAKE R NR MINIDOKA ID (AT HOWELLS FERRY)          ,,65,HCR,HCR,Hills Creek Dam,,Hills Creek,HCRO3,,
70,,MILI,Snake R near Milner 12W,,Milner,MILI1,13087995,SNAKE RIVER GAGING STATION AT MILNER ID            ,,66,LOP,LOP,Lookout Point Dam,,Lookout Point,LOPO3,,
72,,STFI,Snake R near Twin Falls,,Kimberly,STFI1,13090500,SNAKE RIVER NR TWIN FALLS ID                       ,,67,DEX,DEX,Dexter Dam,,Dexter,,,
73,,MLDI,Malad R near Gooding,,Gooding_HW,MLDI1,13152500,MALAD RIVER NR GOODING ID                          ,,68,FAL,FAL,Fall Creek Dam,,Fall Creek,FALO3,,
74,,SKHI,Snake R @ King Hill,,King Hill,SKHI1,13154500,SNAKE RIVER AT KING HILL ID                        ,,69,DOR,DOR,Dorena Dam,,Dorena,DORO3,,
75,,SWAI,Snake R near Murphy 8NE,,Murphy,SWAI1,13172500,SNAKE RIVER NR MURPHY ID,,70,COT,COT,Cottage Grove Dam,,Cottage Grove,COTO3,,
76,,OWY,Lk Owhee&Owyhee R nr Adrian,,Owyhee,OWYO3,13183000,OWYHEE RIVER BELOW OWYHEE DAM OR                  ,,71,CGR,CGR,Cougar Dam,,Cougar,CGRO3,,
78,,ANDI,S Fk Boise R@Andersn Rnch Dm,,Anderson Ranch,ANDI1,13190500,SF BOISE RIVER AT ANDERSON RANCH DAM ID            ,,72,BLU,BLU,Blue River Dam,,Blue River,BLUO3,,
79,,SFNI,Sf Boise R@Neal Brg Nr Arrowrock,,Arrowrock_IN_SF,SFNI1,13192200,SF BOISE RIVER AT NEAL BRIDGE NR ARROWROCK DAM ID  ,,73,FRN,FRN,Fern Ridge Dam,,Fern Ridge,FRNO3,,
80,,BTSI,Boise R near Twin Springs,,Arrowrock_IN_MF,BTSI1,13185000,BOISE RIVER NR TWIN SPRINGS ID                     ,,74,GPR,GPR,Green Peter Reservoir,,Green Peter,GPRO3,,
81,,MORI,Mores Cr Abv Robie Cr nr Boise,,Mores_HW,MORI1,13200000,MORES CREEK AB ROBIE CREEK NR ARROWROCK DAM ID     ,,75,FOS,FOS,Foster Reservoir,,Foster,FOSO3,,
84,,BIGI,Boise R@Glenwd Brdg nr Boise,,Glenwood Bridge,BIGI1,13206000,BOISE RIVER AT GLENWOOD BRIDGE NR BOISE ID         ,,76,DET,DET,Detroit Dam,,Detroit,DETO3,,
85,,PARI,Boise R near Parma 2W,,DD_Boise nr Parma,PARI1,13213000,BOISE RIVER NR PARMA ID                            ,,77,BCL,BCL,Big Cliff Dam,,Big Cliff,,,
86,,SNYI,Snake R@Nyssa nr Payette,,Nyssa,SNYI1,13213100,SNAKE RIVER AT NYSSA OR                            ,,78,,SCO,Scoggins Dam,,Scoggins,SCDO3,,
87,,DEDI,Deadwood R Blw Deadwd Res,,Deadwood,DRBI1,13236500,DEADWOOD RIVER BL DEADWOOD RES NR LOWMAN ID        ,,79,MOS,MOS,MOS,,Mossyrock,MSRW1,,
88,,PRLI,South Fork Payette R nr Lowman,,Payette SF_HW,PRLI1,13235000,SOUTH FORK PAYETTE RIVER AT LOWMAN ID             ,,80,MAY,MAY,MAY,,Mayfield,MYDW1,,
89,,MFPI,Middle Fk Payette R nr Crouch,,Payette MF_HW,MFPI1,13237920,MIDDLE FORK PAYETTE RIVER NR CROUCH ID             ,,,,,,,,,,
91,,HRSI,Payette R near Horseshoe Bend,,Horseshoe Bend,HRSI1,13247500,PAYETTE RIVER NR HORSESHOE BEND ID                 ,,,,,,,,,,
92,,PRPI,Payette R near Payette,,Payette,PRPI1,13251000,PAYETTE RIVER NR PAYETTE ID                        ,,,,,,,,,,
93,,WSRI,Weiser R near Weiser,,Weiser_HW,WSRI1,13266000,WEISER RIVER NR WEISER ID                          ,,,,,,,,,,
96,,IMNO,Imnaha R @ Imnaha,,,IMNO3,13292000,IMNAHA RIVER AT IMNAHA,,,,,,,,,,
97,WHB,WHBI,Salmon R @ White Bird,,Snake+Salmon,WHBI1,13317000,SALMON RIVER AT WHITE BIRD ID                      ,,,,,,,,,,
98,,CHGI,Snake R@Mcduff Rapids,,Snake_RM178.27,SNMI1,13317660,SNAKE RIVER BL MCDUFF RAPIDS AT CHINA GARDENS ID  ,,,,,,,,,,
99,,TRYO,Grande Ronde R @ Troy,,Snake+Grande Ronde,TRYO3,13333000,GRANDE RONDE RIVER AT TROY OR                     ,,,,,,,,,,
100,ANA,ANAW,Snake R Near Anatone,,Snake+Grande Ronde,ANAW1,13334300,SNAKE RIVER NEAR ANATONE WA                       ,,,,,,,,,,
102,ORO,ORFI,Clearwater R @ Orofino,,Orofino,ORFI1,13340000,CLEARWATER RIVER AT OROFINO ID                     ,,,,,,,,,,
103,,PRII,Potlatch R Blw Ltl Potlatch Cr,,Clearwater+Potlach,PRII1,13341570,POTLATCH RIVER BEL LITTLE POTLATCH CR NR SPALDING  ,,,,,,,,,,
104,SPD,SPDI,Clearwater R near Spalding,,Spalding,SPDI1,13342500,CLEARWATER RIVER AT SPALDING ID                    ,,,,,,,,,,
105,,HOPW,Palouse R near Hooper,,,HOPW1,13351000,Palouse River at Hooper WA,,,,,,,,,,
106,,TCHW,Walla Walla R near Touchet,,,TCHW1,14018500,Walla Walla River near Touchet WA,,,,,,,,,,
107,,UMAO,Umatilla River near Umatilla,,Columbia+Umatilla,UMAO3,14033500,Umatilla River near Umatilla OR                    ,,,,,,,,,,
108,,SERO,Serive Creek,,,SERO3,14046500,John Day River at Service Creek OR,,,,,,,,,,
109,,WIMO,Morgan Street,,Columbia nr Willow Ck,WILO3,14034608,Willow Creek at Morgan Street at Heppner OR        ,,,,,,,,,,
110,,PERO,Deschutes River,,,PERO3,14092500,"Deschutes River near Madras, OR",,,,,,,,,,
111,,MODO,Deschutes River at Moody,,Columbia+Deschutes,MODO3,14103000,Deschutes River at Moody near Biggs OR            ,,,,,,,,,,
112,TDA,TDA,The Dalles Dam & Lake Celilo,,The Dalles,TDAO3,14105700,Columbia River at The Dalles OR                    ,,,,,,,,,,
113,,PITW,Klickitat River near Pitt,,Columbia+Klickitat,PITW1,14113000,Klickitat River near Pitt WA                       ,,,,,,,,,,
114,,MSRO,Mosier Crk Nr Mosier,,Columbia+Mosier Ck,MSRO3,14113200,Mosier Creek Near Mosier OR                     ,,,,,,,,,,
115,,HODO,Hood River at Tucker Bridge,,Columbia+Hood+Salmon,HODO3,14120000,Hood River at Tucker Bridge near Hood River OR    ,,,,,,,,,,
116,,HOCO,Columbia R @ Hood R OR,,Columbia+Hood+Salmon,,14113290,Columbia River at Hood River OR                    ,,,,,,,,,,
117,,UNDW,White Salmon River,,Columbia+Hood+Salmon,UNDW1,14123500,White Salmon River near Underwood WA               ,,,,,,,,,,
140,SLM,SLMO,Salem,,Willamette_at Salem,SLMO3,14191000,Willamette River at Salem OR,,,,,,,,,,
144,,AURO,Pudding River at Aurora,,Wilamette+Molalla,AURO3,14202000,PUDDING RIVER AT AURORA OR ,,,,,,,,,,
149,SVN,ORC,Willamette River above Falls,,Willamette_abv Falls at Oregon City,ORCO3,14207770,Willamette River below Falls at Oregon City OR    ,,,,,,,,,,
150,,ESTO,Clackamas River at Estacada,,,ESTO3,14210000,Clackamas River at Estacada OR                     ,,,,,,,,,,
151,,OCYO,Clackamas River,,Clackamas_nr Oregon City,COCO3,14211010,Clackamas River near Oregon City OR                ,,,,,,,,,,
152,,TYCO,Tryon Cr ab Nettle Cr nr Lk Oswe,,,,14211315,Tryon Creek near Lake Oswego OR                ,,,,,,,,,,
153,,SYCO,Johnson Creek,,,SYCO3,14211500,Johnson Creek at Sycamore OR                       ,,,,,,,,,,
154,,PRTO,Portland,,Willamette_at Portland,PRTO3,14211720,Willamette River at Portland OR                ,,,,,,,,,,
155,,SNDO,Sandy R blw Bull Run nr Bull Run,,Columbia+Sandy,SNDO3,14142500,Sandy River blw Bull Run River nr Bull Run OR     ,,,,,,,,,,
156,,HSSW,East Fork Lewis River,,,HSSW1,14222500,East Fork Lewis River near Heisson WA              ,,,,,,,,,,
157,MER,MERW,Lewis River at Ariel,,Merwin,MERW1,14220500,Lewis River at Ariel WA                            ,,,,,,,,,,
158,MAY,MAY,MAY,,Mayfield,MAYW1,14238000,Cowlitz River below Mayfield Dam WA                ,,,,,,,,,,
159,,CASW,Cowlitz River at Castle Rock,,Cowlitz_at Castle Rock,CASW1,14243000,Cowlitz River at Castle Rock WA                    ,,,,,,,,,,
160,,NEWW,Newaukum River Near Chehalis,,,NEWW1,12025000,Newaukum River near Chehalis WA                ,,,,,,,,,,
161,,DOTW,Chehalis River Near Doty 1W,,,DOTW1,12020000,Chehalis River near Doty WA                    ,,,,,,,,,,
