DATE,DET,GPR,FOS,CGR,BLU,FAL,HCR,LOP,DOR,FRN,COT
01Jan2025  0800,1450.0,922.0,613.00,1532.0,1180.0,728.00,1448.0,825.00,770.50,353.00,750.00
02Jan2025  0800,1450.0,922.0,613.00,1532.0,1180.0,728.00,1448.0,825.00,770.50,353.00,750.00
03Jan2025  0800,1450.0,922.0,613.00,1532.0,1180.0,728.00,1448.0,825.00,770.50,353.00,750.00
04Jan2025  0800,1450.0,922.0,613.00,1532.0,1180.0,728.00,1448.0,825.00,770.50,353.00,750.00
05Jan2025  0800,1450.0,922.0,613.00,1532.0,1180.0,728.00,1448.0,825.00,770.50,353.00,750.00
06Jan2025  0800,1450.0,922.0,613.00,1532.0,1180.0,728.00,1448.0,825.00,770.50,353.00,750.00
07Jan2025  0800,1450.0,922.0,613.00,1532.0,1180.0,728.00,1448.0,825.00,770.50,353.00,750.00
08Jan2025  0800,1450.0,922.0,613.00,1532.0,1180.0,728.00,1448.0,825.00,770.50,353.00,750.00
09Jan2025  0800,1450.0,922.0,613.00,1532.0,1180.0,728.00,1448.0,825.00,770.50,353.00,750.00
10Jan2025  0800,1450.0,922.0,613.00,1532.0,1180.0,728.00,1448.0,825.00,770.50,353.00,750.00
11Jan2025  0800,1450.0,922.0,613.00,1532.0,1180.0,728.00,1448.0,825.00,770.50,353.00,750.00
12Jan2025  0800,1450.0,922.0,613.00,1532.0,1180.0,728.00,1448.0,825.00,770.50,353.00,750.00
13Jan2025  0800,1450.0,922.0,613.00,1532.0,1180.0,728.00,1448.0,825.00,770.50,353.00,750.00
14Jan2025  0800,1450.0,922.0,613.00,1532.0,1180.0,728.00,1448.0,825.00,770.50,353.00,750.00
15Jan2025  0800,1450.0,922.0,613.00,1532.0,1180.0,728.00,1448.0,825.00,770.50,353.00,750.00
16Jan2025  0800,1450.0,922.0,613.00,1532.0,1180.0,728.00,1448.0,825.00,770.50,353.00,750.00
17Jan2025  0800,1450.0,922.0,613.00,1532.0,1180.0,728.00,1448.0,825.00,770.50,353.00,750.00
18Jan2025  0800,1450.0,922.0,613.00,1532.0,1180.0,728.00,1448.0,825.00,770.50,353.00,750.00
19Jan2025  0800,1450.0,922.0,613.00,1532.0,1180.0,728.00,1448.0,825.00,770.50,353.00,750.00
20Jan2025  0800,1450.0,922.0,613.00,1532.0,1180.0,728.00,1448.0,825.00,770.50,353.00,750.00
21Jan2025  0800,1450.0,922.0,613.00,1532.0,1180.0,728.00,1448.0,825.00,770.50,353.00,750.00
22Jan2025  0800,1450.0,922.0,613.00,1532.0,1180.0,728.00,1448.0,825.00,770.50,353.00,750.00
23Jan2025  0800,1450.0,922.0,613.00,1532.0,1180.0,728.00,1448.0,825.00,770.50,353.00,750.00
24Jan2025  0800,1450.0,922.0,613.00,1532.0,1180.0,728.00,1448.0,825.00,770.50,353.00,750.00
25Jan2025  0800,1450.0,922.0,613.00,1532.0,1180.0,728.00,1448.0,825.00,770.50,353.00,750.00
26Jan2025  0800,1450.0,922.0,613.00,1532.0,1180.0,728.00,1448.0,825.00,770.50,353.00,750.00
27Jan2025  0800,1450.0,922.0,613.00,1532.0,1180.0,728.00,1448.0,825.00,770.50,353.00,750.00
28Jan2025  0800,1450.0,922.0,613.00,1532.0,1180.0,728.00,1448.0,825.00,770.50,353.00,750.00
29Jan2025  0800,1450.0,922.0,613.00,1532.0,1180.0,728.00,1448.0,825.00,770.50,353.00,750.00
30Jan2025  0800,1450.0,922.0,613.00,1532.0,1180.0,728.00,1448.0,825.00,770.50,353.00,750.00
31Jan2025  0800,1450.0,922.0,613.00,1532.0,1180.0,728.00,1448.0,825.00,770.50,353.00,750.00
01Feb2025  0800,1450.0,922.0,613.00,1532.0,1180.0,728.00,1448.0,825.00,770.50,353.00,750.00
02Feb2025  0800,1452.8,924.1,613.28,1536.3,1188.9,731.41,1450.1,827.50,770.50,354.15,750.89
03Feb2025  0800,1455.5,926.1,613.56,1540.5,1195.9,734.59,1452.1,829.91,771.60,355.07,751.73
04Feb2025  0800,1458.2,928.1,613.84,1544.5,1202.8,737.58,1454.3,832.26,772.81,355.85,752.53
05Feb2025  0800,1460.8,930.0,614.11,1548.3,1209.3,740.41,1456.4,834.56,773.84,356.54,753.30
06Feb2025  0800,1463.4,931.9,614.39,1552.1,1215.1,743.14,1458.4,836.81,775.01,357.16,754.03
07Feb2025  0800,1465.9,933.8,614.67,1555.9,1220.4,745.77,1460.5,839.02,776.02,357.74,754.73
08Feb2025  0800,1468.3,935.6,614.95,1559.5,1225.4,748.31,1462.6,841.19,777.02,358.27,755.40
09Feb2025  0800,1470.8,937.4,615.23,1563.0,1230.0,750.76,1464.7,843.31,778.02,358.76,756.06
10Feb2025  0800,1473.1,939.2,615.51,1566.4,1234.6,753.12,1466.8,845.39,779.02,359.22,756.69
11Feb2025  0800,1475.5,941.0,615.78,1569.8,1238.9,755.42,1468.9,847.43,780.02,359.66,757.29
12Feb2025  0800,1477.8,942.7,616.06,1573.1,1242.9,757.64,1470.9,849.45,780.88,360.08,757.88
13Feb2025  0800,1480.1,944.4,616.34,1576.4,1246.8,759.79,1473.1,851.42,781.87,360.48,758.45
14Feb2025  0800,1482.3,946.1,616.62,1579.5,1250.5,761.88,1475.1,853.37,782.75,360.86,759.01
15Feb2025  0800,1484.5,947.8,616.90,1582.6,1254.1,763.91,1477.2,855.28,783.61,361.23,759.54
16Feb2025  0800,1486.7,949.5,617.16,1585.7,1257.4,765.88,1479.3,857.16,784.47,361.59,760.07
17Feb2025  0800,1488.8,951.1,617.41,1588.7,1260.7,767.80,1481.2,859.00,785.33,361.93,760.59
18Feb2025  0800,1490.9,952.7,617.66,1591.7,1263.7,769.67,1483.0,860.81,786.19,362.27,761.09
19Feb2025  0800,1493.0,954.3,617.91,1594.5,1266.7,771.51,1484.7,862.60,787.04,362.59,761.59
20Feb2025  0800,1495.1,955.9,618.18,1597.4,1269.4,773.30,1486.5,864.36,787.90,362.90,762.08
21Feb2025  0800,1497.1,957.5,618.46,1600.2,1272.1,775.04,1488.3,866.10,788.67,363.20,762.56
22Feb2025  0800,1499.1,959.0,618.73,1603.0,1274.7,776.75,1490.1,867.82,789.42,363.49,763.04
23Feb2025  0800,1501.1,960.5,619.01,1605.7,1277.1,778.41,1491.8,869.52,790.17,363.78,763.50
24Feb2025  0800,1503.0,962.0,619.26,1608.4,1279.6,780.04,1493.6,871.20,790.93,364.05,763.97
25Feb2025  0800,1505.0,963.5,619.51,1611.1,1281.8,781.63,1495.4,872.85,791.68,364.32,764.42
26Feb2025  0800,1506.9,965.0,619.76,1613.7,1284.2,783.18,1497.2,874.49,792.43,364.58,764.87
27Feb2025  0800,1508.8,966.5,620.01,1616.3,1286.3,784.70,1499.0,876.11,793.16,364.83,765.31
28Feb2025  0800,1510.6,968.0,620.29,1618.8,1288.5,786.19,1500.7,877.70,793.83,365.07,765.75
01Mar2025  0800,1512.5,969.4,620.57,1621.4,1290.5,787.64,1502.3,879.28,794.50,365.32,766.18
02Mar2025  0800,1513.4,970.1,620.85,1622.5,1291.7,788.41,1502.8,880.03,795.17,365.55,766.60
03Mar2025  0800,1514.3,970.7,621.12,1623.6,1292.7,789.17,1503.4,880.78,795.84,365.78,767.03
04Mar2025  0800,1515.2,971.3,621.37,1624.8,1293.8,789.92,1503.9,881.52,796.51,366.01,767.44
05Mar2025  0800,1516.1,972.0,621.62,1625.8,1294.9,790.67,1504.5,882.26,797.17,366.23,767.85
06Mar2025  0800,1517.0,972.6,621.87,1626.9,1295.8,791.41,1505.0,883.00,797.84,366.45,768.25
07Mar2025  0800,1517.9,973.2,622.12,1628.1,1296.8,792.14,1505.6,883.72,798.46,366.66,768.65
08Mar2025  0800,1518.8,973.9,622.37,1629.1,1297.9,792.87,1506.1,884.45,799.06,366.87,769.05
09Mar2025  0800,1519.7,974.5,622.62,1630.2,1299.0,793.59,1506.7,885.17,799.66,367.08,769.44
10Mar2025  0800,1520.5,975.1,622.87,1631.3,1299.9,794.30,1507.2,885.89,800.27,367.28,769.83
11Mar2025  0800,1521.4,975.7,623.12,1632.4,1301.0,795.01,1507.7,886.60,800.87,367.48,770.21
12Mar2025  0800,1522.3,976.4,623.37,1633.4,1301.9,795.71,1508.3,887.32,801.47,367.68,770.59
13Mar2025  0800,1523.1,977.0,623.62,1634.5,1302.8,796.41,1508.8,888.03,802.07,367.87,770.97
14Mar2025  0800,1524.0,977.6,623.87,1635.5,1303.8,797.10,1509.4,888.73,802.61,368.06,771.33
15Mar2025  0800,1524.8,978.2,624.12,1636.6,1304.8,797.78,1509.9,889.44,803.18,368.25,771.70
16Mar2025  0800,1525.7,978.8,624.37,1637.7,1305.7,798.46,1510.5,890.14,803.78,368.44,772.06
17Mar2025  0800,1526.5,979.4,624.62,1638.7,1306.8,799.13,1511.0,890.84,804.35,368.62,772.42
18Mar2025  0800,1527.4,980.1,624.87,1639.7,1307.6,799.80,1511.6,891.54,804.89,368.79,772.77
19Mar2025  0800,1528.2,980.7,625.11,1640.8,1308.4,800.46,1512.1,892.24,805.44,368.97,773.12
20Mar2025  0800,1529.0,981.3,625.34,1641.8,1309.4,801.12,1512.7,892.93,805.99,369.15,773.46
21Mar2025  0800,1529.9,981.9,625.57,1642.8,1310.3,801.77,1513.2,893.62,806.53,369.32,773.81
22Mar2025  0800,1530.7,982.5,625.80,1643.8,1311.2,802.41,1513.8,894.31,807.07,369.50,774.14
23Mar2025  0800,1531.5,983.1,626.03,1644.8,1312.1,803.06,1514.3,894.99,807.58,369.67,774.48
24Mar2025  0800,1532.3,983.7,626.28,1645.9,1313.0,803.69,1514.8,895.68,808.08,369.84,774.81
25Mar2025  0800,1533.1,984.3,626.53,1646.8,1313.8,804.33,1515.4,896.36,808.63,370.01,775.14
26Mar2025  0800,1533.9,984.9,626.78,1647.8,1314.7,804.95,1515.9,897.04,809.16,370.18,775.46
27Mar2025  0800,1534.7,985.5,627.02,1648.8,1315.6,805.58,1516.5,897.71,809.67,370.35,775.79
28Mar2025  0800,1535.5,986.1,627.25,1649.9,1316.5,806.20,1517.1,898.38,810.17,370.51,776.11
29Mar2025  0800,1536.3,986.7,627.48,1650.8,1317.3,806.81,1517.6,899.06,810.67,370.68,776.42
30Mar2025  0800,1537.1,987.2,627.71,1651.8,1318.2,807.42,1518.1,899.72,811.17,370.84,776.74
31Mar2025  0800,1537.9,987.8,627.94,1652.8,1319.0,808.02,1518.7,900.39,811.67,371.01,777.05
01Apr2025  0800,1538.7,988.4,628.16,1653.8,1319.9,808.63,1519.2,901.05,812.16,371.17,777.36
02Apr2025  0800,1539.4,989.0,628.39,1654.7,1320.7,809.22,1519.7,901.72,812.62,371.33,777.67
03Apr2025  0800,1540.2,989.6,628.62,1655.7,1321.5,809.81,1520.2,902.37,813.09,371.49,777.98
04Apr2025  0800,1541.0,990.2,628.85,1656.7,1322.3,810.40,1520.7,903.03,813.59,371.65,778.28
05Apr2025  0800,1541.7,990.8,629.07,1657.6,1323.2,810.98,1521.2,903.68,814.09,371.81,778.58
06Apr2025  0800,1542.5,991.3,629.30,1658.6,1324.1,811.56,1521.7,904.34,814.55,371.97,778.88
07Apr2025  0800,1543.3,991.9,629.53,1659.5,1324.9,812.14,1522.2,904.99,815.01,372.13,779.17
08Apr2025  0800,1544.0,992.5,629.76,1660.5,1325.7,812.71,1522.7,905.63,815.48,372.28,779.47
09Apr2025  0800,1544.8,993.0,629.99,1661.4,1326.5,813.27,1523.2,906.28,815.94,372.44,779.76
10Apr2025  0800,1545.5,993.6,630.21,1662.3,1327.3,813.84,1523.7,906.92,816.37,372.59,780.05
11Apr2025  0800,1546.2,994.2,630.44,1663.3,1328.1,814.40,1524.2,907.56,816.80,372.75,780.34
12Apr2025  0800,1547.0,994.8,630.67,1664.2,1328.8,814.96,1524.9,908.20,817.23,372.90,780.63
13Apr2025  0800,1547.7,995.3,630.90,1665.1,1329.6,815.51,1525.3,908.84,817.66,373.05,780.91
14Apr2025  0800,1548.4,995.9,631.12,1666.1,1330.4,816.06,1525.7,909.48,818.09,373.20,781.20
15Apr2025  0800,1549.2,996.4,631.35,1667.0,1331.2,816.61,1526.2,910.11,818.52,373.35,781.48
16Apr2025  0800,1549.9,997.0,631.58,1667.9,1332.0,817.15,1526.7,910.74,818.95,373.50,781.76
17Apr2025  0800,1550.6,997.6,631.81,1668.9,1332.7,817.70,1527.2,911.37,819.38,373.50,782.04
18Apr2025  0800,1551.3,998.1,632.03,1669.8,1333.4,818.24,1527.7,912.00,819.81,373.50,782.31
19Apr2025  0800,1552.0,998.7,632.26,1670.7,1334.2,818.77,1528.2,912.63,820.24,373.50,782.59
20Apr2025  0800,1552.7,999.2,632.49,1671.6,1334.9,819.31,1528.6,913.25,820.67,373.50,782.86
21Apr2025  0800,1553.4,999.8,632.72,1672.5,1335.7,819.84,1529.1,913.88,821.10,373.50,783.14
22Apr2025  0800,1554.1,1000.3,632.95,1673.4,1336.5,820.37,1529.6,914.50,821.50,373.50,783.41
23Apr2025  0800,1554.8,1000.9,633.16,1674.3,1337.2,820.90,1530.1,915.12,821.90,373.50,783.68
24Apr2025  0800,1555.5,1001.4,633.37,1675.2,1337.9,821.42,1530.6,915.74,822.30,373.50,783.95
25Apr2025  0800,1556.2,1002.0,633.58,1676.1,1338.7,821.94,1531.1,916.35,822.70,373.50,784.21
26Apr2025  0800,1556.9,1002.5,633.79,1677.0,1339.4,822.46,1531.6,916.97,823.10,373.50,784.48
27Apr2025  0800,1557.5,1003.1,633.99,1677.9,1340.0,822.98,1532.1,917.58,823.47,373.50,784.74
28Apr2025  0800,1558.2,1003.6,634.22,1678.7,1340.8,823.49,1532.6,918.19,823.85,373.50,785.00
29Apr2025  0800,1558.9,1004.2,634.45,1679.7,1341.6,824.01,1533.1,918.80,824.22,373.50,785.26
30Apr2025  0800,1559.5,1004.7,634.68,1680.5,1342.3,824.52,1533.6,919.41,824.60,373.50,785.52
01May2025  0800,1560.2,1005.2,634.90,1681.4,1343.0,825.03,1534.1,920.02,824.98,373.50,785.78
02May2025  0800,1560.9,1005.8,635.12,1682.3,1343.7,825.53,1534.6,920.63,825.35,373.50,786.04
03May2025  0800,1561.5,1006.3,635.33,1683.2,1344.4,826.04,1535.1,921.23,825.73,373.50,786.30
04May2025  0800,1562.2,1006.8,635.54,1684.0,1345.1,826.54,1535.6,921.83,826.11,373.50,786.55
05May2025  0800,1562.8,1007.4,635.75,1684.9,1345.8,827.04,1536.1,922.43,826.48,373.50,786.81
06May2025  0800,1563.5,1007.9,635.96,1685.7,1346.5,827.54,1536.5,923.03,826.86,373.50,787.06
07May2025  0800,1563.5,1008.4,636.16,1686.6,1347.2,828.03,1537.0,923.63,827.22,373.50,787.31
08May2025  0800,1563.5,1009.0,636.37,1687.4,1347.9,828.53,1537.5,924.22,827.57,373.50,787.56
09May2025  0800,1563.5,1009.5,636.58,1688.3,1348.6,829.02,1538.0,924.82,827.93,373.50,787.81
10May2025  0800,1563.5,1010.0,636.79,1689.1,1349.3,829.51,1538.5,925.41,828.28,373.50,788.06
11May2025  0800,1563.5,1010.0,637.00,1690.0,1350.0,830.00,1539.0,926.00,828.64,373.50,788.30
12May2025  0800,1563.5,1010.0,637.00,1690.0,1350.0,830.00,1539.5,926.00,828.99,373.50,788.55
13May2025  0800,1563.5,1010.0,637.00,1690.0,1350.0,830.00,1540.0,926.00,829.33,373.50,788.79
14May2025  0800,1563.5,1010.0,637.00,1690.0,1350.0,830.00,1540.5,926.00,829.66,373.50,789.04
15May2025  0800,1563.5,1010.0,637.00,1690.0,1350.0,830.00,1541.0,926.00,829.99,373.50,789.28
16May2025  0800,1563.5,1010.0,637.00,1690.0,1350.0,830.00,1541.0,926.00,830.33,373.50,789.52
17May2025  0800,1563.5,1010.0,637.00,1690.0,1350.0,830.00,1541.0,926.00,830.66,373.50,789.76
18May2025  0800,1563.5,1010.0,637.00,1690.0,1350.0,830.00,1541.0,926.00,831.00,373.50,790.00
19May2025  0800,1563.5,1010.0,637.00,1690.0,1350.0,830.00,1541.0,926.00,831.33,373.50,790.00
20May2025  0800,1563.5,1010.0,637.00,1690.0,1350.0,830.00,1541.0,926.00,831.67,373.50,790.00
21May2025  0800,1563.5,1010.0,637.00,1690.0,1350.0,830.00,1541.0,926.00,832.00,373.50,790.00
22May2025  0800,1563.5,1010.0,637.00,1690.0,1350.0,830.00,1541.0,926.00,832.00,373.50,790.00
23May2025  0800,1563.5,1010.0,637.00,1690.0,1350.0,830.00,1541.0,926.00,832.00,373.50,790.00
24May2025  0800,1563.5,1010.0,637.00,1690.0,1350.0,830.00,1541.0,926.00,832.00,373.50,790.00
25May2025  0800,1563.5,1010.0,637.00,1690.0,1350.0,830.00,1541.0,926.00,832.00,373.50,790.00
26May2025  0800,1563.5,1010.0,637.00,1690.0,1350.0,830.00,1541.0,926.00,832.00,373.50,790.00
27May2025  0800,1563.5,1010.0,637.00,1690.0,1350.0,830.00,1541.0,926.00,832.00,373.50,790.00
28May2025  0800,1563.5,1010.0,637.00,1690.0,1350.0,830.00,1541.0,926.00,832.00,373.50,790.00
29May2025  0800,1563.5,1010.0,637.00,1690.0,1350.0,830.00,1541.0,926.00,832.00,373.50,790.00
30May2025  0800,1563.5,1010.0,637.00,1690.0,1350.0,830.00,1541.0,926.00,832.00,373.50,790.00
31May2025  0800,1563.5,1010.0,637.00,1690.0,1350.0,830.00,1541.0,926.00,832.00,373.50,790.00
01Jun2025  0800,1563.5,1010.0,637.00,1690.0,1350.0,830.00,1541.0,926.00,832.00,373.50,790.00
02Jun2025  0800,1563.5,1010.0,637.00,1690.0,1350.0,830.00,1541.0,926.00,832.00,373.50,790.00
03Jun2025  0800,1563.5,1010.0,637.00,1690.0,1350.0,830.00,1541.0,926.00,832.00,373.50,790.00
04Jun2025  0800,1563.5,1010.0,637.00,1690.0,1350.0,830.00,1541.0,926.00,832.00,373.50,790.00
05Jun2025  0800,1563.5,1010.0,637.00,1690.0,1350.0,830.00,1541.0,926.00,832.00,373.50,790.00
06Jun2025  0800,1563.5,1010.0,637.00,1690.0,1350.0,830.00,1541.0,926.00,832.00,373.50,790.00
07Jun2025  0800,1563.5,1010.0,637.00,1690.0,1350.0,830.00,1541.0,926.00,832.00,373.50,790.00
08Jun2025  0800,1563.5,1010.0,637.00,1690.0,1350.0,830.00,1541.0,926.00,832.00,373.50,790.00
09Jun2025  0800,1563.5,1010.0,637.00,1690.0,1350.0,830.00,1541.0,926.00,832.00,373.50,790.00
10Jun2025  0800,1563.5,1010.0,637.00,1690.0,1350.0,830.00,1541.0,926.00,832.00,373.50,790.00
11Jun2025  0800,1563.5,1010.0,637.00,1690.0,1350.0,830.00,1541.0,926.00,832.00,373.50,790.00
12Jun2025  0800,1563.5,1010.0,637.00,1690.0,1350.0,830.00,1541.0,926.00,832.00,373.50,790.00
13Jun2025  0800,1563.5,1010.0,637.00,1690.0,1350.0,830.00,1541.0,926.00,832.00,373.50,790.00
14Jun2025  0800,1563.5,1010.0,637.00,1690.0,1350.0,830.00,1541.0,926.00,832.00,373.50,790.00
15Jun2025  0800,1563.5,1010.0,637.00,1690.0,1350.0,830.00,1541.0,926.00,832.00,373.50,790.00
16Jun2025  0800,1563.5,1010.0,637.00,1690.0,1350.0,830.00,1541.0,926.00,832.00,373.50,790.00
17Jun2025  0800,1563.5,1010.0,637.00,1690.0,1350.0,830.00,1541.0,926.00,832.00,373.50,790.00
18Jun2025  0800,1563.5,1010.0,637.00,1690.0,1350.0,830.00,1541.0,926.00,832.00,373.50,790.00
19Jun2025  0800,1563.5,1010.0,637.00,1690.0,1350.0,830.00,1541.0,926.00,832.00,373.50,790.00
20Jun2025  0800,1563.5,1010.0,637.00,1690.0,1350.0,830.00,1541.0,926.00,832.00,373.50,790.00
21Jun2025  0800,1563.5,1010.0,637.00,1690.0,1350.0,830.00,1541.0,926.00,832.00,373.50,790.00
22Jun2025  0800,1563.5,1010.0,637.00,1690.0,1350.0,830.00,1541.0,926.00,832.00,373.50,790.00
23Jun2025  0800,1563.5,1010.0,637.00,1690.0,1350.0,830.00,1541.0,926.00,832.00,373.50,790.00
24Jun2025  0800,1563.5,1010.0,637.00,1690.0,1350.0,830.00,1541.0,926.00,832.00,373.50,790.00
25Jun2025  0800,1563.5,1010.0,637.00,1690.0,1350.0,830.00,1541.0,926.00,832.00,373.50,790.00
26Jun2025  0800,1563.5,1010.0,637.00,1690.0,1350.0,830.00,1541.0,926.00,832.00,373.50,790.00
27Jun2025  0800,1563.5,1010.0,637.00,1690.0,1350.0,830.00,1541.0,926.00,832.00,373.50,790.00
28Jun2025  0800,1563.5,1010.0,637.00,1690.0,1350.0,830.00,1541.0,926.00,832.00,373.50,790.00
29Jun2025  0800,1563.5,1010.0,637.00,1690.0,1350.0,830.00,1541.0,926.00,832.00,373.50,790.00
30Jun2025  0800,1563.5,1010.0,637.00,1690.0,1350.0,830.00,1541.0,926.00,832.00,373.50,790.00
01Jul2025  0800,1563.5,1010.0,637.00,1690.0,1350.0,830.00,1541.0,926.00,832.00,373.50,790.00
02Jul2025  0800,1563.5,1010.0,637.00,1690.0,1350.0,830.00,1541.0,926.00,832.00,373.50,790.00
03Jul2025  0800,1563.5,1010.0,637.00,1690.0,1350.0,830.00,1541.0,926.00,832.00,373.50,790.00
04Jul2025  0800,1563.5,1010.0,637.00,1690.0,1350.0,830.00,1541.0,926.00,832.00,373.50,790.00
05Jul2025  0800,1563.5,1010.0,637.00,1690.0,1350.0,830.00,1541.0,926.00,832.00,373.50,790.00
06Jul2025  0800,1563.5,1010.0,637.00,1690.0,1350.0,830.00,1541.0,926.00,832.00,373.50,790.00
07Jul2025  0800,1563.5,1010.0,637.00,1690.0,1350.0,830.00,1541.0,926.00,832.00,373.50,790.00
08Jul2025  0800,1563.5,1010.0,637.00,1690.0,1350.0,830.00,1541.0,926.00,832.00,373.50,790.00
09Jul2025  0800,1563.5,1010.0,637.00,1690.0,1350.0,830.00,1541.0,926.00,832.00,373.50,790.00
10Jul2025  0800,1563.5,1010.0,637.00,1690.0,1350.0,830.00,1541.0,926.00,832.00,373.50,790.00
11Jul2025  0800,1563.5,1010.0,637.00,1690.0,1350.0,830.00,1541.0,926.00,832.00,373.50,790.00
12Jul2025  0800,1563.5,1010.0,637.00,1690.0,1350.0,830.00,1541.0,926.00,832.00,373.50,790.00
13Jul2025  0800,1563.5,1010.0,637.00,1690.0,1350.0,830.00,1541.0,926.00,832.00,373.50,790.00
14Jul2025  0800,1563.5,1010.0,637.00,1690.0,1350.0,830.00,1541.0,926.00,832.00,373.50,790.00
15Jul2025  0800,1563.5,1010.0,637.00,1690.0,1350.0,830.00,1541.0,926.00,832.00,373.50,790.00
16Jul2025  0800,1563.5,1010.0,637.00,1690.0,1350.0,830.00,1541.0,926.00,832.00,373.50,790.00
17Jul2025  0800,1563.5,1010.0,637.00,1690.0,1350.0,830.00,1541.0,926.00,832.00,373.50,790.00
18Jul2025  0800,1563.5,1010.0,637.00,1690.0,1350.0,830.00,1541.0,926.00,832.00,373.50,790.00
19Jul2025  0800,1563.5,1010.0,637.00,1690.0,1350.0,830.00,1541.0,926.00,832.00,373.50,790.00
20Jul2025  0800,1563.5,1010.0,637.00,1690.0,1350.0,830.00,1541.0,926.00,832.00,373.50,790.00
21Jul2025  0800,1563.5,1010.0,637.00,1690.0,1350.0,830.00,1541.0,926.00,832.00,373.50,790.00
22Jul2025  0800,1563.5,1010.0,637.00,1690.0,1350.0,830.00,1541.0,926.00,832.00,373.50,790.00
23Jul2025  0800,1563.5,1010.0,637.00,1690.0,1350.0,830.00,1541.0,926.00,832.00,373.50,790.00
24Jul2025  0800,1563.5,1010.0,637.00,1690.0,1350.0,830.00,1541.0,926.00,832.00,373.50,790.00
25Jul2025  0800,1563.5,1010.0,637.00,1690.0,1350.0,830.00,1541.0,926.00,832.00,373.50,790.00
26Jul2025  0800,1563.5,1010.0,637.00,1690.0,1350.0,830.00,1541.0,926.00,832.00,373.50,790.00
27Jul2025  0800,1563.5,1010.0,637.00,1690.0,1350.0,830.00,1541.0,926.00,832.00,373.50,790.00
28Jul2025  0800,1563.5,1010.0,637.00,1690.0,1350.0,830.00,1541.0,926.00,832.00,373.50,790.00
29Jul2025  0800,1563.5,1010.0,637.00,1690.0,1350.0,830.00,1541.0,926.00,832.00,373.50,790.00
30Jul2025  0800,1563.5,1010.0,637.00,1690.0,1350.0,830.00,1541.0,926.00,832.00,373.50,790.00
31Jul2025  0800,1563.5,1010.0,637.00,1690.0,1350.0,830.00,1541.0,926.00,832.00,373.50,790.00
01Aug2025  0800,1563.5,1010.0,637.00,1690.0,1350.0,830.00,1541.0,926.00,832.00,373.50,790.00
02Aug2025  0800,1563.5,1010.0,637.00,1690.0,1350.0,830.00,1541.0,926.00,832.00,373.50,790.00
03Aug2025  0800,1563.5,1010.0,637.00,1690.0,1350.0,830.00,1541.0,926.00,832.00,373.50,790.00
04Aug2025  0800,1563.5,1010.0,637.00,1690.0,1350.0,830.00,1541.0,926.00,832.00,373.50,790.00
05Aug2025  0800,1563.5,1010.0,637.00,1690.0,1350.0,830.00,1541.0,926.00,832.00,373.50,790.00
06Aug2025  0800,1563.5,1010.0,637.00,1690.0,1350.0,830.00,1541.0,926.00,832.00,373.50,790.00
07Aug2025  0800,1563.5,1010.0,637.00,1690.0,1350.0,830.00,1541.0,926.00,832.00,373.50,790.00
08Aug2025  0800,1563.5,1010.0,637.00,1690.0,1350.0,830.00,1541.0,926.00,832.00,373.50,790.00
09Aug2025  0800,1563.5,1010.0,637.00,1690.0,1350.0,830.00,1541.0,926.00,832.00,373.50,790.00
10Aug2025  0800,1563.5,1010.0,637.00,1690.0,1350.0,830.00,1541.0,926.00,832.00,373.50,790.00
11Aug2025  0800,1563.5,1010.0,637.00,1690.0,1350.0,830.00,1541.0,926.00,832.00,373.50,790.00
12Aug2025  0800,1563.5,1010.0,637.00,1690.0,1350.0,830.00,1541.0,926.00,832.00,373.50,790.00
13Aug2025  0800,1563.5,1010.0,637.00,1690.0,1350.0,830.00,1541.0,926.00,832.00,373.50,790.00
14Aug2025  0800,1563.5,1010.0,637.00,1690.0,1350.0,830.00,1541.0,926.00,832.00,373.50,790.00
15Aug2025  0800,1563.5,1010.0,637.00,1690.0,1350.0,830.00,1541.0,926.00,832.00,373.50,790.00
16Aug2025  0800,1563.5,1010.0,637.00,1690.0,1350.0,830.00,1541.0,926.00,832.00,373.50,790.00
17Aug2025  0800,1563.5,1010.0,637.00,1690.0,1350.0,830.00,1541.0,926.00,832.00,373.50,790.00
18Aug2025  0800,1563.5,1010.0,637.00,1690.0,1350.0,830.00,1541.0,926.00,832.00,373.50,790.00
19Aug2025  0800,1563.5,1010.0,637.00,1690.0,1350.0,830.00,1541.0,926.00,832.00,373.50,790.00
20Aug2025  0800,1563.5,1010.0,637.00,1690.0,1350.0,830.00,1541.0,926.00,832.00,373.50,790.00
21Aug2025  0800,1563.5,1010.0,637.00,1690.0,1350.0,830.00,1541.0,926.00,832.00,373.50,790.00
22Aug2025  0800,1563.5,1010.0,637.00,1690.0,1350.0,830.00,1541.0,926.00,832.00,373.50,790.00
23Aug2025  0800,1563.5,1010.0,637.00,1690.0,1350.0,830.00,1541.0,926.00,832.00,373.50,790.00
24Aug2025  0800,1563.5,1010.0,637.00,1690.0,1350.0,830.00,1541.0,926.00,832.00,373.50,790.00
25Aug2025  0800,1563.5,1010.0,637.00,1690.0,1350.0,830.00,1541.0,926.00,832.00,373.50,790.00
26Aug2025  0800,1563.5,1010.0,637.00,1690.0,1350.0,830.00,1541.0,926.00,832.00,373.50,790.00
27Aug2025  0800,1563.5,1010.0,637.00,1690.0,1350.0,830.00,1541.0,926.00,832.00,373.50,790.00
28Aug2025  0800,1563.5,1010.0,637.00,1690.0,1350.0,830.00,1541.0,926.00,832.00,373.50,790.00
29Aug2025  0800,1563.5,1010.0,637.00,1690.0,1350.0,830.00,1541.0,926.00,832.00,373.50,790.00
30Aug2025  0800,1563.5,1010.0,637.00,1690.0,1350.0,830.00,1541.0,926.00,832.00,373.50,790.00
31Aug2025  0800,1563.5,1010.0,637.00,1690.0,1350.0,830.00,1541.0,926.00,832.00,373.50,790.00
01Sep2025  0800,1563.5,1010.0,637.00,1690.0,1350.0,830.00,1541.0,926.00,832.00,373.50,790.00
02Sep2025  0800,1562.7,1009.3,637.00,1688.7,1348.8,829.21,1540.3,925.23,831.41,373.50,789.58
03Sep2025  0800,1561.9,1008.7,637.00,1687.5,1347.7,828.41,1539.5,924.46,830.82,373.50,789.16
04Sep2025  0800,1561.1,1008.0,637.00,1686.2,1346.7,827.61,1538.8,923.69,830.22,373.50,788.74
05Sep2025  0800,1560.3,1007.4,637.00,1685.0,1345.5,826.80,1538.1,922.92,829.63,373.50,788.31
06Sep2025  0800,1559.4,1006.8,637.00,1683.7,1344.4,825.99,1537.3,922.14,829.04,373.50,787.89
07Sep2025  0800,1558.6,1006.1,637.00,1682.4,1343.2,825.18,1536.6,921.36,828.42,373.50,787.45
08Sep2025  0800,1557.8,1005.5,637.00,1681.1,1342.0,824.35,1535.9,920.58,827.79,373.50,787.02
09Sep2025  0800,1556.9,1004.8,637.00,1679.9,1340.9,823.53,1535.2,919.79,827.16,373.50,786.58
10Sep2025  0800,1556.1,1004.1,637.00,1678.5,1339.7,822.69,1534.4,919.00,826.51,373.50,786.13
11Sep2025  0800,1555.3,1003.5,637.00,1677.2,1338.5,821.85,1533.7,918.21,825.84,373.50,785.69
12Sep2025  0800,1554.4,1002.8,637.00,1675.9,1337.3,821.01,1533.0,917.41,825.17,373.50,785.23
13Sep2025  0800,1553.5,1002.2,637.00,1674.6,1336.2,820.15,1532.2,916.62,824.51,373.50,784.78
14Sep2025  0800,1552.7,1001.5,637.00,1673.3,1334.9,819.30,1531.5,915.82,823.84,373.50,784.32
15Sep2025  0800,1551.8,1000.8,637.00,1671.9,1333.7,818.43,1530.8,915.01,823.18,373.50,783.86
16Sep2025  0800,1550.9,1000.2,637.00,1670.6,1332.5,817.56,1530.0,914.21,822.48,373.50,783.39
17Sep2025  0800,1550.1,999.5,637.00,1669.3,1331.3,816.68,1529.3,913.40,821.77,373.50,782.92
18Sep2025  0800,1549.2,998.8,637.00,1667.9,1330.0,815.79,1528.6,912.59,821.06,373.50,782.44
19Sep2025  0800,1548.3,998.1,637.00,1666.5,1328.7,814.90,1527.9,911.78,820.30,373.50,781.96
20Sep2025  0800,1547.4,997.5,637.00,1665.2,1327.5,813.99,1527.1,910.96,819.54,373.50,781.47
21Sep2025  0800,1546.5,996.8,637.00,1663.8,1326.2,813.08,1526.4,910.14,818.78,373.31,780.98
22Sep2025  0800,1545.6,996.1,637.00,1662.4,1324.9,812.16,1525.7,909.32,818.02,373.11,780.49
23Sep2025  0800,1544.6,995.4,637.00,1661.1,1323.6,811.23,1525.1,908.49,817.26,372.91,779.99
24Sep2025  0800,1543.7,994.7,637.00,1659.7,1322.2,810.29,1524.2,907.66,816.49,372.72,779.48
25Sep2025  0800,1542.8,994.0,637.00,1658.2,1320.9,809.33,1523.4,906.83,815.71,372.52,778.97
26Sep2025  0800,1541.9,993.3,637.00,1656.9,1319.5,808.37,1522.7,906.00,814.89,372.32,778.45
27Sep2025  0800,1540.9,992.7,637.00,1655.4,1318.2,807.39,1522.0,905.16,814.07,372.11,777.92
28Sep2025  0800,1540.0,992.0,637.00,1654.0,1316.8,806.40,1521.2,904.31,813.19,371.91,777.39
29Sep2025  0800,1539.0,991.3,637.00,1652.6,1315.4,805.40,1520.5,903.47,812.36,371.70,776.85
30Sep2025  0800,1538.1,990.6,637.00,1651.1,1313.9,804.39,1519.8,902.62,811.50,371.50,776.30
01Oct2025  0800,1537.1,989.9,637.00,1649.7,1312.6,803.37,1519.0,901.76,810.61,371.29,775.74
02Oct2025  0800,1536.1,989.1,636.55,1648.2,1311.1,802.33,1518.2,900.91,809.72,371.08,775.18
03Oct2025  0800,1535.1,988.4,636.10,1646.7,1309.6,801.28,1517.4,900.04,808.82,370.86,774.61
04Oct2025  0800,1534.2,987.7,635.65,1645.3,1308.1,800.22,1516.6,899.18,807.86,370.65,774.03
05Oct2025  0800,1533.2,987.0,635.20,1643.8,1306.9,799.14,1515.8,898.31,806.97,370.44,773.43
06Oct2025  0800,1532.2,986.3,634.73,1642.3,1305.2,798.05,1515.0,897.43,806.00,370.22,772.83
07Oct2025  0800,1531.2,985.6,634.24,1640.8,1303.6,796.95,1514.2,896.55,805.04,370.00,772.22
08Oct2025  0800,1530.2,984.9,633.77,1639.3,1302.1,795.83,1513.4,895.67,804.07,369.78,771.59
09Oct2025  0800,1529.1,984.1,633.32,1637.7,1300.5,794.70,1512.5,894.78,803.01,369.55,770.95
10Oct2025  0800,1528.1,983.4,632.86,1636.1,1298.9,793.54,1511.7,893.89,802.04,369.33,770.30
11Oct2025  0800,1527.1,982.7,632.37,1634.6,1297.2,792.37,1510.9,893.00,800.98,369.10,769.63
12Oct2025  0800,1526.0,981.9,631.88,1633.0,1295.6,791.19,1510.1,892.10,799.91,368.87,768.96
13Oct2025  0800,1525.0,981.2,631.39,1631.5,1293.9,789.98,1509.3,891.19,798.85,368.64,768.26
14Oct2025  0800,1524.0,980.5,630.90,1629.9,1292.2,788.76,1508.5,890.29,797.76,368.41,767.55
15Oct2025  0800,1522.9,979.7,630.41,1628.3,1290.4,787.52,1507.7,889.37,796.57,368.16,766.83
16Oct2025  0800,1521.8,979.0,629.92,1626.7,1288.6,786.25,1506.9,888.46,795.39,367.92,766.09
17Oct2025  0800,1520.8,978.2,629.43,1625.1,1286.7,784.96,1506.1,887.54,794.20,367.67,765.34
18Oct2025  0800,1519.7,977.5,628.94,1623.4,1284.8,783.64,1505.3,886.61,793.02,367.41,764.57
19Oct2025  0800,1518.6,976.7,628.45,1621.8,1282.9,782.30,1504.4,885.69,791.69,367.15,763.78
20Oct2025  0800,1517.5,976.0,627.96,1620.1,1280.8,780.93,1503.6,884.75,790.36,366.88,762.97
21Oct2025  0800,1516.4,975.2,627.47,1618.4,1278.9,779.53,1502.8,883.81,789.03,366.61,762.14
22Oct2025  0800,1515.3,974.4,626.98,1616.7,1276.6,778.10,1502.0,882.87,787.65,366.33,761.28
23Oct2025  0800,1514.2,973.7,626.44,1615.1,1274.6,776.65,1501.2,881.91,786.13,366.04,760.40
24Oct2025  0800,1513.0,972.9,625.91,1613.4,1272.3,775.16,1500.4,880.95,784.61,365.75,759.49
25Oct2025  0800,1511.9,972.2,625.42,1611.6,1270.0,773.64,1499.5,879.98,783.08,365.45,758.54
26Oct2025  0800,1510.8,971.4,624.92,1609.9,1267.5,772.09,1498.6,879.00,781.49,365.14,757.55
27Oct2025  0800,1509.6,970.6,624.38,1608.1,1265.1,770.50,1497.7,878.01,779.88,364.82,756.49
28Oct2025  0800,1508.5,969.8,623.84,1606.4,1262.5,768.88,1496.8,877.02,778.10,364.49,755.37
29Oct2025  0800,1507.3,969.0,623.30,1604.6,1259.7,767.23,1495.9,876.02,776.33,364.15,754.18
30Oct2025  0800,1506.1,968.3,622.77,1602.8,1256.8,765.55,1495.0,875.00,774.46,363.80,752.90
31Oct2025  0800,1505.0,967.5,622.23,1600.9,1254.0,763.82,1494.1,873.99,772.53,363.43,751.51
01Nov2025  0800,1503.8,966.7,621.69,1599.1,1250.8,762.06,1493.2,872.96,770.50,363.05,750.00
02Nov2025  0800,1502.6,965.9,621.15,1597.2,1247.7,760.24,1492.3,871.92,770.50,362.65,750.00
03Nov2025  0800,1501.4,965.1,620.57,1595.4,1244.3,758.38,1491.4,870.88,770.50,362.22,750.00
04Nov2025  0800,1500.1,964.3,619.97,1593.5,1240.8,756.47,1490.5,869.83,770.50,361.79,750.00
05Nov2025  0800,1498.9,963.5,619.43,1591.6,1237.4,754.50,1489.6,868.77,770.50,361.33,750.00
06Nov2025  0800,1497.7,962.7,618.88,1589.6,1233.6,752.48,1488.7,867.71,770.50,360.86,750.00
07Nov2025  0800,1496.4,961.9,618.28,1587.7,1229.4,750.40,1487.8,866.63,770.50,360.36,750.00
08Nov2025  0800,1495.2,961.0,617.71,1585.6,1225.3,748.26,1486.9,865.55,770.50,359.83,750.00
09Nov2025  0800,1493.9,960.2,617.17,1583.6,1220.9,746.05,1486.0,864.46,770.50,359.26,750.00
10Nov2025  0800,1492.6,959.4,616.59,1581.6,1216.1,743.76,1485.1,863.36,770.50,358.66,750.00
11Nov2025  0800,1491.4,958.6,616.00,1579.6,1211.4,741.41,1484.2,862.25,770.50,358.00,750.00
12Nov2025  0800,1490.1,957.7,615.40,1577.5,1206.2,738.99,1483.3,861.13,770.50,357.27,750.00
13Nov2025  0800,1488.8,956.9,614.80,1575.5,1200.6,736.46,1482.4,860.00,770.50,356.47,750.00
14Nov2025  0800,1487.4,956.0,614.20,1573.3,1194.4,733.80,1481.5,858.86,770.50,355.55,750.00
15Nov2025  0800,1486.1,955.2,613.60,1571.2,1187.7,730.99,1480.6,857.71,770.50,354.44,750.00
16Nov2025  0800,1484.8,954.3,613.00,1568.9,1180.0,728.00,1479.6,856.54,770.50,353.00,750.00
17Nov2025  0800,1482.7,952.4,613.00,1566.7,1180.0,728.00,1477.5,854.69,770.50,353.00,750.00
18Nov2025  0800,1480.6,950.5,613.00,1564.5,1180.0,728.00,1475.4,852.81,770.50,353.00,750.00
19Nov2025  0800,1478.5,948.5,613.00,1562.2,1180.0,728.00,1473.3,850.90,770.50,353.00,750.00
20Nov2025  0800,1476.3,946.5,613.00,1559.9,1180.0,728.00,1471.2,848.96,770.50,353.00,750.00
21Nov2025  0800,1474.1,944.4,613.00,1557.6,1180.0,728.00,1469.1,846.98,770.50,353.00,750.00
22Nov2025  0800,1471.9,942.4,613.00,1555.3,1180.0,728.00,1467.0,844.98,770.50,353.00,750.00
23Nov2025  0800,1469.6,940.3,613.00,1552.8,1180.0,728.00,1464.9,842.94,770.50,353.00,750.00
24Nov2025  0800,1467.3,938.1,613.00,1550.4,1180.0,728.00,1462.8,840.86,770.50,353.00,750.00
25Nov2025  0800,1465.0,936.0,613.00,1547.9,1180.0,728.00,1460.6,838.73,770.50,353.00,750.00
26Nov2025  0800,1462.6,933.8,613.00,1545.4,1180.0,728.00,1458.5,836.57,770.50,353.00,750.00
27Nov2025  0800,1460.2,931.5,613.00,1542.9,1180.0,728.00,1456.5,834.36,770.50,353.00,750.00
28Nov2025  0800,1457.7,929.2,613.00,1540.3,1180.0,728.00,1454.3,832.10,770.50,353.00,750.00
29Nov2025  0800,1455.2,926.9,613.00,1537.5,1180.0,728.00,1452.2,829.80,770.50,353.00,750.00
30Nov2025  0800,1452.6,924.5,613.00,1534.8,1180.0,728.00,1450.1,827.45,770.50,353.00,750.00
01Dec2025  0800,1450.0,922.0,613.00,1532.0,1180.0,728.00,1448.0,825.00,770.50,353.00,750.00
02Dec2025  0800,1450.0,922.0,613.00,1532.0,1180.0,728.00,1448.0,825.00,770.50,353.00,750.00
03Dec2025  0800,1450.0,922.0,613.00,1532.0,1180.0,728.00,1448.0,825.00,770.50,353.00,750.00
04Dec2025  0800,1450.0,922.0,613.00,1532.0,1180.0,728.00,1448.0,825.00,770.50,353.00,750.00
05Dec2025  0800,1450.0,922.0,613.00,1532.0,1180.0,728.00,1448.0,825.00,770.50,353.00,750.00
06Dec2025  0800,1450.0,922.0,613.00,1532.0,1180.0,728.00,1448.0,825.00,770.50,353.00,750.00
07Dec2025  0800,1450.0,922.0,613.00,1532.0,1180.0,728.00,1448.0,825.00,770.50,353.00,750.00
08Dec2025  0800,1450.0,922.0,613.00,1532.0,1180.0,728.00,1448.0,825.00,770.50,353.00,750.00
09Dec2025  0800,1450.0,922.0,613.00,1532.0,1180.0,728.00,1448.0,825.00,770.50,353.00,750.00
10Dec2025  0800,1450.0,922.0,613.00,1532.0,1180.0,728.00,1448.0,825.00,770.50,353.00,750.00
11Dec2025  0800,1450.0,922.0,613.00,1532.0,1180.0,728.00,1448.0,825.00,770.50,353.00,750.00
12Dec2025  0800,1450.0,922.0,613.00,1532.0,1180.0,728.00,1448.0,825.00,770.50,353.00,750.00
13Dec2025  0800,1450.0,922.0,613.00,1532.0,1180.0,728.00,1448.0,825.00,770.50,353.00,750.00
14Dec2025  0800,1450.0,922.0,613.00,1532.0,1180.0,728.00,1448.0,825.00,770.50,353.00,750.00
15Dec2025  0800,1450.0,922.0,613.00,1532.0,1180.0,728.00,1448.0,825.00,770.50,353.00,750.00
16Dec2025  0800,1450.0,922.0,613.00,1532.0,1180.0,728.00,1448.0,825.00,770.50,353.00,750.00
17Dec2025  0800,1450.0,922.0,613.00,1532.0,1180.0,728.00,1448.0,825.00,770.50,353.00,750.00
18Dec2025  0800,1450.0,922.0,613.00,1532.0,1180.0,728.00,1448.0,825.00,770.50,353.00,750.00
19Dec2025  0800,1450.0,922.0,613.00,1532.0,1180.0,728.00,1448.0,825.00,770.50,353.00,750.00
20Dec2025  0800,1450.0,922.0,613.00,1532.0,1180.0,728.00,1448.0,825.00,770.50,353.00,750.00
21Dec2025  0800,1450.0,922.0,613.00,1532.0,1180.0,728.00,1448.0,825.00,770.50,353.00,750.00
22Dec2025  0800,1450.0,922.0,613.00,1532.0,1180.0,728.00,1448.0,825.00,770.50,353.00,750.00
23Dec2025  0800,1450.0,922.0,613.00,1532.0,1180.0,728.00,1448.0,825.00,770.50,353.00,750.00
24Dec2025  0800,1450.0,922.0,613.00,1532.0,1180.0,728.00,1448.0,825.00,770.50,353.00,750.00
25Dec2025  0800,1450.0,922.0,613.00,1532.0,1180.0,728.00,1448.0,825.00,770.50,353.00,750.00
26Dec2025  0800,1450.0,922.0,613.00,1532.0,1180.0,728.00,1448.0,825.00,770.50,353.00,750.00
27Dec2025  0800,1450.0,922.0,613.00,1532.0,1180.0,728.00,1448.0,825.00,770.50,353.00,750.00
28Dec2025  0800,1450.0,922.0,613.00,1532.0,1180.0,728.00,1448.0,825.00,770.50,353.00,750.00
29Dec2025  0800,1450.0,922.0,613.00,1532.0,1180.0,728.00,1448.0,825.00,770.50,353.00,750.00
30Dec2025  0800,1450.0,922.0,613.00,1532.0,1180.0,728.00,1448.0,825.00,770.50,353.00,750.00
31Dec2025  0800,1450.0,922.0,613.00,1532.0,1180.0,728.00,1448.0,825.00,770.50,353.00,750.00
