reservoir,released_at,days_with_requirement,mean_required_cfs,days_short,short_max_limit_below,short_unexplained,shortfall_af,min_limit_below_required_days,rule_attached,other_rule,other_rule_matches_config_pct,rule_matches_config_pct
Blue River,Blue River,881,73.7,144,54,90,13874.0,204,no,Blue River-Dam-BiOp MinTrib and Withdrawals by WY Flow-MIN,61.7,
Cottage Grove,Cottage Grove,881,69.8,245,224,21,8565.0,285,no,Cottage Grove-Dam-BiOp MinTrib and Withdrawals by WY Flow-MIN,61.7,
Cougar,Cougar,881,348.0,308,308,0,52955.0,328,no,Cougar-Dam-BiOp MinTrib and Withdrawals by WY Flow-MIN,61.7,
Detroit,Detroit,881,1357.3,6,6,0,12496.0,6,yes,,,100.0
Dorena,Dorena,881,160.8,177,129,48,14221.0,233,no,Dorena-Dam-BiOp MinTrib and Withdrawals by WY Flow-MIN,61.7,
Fall Creek,Fall Creek,881,107.1,162,159,3,14194.0,337,no,Fall Creek-Dam-BiOp MinTrib and Withdrawals by WY Flow-MIN,61.7,
Fern Ridge,Fern Ridge,881,77.9,305,288,17,53448.0,306,no,Fern Ridge-Dam-BiOp MinTrib and Withdrawals by WY Flow-MIN,61.7,
Green Peter,Foster,881,1216.8,51,0,51,9807.0,n/a (via Foster),yes,,,n/a (via Foster)
Hills Creek,Hills Creek,881,454.6,152,152,0,34361.0,170,no,Hills Creek-Dam-BiOp MinTrib and Withdrawals by WY Flow-MIN,61.7,
Lookout Point,Lookout Point,881,1290.9,139,139,0,39083.0,140,no,Lookout Point-Dam-BiOp MinTrib and Withdrawals by WY Flow-MIN,61.7,
